-- --------------------------------------------------------
-- Host:                         127.0.0.1
-- Versi server:                 8.0.30 - MySQL Community Server - GPL
-- OS Server:                    Win64
-- HeidiSQL Versi:               12.1.0.6537
-- --------------------------------------------------------

/*!40101 SET @OLD_CHARACTER_SET_CLIENT=@@CHARACTER_SET_CLIENT */;
/*!40101 SET NAMES utf8 */;
/*!50503 SET NAMES utf8mb4 */;
/*!40103 SET @OLD_TIME_ZONE=@@TIME_ZONE */;
/*!40103 SET TIME_ZONE='+00:00' */;
/*!40014 SET @OLD_FOREIGN_KEY_CHECKS=@@FOREIGN_KEY_CHECKS, FOREIGN_KEY_CHECKS=0 */;
/*!40101 SET @OLD_SQL_MODE=@@SQL_MODE, SQL_MODE='NO_AUTO_VALUE_ON_ZERO' */;
/*!40111 SET @OLD_SQL_NOTES=@@SQL_NOTES, SQL_NOTES=0 */;


-- membuang struktur untuk table sikopdit.akun
CREATE TABLE IF NOT EXISTS `akun` (
  `id` int unsigned NOT NULL AUTO_INCREMENT,
  `kode_akun` varchar(10) COLLATE utf8mb4_general_ci NOT NULL,
  `nama_akun` varchar(50) COLLATE utf8mb4_general_ci NOT NULL,
  `kategori` varchar(50) COLLATE utf8mb4_general_ci NOT NULL,
  `jenis` enum('Debit','Kredit') COLLATE utf8mb4_general_ci NOT NULL,
  `saldo_awal` decimal(15,2) NOT NULL DEFAULT '0.00',
  `created_at` timestamp NULL DEFAULT CURRENT_TIMESTAMP,
  `updated_at` timestamp NULL DEFAULT NULL ON UPDATE CURRENT_TIMESTAMP,
  PRIMARY KEY (`id`),
  UNIQUE KEY `kode_akun` (`kode_akun`)
) ENGINE=InnoDB AUTO_INCREMENT=189 DEFAULT CHARSET=utf8mb4 COLLATE=utf8mb4_general_ci;

-- Membuang data untuk tabel sikopdit.akun: ~188 rows (lebih kurang)
INSERT INTO `akun` (`id`, `kode_akun`, `nama_akun`, `kategori`, `jenis`, `saldo_awal`, `created_at`, `updated_at`) VALUES
	(1, 'AUTO086', 'Kas', 'ASSET', 'Debit', 221262355.00, '2025-06-27 09:05:47', '2025-06-27 09:05:47'),
	(2, 'AUTO087', 'Simpanan di Bank', 'ASSET', 'Debit', 296712945.00, '2025-06-27 09:05:47', '2025-06-27 09:05:47'),
	(3, 'AUTO003', 'Simpanan Deposito', 'ASSET', 'Debit', 350000000.00, '2025-06-27 09:05:47', '2025-06-27 09:05:47'),
	(4, 'AST001', 'Akumulasi Penyusutan Inventaris Komputer', 'ASSET', 'Kredit', 0.00, '2025-06-27 09:05:47', '2025-06-27 09:05:47'),
	(5, 'AST002', 'Akumulasi Penyusutan Inventaris Mebel', 'ASSET', 'Kredit', 0.00, '2025-06-27 09:05:47', '2025-06-27 09:05:47'),
	(6, 'AST003', 'Akumulasi Penyusutan Inventaris Gedung', 'ASSET', 'Kredit', 0.00, '2025-06-27 09:05:47', '2025-06-27 09:05:47'),
	(7, 'AST004', 'Akumulasi Penyusutan Inventaris Kendaraan', 'ASSET', 'Kredit', 0.00, '2025-06-27 09:05:47', '2025-06-27 09:05:47'),
	(8, 'AST005', 'Akumulasi Penyusutan Tertangguh', 'ASSET', 'Kredit', 0.00, '2025-06-27 09:05:47', '2025-06-27 09:05:47'),
	(9, 'TAR001', 'Tarik Dana dari Bank', 'ASSET', 'Debit', 0.00, '2025-06-27 09:05:47', '2025-06-27 09:05:47'),
	(10, 'UAN001', 'Uang Pangkal', 'ASSET', 'Debit', 0.00, '2025-06-27 09:05:47', '2025-06-27 09:05:47'),
	(11, 'MOD001', 'Modal Tetap', 'ASSET', 'Debit', 0.00, '2025-06-27 09:05:47', '2025-06-27 09:05:47'),
	(12, 'DUK005', 'Inventaris Bangunan/Gedung', 'ASSET', 'Debit', 0.00, '2025-06-27 09:05:47', '2025-06-27 09:05:47'),
	(13, 'DUK013', 'Pembelian Inventaris Mebel', 'ASSET', 'Debit', 57065100.00, '2025-06-27 09:05:47', '2025-06-27 09:05:47'),
	(14, 'DUK014', 'Pembelian Inventaris Gedung', 'ASSET', 'Debit', 206759500.00, '2025-06-27 09:05:47', '2025-06-27 09:05:47'),
	(15, 'DUK015', 'Pembelian Inventaris Komputer', 'ASSET', 'Debit', 29270000.00, '2025-06-27 09:05:47', '2025-06-27 09:05:47'),
	(16, 'DUK016', 'Pembelian Inventaris Kendaraan', 'ASSET', 'Debit', 6500000.00, '2025-06-27 09:05:47', '2025-06-27 09:05:47'),
	(17, 'PI001', 'Piutang Biasa', 'ASSET', 'Debit', 3062648900.00, '2025-06-27 09:05:47', '2025-06-27 09:05:47'),
	(18, 'PI002', 'Piutang Khusus', 'ASSET', 'Debit', 0.00, '2025-06-27 09:05:47', '2025-06-27 09:05:47'),
	(19, 'PI003', 'Piutang Ragu-ragu', 'ASSET', 'Debit', 0.00, '2025-06-27 09:05:47', '2025-06-27 09:05:47'),
	(20, 'PI004', 'Penyusutan Piutang Ragu-ragu', 'ASSET', 'Debit', 0.00, '2025-06-27 09:05:47', '2025-06-27 09:05:47'),
	(21, 'SI001', 'Simpanan di BK3D', 'ASSET', 'Debit', 1282350.00, '2025-06-27 09:05:47', '2025-06-27 09:05:47'),
	(22, 'INV001', 'Investasi', 'ASSET', 'Debit', 6800000.00, '2025-06-27 09:05:47', '2025-06-27 09:05:47'),
	(23, 'SD001', 'Serta Data', 'ASSET', 'Debit', 135000.00, '2025-06-27 09:05:47', '2025-06-27 09:05:47'),
	(24, 'PIN001', 'Angsuran Pinjaman', 'KEWAJIBAN', 'Debit', 0.00, '2025-06-27 09:05:47', '2025-06-27 09:05:47'),
	(25, 'CAP001', 'CAP (Cadangan Aktiva Produktif)', 'MODAL', 'Kredit', 43700000.00, '2025-06-27 09:05:47', '2025-06-27 09:05:47'),
	(26, 'PND001', 'Denda', 'PENDAPATAN', 'Kredit', 0.00, '2025-06-27 09:05:47', '2025-06-27 09:05:47'),
	(27, 'FEE001', 'Fee (Anggota Keluar)', 'PENDAPATAN', 'Kredit', 0.00, '2025-06-27 09:05:47', '2025-06-27 09:05:47'),
	(28, 'PND002', 'Fee Persentase (Profisi) 1%', 'PENDAPATAN', 'Kredit', 0.00, '2025-06-27 09:05:47', '2025-06-27 09:05:47'),
	(29, 'PND003', 'Pendapatan Jasa Pinjaman', 'PENDAPATAN', 'Kredit', 0.00, '2025-06-27 09:05:47', '2025-06-27 09:05:47'),
	(30, 'PND008', 'Jasa Piutang', 'PENDAPATAN', 'Kredit', 0.00, '2025-06-27 09:05:47', '2025-06-27 09:05:47'),
	(31, 'DAC002', 'Penyisihan Dana Pemilihan Pengurus', 'MODAL', 'Kredit', 0.00, '2025-06-27 09:05:47', '2025-06-27 09:05:47'),
	(32, 'PIN002', 'Pinjaman dari Bank Pembangunan Daerah (BPD)', 'KEWAJIBAN', 'Kredit', 0.00, '2025-06-27 09:05:47', '2025-06-27 09:05:47'),
	(33, 'RIS001', 'Risiko (Re) 0,5%', 'BEBAN', 'Debit', 0.00, '2025-06-27 09:05:47', '2025-06-27 09:05:47'),
	(34, 'SIM001', 'Simpanan Non-Saham', 'KEWAJIBAN', 'Kredit', 584981000.00, '2025-06-27 09:05:47', '2025-06-27 09:05:47'),
	(35, 'SIM006', 'Jasa Simpanan Non-Saham', 'KEWAJIBAN', 'Kredit', 102580000.00, '2025-06-27 09:05:47', '2025-06-27 09:05:47'),
	(36, 'SIM002', 'Simpanan Pokok (SP)', 'MODAL', 'Kredit', 10070000.00, '2025-06-27 09:05:47', '2025-06-27 09:05:47'),
	(37, 'SIM003', 'Simpanan Sukarela (SS)', 'KEWAJIBAN', 'Kredit', 1255415307.00, '2025-06-27 09:05:47', '2025-06-27 09:05:47'),
	(38, 'SIM004', 'Simpanan Wajib (SW)', 'MODAL', 'Kredit', 275962645.00, '2025-06-27 09:05:47', '2025-06-27 09:05:47'),
	(39, 'SIM005', 'Simpanan Wajib Pinjam (SWP)', 'MODAL', 'Kredit', 461547125.00, '2025-06-27 09:05:47', '2025-06-27 09:05:47'),
	(40, 'TDP001', 'Titipan Dana Kesejahteraan', 'KEWAJIBAN', 'Kredit', 68551000.00, '2025-06-27 09:05:47', '2025-06-27 09:05:47'),
	(41, 'TDP002', 'Titipan Tunjangan Pesangon Karyawan', 'KEWAJIBAN', 'Kredit', 0.00, '2025-06-27 09:05:47', '2025-06-27 09:05:47'),
	(42, 'TDP003', 'Titipan Dana RAT', 'KEWAJIBAN', 'Kredit', 0.00, '2025-06-27 09:05:47', '2025-06-27 09:05:47'),
	(43, 'TDP004', 'Titipan Dana Pendampingan', 'KEWAJIBAN', 'Kredit', 0.00, '2025-06-27 09:05:47', '2025-06-27 09:05:47'),
	(44, 'TDP005', 'Titipan Penyisihan Pajak SHU', 'KEWAJIBAN', 'Kredit', 0.00, '2025-06-27 09:05:47', '2025-06-27 09:05:47'),
	(45, 'PND004', 'Pendapatan Lain-lain', 'PENDAPATAN', 'Kredit', 0.00, '2025-06-27 09:05:47', '2025-06-27 09:05:47'),
	(46, 'PND005', 'Pendapatan Hibah', 'PENDAPATAN', 'Kredit', 0.00, '2025-06-27 09:05:47', '2025-06-27 09:05:47'),
	(47, 'PND006', 'Pendapatan Jasa Simpanan Bank', 'PENDAPATAN', 'Kredit', 0.00, '2025-06-27 09:05:47', '2025-06-27 09:05:47'),
	(48, 'PND007', 'Pendapatan Jasa Deposito', 'PENDAPATAN', 'Kredit', 0.00, '2025-06-27 09:05:47', '2025-06-27 09:05:47'),
	(49, 'TDP006', 'Titipan Pajak Jasa Non Saham', 'KEWAJIBAN', 'Kredit', 0.00, '2025-06-27 09:05:47', '2025-06-27 09:05:47'),
	(50, 'PND011', 'Tarik Simpanan Deposito', 'PENDAPATAN', 'Kredit', 0.00, '2025-06-27 09:05:47', '2025-06-27 09:05:47'),
	(51, 'PND010', 'Pendapatan dari Tarik Titipan SHU', 'PENDAPATAN', 'Kredit', 0.00, '2025-06-27 09:05:47', '2025-06-27 09:05:47'),
	(52, 'FEE002', 'Fee (BPKB)', 'PENDAPATAN', 'Kredit', 0.00, '2025-06-27 09:05:47', '2025-06-27 09:05:47'),
	(53, 'MOD002', 'Penyisihan Dana Kesehatan', 'MODAL', 'Kredit', 0.00, '2025-06-27 09:05:47', '2025-06-27 09:05:47'),
	(54, 'MOD003', 'Tabungan Hari Tua Karyawan', 'MODAL', 'Kredit', 0.00, '2025-06-27 09:05:47', '2025-06-27 09:05:47'),
	(55, 'KEW001', 'Jaminan PJKR', 'KEWAJIBAN', 'Kredit', 0.00, '2025-06-27 09:05:47', '2025-06-27 09:05:47'),
	(56, 'MOD005', 'Dana PDK', 'MODAL', 'Kredit', 47253351.00, '2025-06-27 09:05:47', '2025-06-27 09:05:47'),
	(57, 'MOD006', 'Dana Sosial', 'MODAL', 'Kredit', 53116276.00, '2025-06-27 09:05:47', '2025-06-27 09:05:47'),
	(58, 'MOD007', 'Simpanan Hasil Usaha', 'MODAL', 'Kredit', 0.00, '2025-06-27 09:05:47', '2025-06-27 09:05:47'),
	(59, 'MOD008', 'Dana Pengelola', 'MODAL', 'Kredit', 0.00, '2025-06-27 09:05:47', '2025-06-27 09:05:47'),
	(60, 'KEW002', 'Titipan Utang Pajak SHU', 'KEWAJIBAN', 'Kredit', 0.00, '2025-06-27 09:05:47', '2025-06-27 09:05:47'),
	(61, 'MOD010', 'Penyisihhan Modal Simpanan Anggota', 'MODAL', 'Kredit', 0.00, '2025-06-27 09:05:47', '2025-06-27 09:05:47'),
	(62, 'AUTO001', 'Pinjaman Anggota', 'LAIN-LAIN', 'Debit', 3062648900.00, '2025-06-27 09:05:47', '2025-06-27 09:05:47'),
	(63, 'AUTO004', 'Angsuran Pinjaman ke BPD', 'LAIN-LAIN', 'Debit', 0.00, '2025-06-27 09:05:47', '2025-06-27 09:05:47'),
	(64, 'AUTO005', 'Tarik Simpanan Pokok (SP)', 'LAIN-LAIN', 'Debit', 0.00, '2025-06-27 09:05:47', '2025-06-27 09:05:47'),
	(65, 'AUTO006', 'Tarik Simpanan Wajib (SW)', 'LAIN-LAIN', 'Debit', 0.00, '2025-06-27 09:05:47', '2025-06-27 09:05:47'),
	(66, 'AUTO007', 'Tarik Simpanan Wajib Pinjam (SWP)', 'LAIN-LAIN', 'Debit', 0.00, '2025-06-27 09:05:47', '2025-06-27 09:05:47'),
	(67, 'AUTO008', 'Tarik Simpanan Sukarela (SS)', 'LAIN-LAIN', 'Debit', 0.00, '2025-06-27 09:05:47', '2025-06-27 09:05:47'),
	(68, 'AUTO009', 'Tarik Simpanan Non-Saham', 'LAIN-LAIN', 'Debit', 0.00, '2025-06-27 09:05:47', '2025-06-27 09:05:47'),
	(69, 'AUTO010', 'Tarik Jasa Simpanan Non-Saham', 'LAIN-LAIN', 'Debit', 0.00, '2025-06-27 09:05:47', '2025-06-27 09:05:47'),
	(70, 'AUTO011', 'Tarik Titip (SP, SW, SWP, SS)', 'LAIN-LAIN', 'Debit', 0.00, '2025-06-27 09:05:47', '2025-06-27 09:05:47'),
	(71, 'AUTO012', 'Tarik Dana Pengurus', 'LAIN-LAIN', 'Debit', 0.00, '2025-06-27 09:05:47', '2025-06-27 09:05:47'),
	(72, 'AUTO089', 'Tarik Dana Pengawas', 'LAIN-LAIN', 'Debit', 0.00, '2025-06-27 09:05:47', '2025-06-27 09:05:47'),
	(73, 'AUTO013', 'Tarik Dana Karyawan', 'LAIN-LAIN', 'Debit', 0.00, '2025-06-27 09:05:47', '2025-06-27 09:05:47'),
	(74, 'AUTO014', 'Tarik Dana Pendidikan', 'LAIN-LAIN', 'Debit', 0.00, '2025-06-27 09:05:47', '2025-06-27 09:05:47'),
	(75, 'AUTO015', 'Tarik Dana Sosial', 'LAIN-LAIN', 'Debit', 0.00, '2025-06-27 09:05:47', '2025-06-27 09:05:47'),
	(76, 'AUTO016', 'Tarik Dana PDK', 'LAIN-LAIN', 'Debit', 0.00, '2025-06-27 09:05:47', '2025-06-27 09:05:47'),
	(77, 'AUTO017', 'Tarik Titipan Dana RAT', 'LAIN-LAIN', 'Debit', 0.00, '2025-06-27 09:05:47', '2025-06-27 16:16:46'),
	(78, 'AUTO018', 'Tarik Dana Risiko', 'LAIN-LAIN', 'Debit', 0.00, '2025-06-27 09:05:47', '2025-06-27 09:05:47'),
	(79, 'AUTO019', 'Tarik Dana Pemupukan Modal Tetap', 'LAIN-LAIN', 'Debit', 0.00, '2025-06-27 09:05:47', '2025-06-27 09:05:47'),
	(80, 'AUTO020', 'Tarik Dana CAP', 'LAIN-LAIN', 'Debit', 0.00, '2025-06-27 09:05:47', '2025-06-27 09:05:47'),
	(81, 'AUTO021', 'Tarik Sisa Hasil Usaha (SHU)', 'LAIN-LAIN', 'Debit', 0.00, '2025-06-27 09:05:47', '2025-06-27 09:05:47'),
	(82, 'AUTO022', 'Tarik THT', 'LAIN-LAIN', 'Debit', 0.00, '2025-06-27 09:05:47', '2025-06-27 09:05:47'),
	(83, 'AUTO023', 'Tarik Titipan Pajak', 'LAIN-LAIN', 'Debit', 0.00, '2025-06-27 09:05:47', '2025-06-27 09:05:47'),
	(84, 'AUTO024', 'Tarik Dana Kesejahteraan', 'LAIN-LAIN', 'Debit', 0.00, '2025-06-27 09:05:47', '2025-06-27 09:05:47'),
	(85, 'DAC001', 'Dana Cadangan RAT', 'MODAL', 'Debit', 0.00, '2025-06-27 09:05:47', '2025-06-27 09:05:47'),
	(86, 'AUTO025', 'Tarik Dana Pendampingan', 'LAIN-LAIN', 'Debit', 0.00, '2025-06-27 09:05:47', '2025-06-27 09:05:47'),
	(87, 'AUTO027', 'Biaya Organisasi', 'LAIN-LAIN', 'Debit', 0.00, '2025-06-27 09:05:47', '2025-06-27 09:05:47'),
	(88, 'AUTO028', 'Biaya Gaji Karyawan', 'LAIN-LAIN', 'Debit', 0.00, '2025-06-27 09:05:47', '2025-06-27 09:05:47'),
	(89, 'AUTO029', 'Biaya Tunjangan Istri', 'LAIN-LAIN', 'Debit', 0.00, '2025-06-27 09:05:47', '2025-06-27 09:05:47'),
	(90, 'AUTO030', 'Biaya Tunjangan Anak', 'LAIN-LAIN', 'Debit', 0.00, '2025-06-27 09:05:47', '2025-06-27 09:05:47'),
	(91, 'AUTO031', 'THR (karyawan)', 'LAIN-LAIN', 'Debit', 0.00, '2025-06-27 09:05:47', '2025-06-27 09:05:47'),
	(92, 'AUTO032', 'Biaya Insentif Pengurus & Pengawas', 'LAIN-LAIN', 'Debit', 0.00, '2025-06-27 09:05:47', '2025-06-27 09:05:47'),
	(93, 'AUTO070', 'Biaya IPTW (Insentif Pekerja Tidak Tetap Wajib)', 'LAIN-LAIN', 'Debit', 0.00, '2025-06-27 09:05:47', '2025-06-27 09:05:47'),
	(94, 'AUTO033', 'Biaya Koordinator', 'LAIN-LAIN', 'Debit', 0.00, '2025-06-27 09:05:47', '2025-06-27 09:05:47'),
	(95, 'AUTO034', 'Biaya Minum', 'LAIN-LAIN', 'Debit', 0.00, '2025-06-27 09:05:47', '2025-06-27 09:05:47'),
	(96, 'AUTO035', 'Biaya Penjaga/Kebersihan', 'LAIN-LAIN', 'Debit', 0.00, '2025-06-27 09:05:47', '2025-06-27 09:05:47'),
	(97, 'AUTO036', 'THR Penjaga', 'LAIN-LAIN', 'Debit', 0.00, '2025-06-27 09:05:47', '2025-06-27 09:05:47'),
	(98, 'AUTO037', 'Biaya Harkop/Besar Nasional', 'LAIN-LAIN', 'Debit', 0.00, '2025-06-27 09:05:47', '2025-06-27 09:05:47'),
	(99, 'AUTO038', 'Biaya Transportasi', 'LAIN-LAIN', 'Debit', 0.00, '2025-06-27 09:05:47', '2025-06-27 09:05:47'),
	(100, 'AUTO039', 'Biaya Transportasi Rapat', 'LAIN-LAIN', 'Debit', 0.00, '2025-06-27 09:05:47', '2025-06-27 09:05:47'),
	(101, 'AUTO040', 'Biaya Bensin', 'LAIN-LAIN', 'Debit', 0.00, '2025-06-27 09:05:47', '2025-06-27 09:05:47'),
	(102, 'AUTO041', 'Biaya Lembur', 'LAIN-LAIN', 'Debit', 0.00, '2025-06-27 09:05:47', '2025-06-27 09:05:47'),
	(103, 'AUTO042', 'Biaya Non-Saham', 'LAIN-LAIN', 'Debit', 0.00, '2025-06-27 09:05:47', '2025-06-27 09:05:47'),
	(104, 'AUTO043', 'Biaya Perawatan Inventaris', 'LAIN-LAIN', 'Debit', 0.00, '2025-06-27 09:05:47', '2025-06-27 09:05:47'),
	(105, 'AUTO044', 'Biaya Kalender/Promosi', 'LAIN-LAIN', 'Debit', 0.00, '2025-06-27 09:05:47', '2025-06-27 09:05:47'),
	(106, 'AUTO045', 'Biaya Pendidikan', 'LAIN-LAIN', 'Debit', 0.00, '2025-06-27 09:05:47', '2025-06-27 09:05:47'),
	(107, 'AUTO046', 'Perawatan Gedung', 'LAIN-LAIN', 'Debit', 0.00, '2025-06-27 09:05:47', '2025-06-27 09:05:47'),
	(108, 'AUTO047', 'Biaya Dana Sosial', 'LAIN-LAIN', 'Debit', 0.00, '2025-06-27 09:05:47', '2025-06-27 09:05:47'),
	(109, 'AUTO048', 'Bonus Pencapaian Target', 'LAIN-LAIN', 'Debit', 0.00, '2025-06-27 09:05:47', '2025-06-27 09:05:47'),
	(110, 'AUTO049', 'Biaya Kesejahteraan', 'LAIN-LAIN', 'Debit', 0.00, '2025-06-27 09:05:47', '2025-06-27 09:05:47'),
	(111, 'AUTO050', 'Biaya Audit Pengawas', 'LAIN-LAIN', 'Debit', 0.00, '2025-06-27 09:05:47', '2025-06-27 09:05:47'),
	(112, 'AUTO051', 'Biaya Supervisi Pengurus', 'LAIN-LAIN', 'Debit', 0.00, '2025-06-27 09:05:47', '2025-06-27 09:05:47'),
	(113, 'AUTO052', 'Insentif Koordinator', 'LAIN-LAIN', 'Debit', 0.00, '2025-06-27 09:05:47', '2025-06-27 09:05:47'),
	(114, 'AUTO053', 'Biaya Syawalan', 'LAIN-LAIN', 'Debit', 0.00, '2025-06-27 09:05:47', '2025-06-27 09:05:47'),
	(115, 'AUTO054', 'Bingkisan Lebaran', 'LAIN-LAIN', 'Debit', 0.00, '2025-06-27 09:05:47', '2025-06-27 09:05:47'),
	(116, 'AUTO055', 'Seragam', 'LAIN-LAIN', 'Debit', 0.00, '2025-06-27 09:05:47', '2025-06-27 09:05:47'),
	(117, 'AUTO056', 'Biaya Bunga Hutang Bank', 'LAIN-LAIN', 'Debit', 0.00, '2025-06-27 09:05:47', '2025-06-27 09:05:47'),
	(118, 'AUTO057', 'Biaya Administrasi/Pajak Bank', 'LAIN-LAIN', 'Debit', 0.00, '2025-06-27 09:05:47', '2025-06-27 09:05:47'),
	(119, 'AUTO058', 'Pesangon Purna Karyawan', 'LAIN-LAIN', 'Debit', 0.00, '2025-06-27 09:05:47', '2025-06-27 09:05:47'),
	(120, 'AUTO060', 'Denda Pajak', 'LAIN-LAIN', 'Debit', 0.00, '2025-06-27 09:05:47', '2025-06-27 09:05:47'),
	(121, 'AUTO061', 'Biaya Pemilihan Pengawas/Pengurus', 'LAIN-LAIN', 'Debit', 0.00, '2025-06-27 09:05:47', '2025-06-27 09:05:47'),
	(122, 'AUTO062', 'Biaya BPJS', 'LAIN-LAIN', 'Debit', 0.00, '2025-06-27 09:05:47', '2025-06-27 09:05:47'),
	(123, 'AUTO063', 'Penyisihan Tunjangan Pensiun Karyawan', 'LAIN-LAIN', 'Debit', 0.00, '2025-06-27 09:05:47', '2025-06-27 09:05:47'),
	(124, 'AUTO064', 'Cadangan Aktiva Produktif (CAP)', 'LAIN-LAIN', 'Debit', 0.00, '2025-06-27 09:05:47', '2025-06-27 09:05:47'),
	(125, 'AUTO065', 'Penyisihan Dana Rapat Tahunan (RAT)', 'LAIN-LAIN', 'Kredit', 11125000.00, '2025-06-27 09:05:47', '2025-06-27 16:16:58'),
	(126, 'AUTO066', 'Penyisihan Dana Kesejahteraan', 'LAIN-LAIN', 'Debit', 0.00, '2025-06-27 09:05:47', '2025-06-27 09:05:47'),
	(127, 'AUTO067', 'Penyertaan Modal Tetap', 'LAIN-LAIN', 'Debit', 0.00, '2025-06-27 09:05:47', '2025-06-27 09:05:47'),
	(128, 'AUTO069', 'Proyektor', 'LAIN-LAIN', 'Debit', 0.00, '2025-06-27 09:05:47', '2025-06-27 09:05:47'),
	(129, 'AUTO072', 'Penyisihan Pendampingan', 'LAIN-LAIN', 'Debit', 0.00, '2025-06-27 09:05:47', '2025-06-27 09:05:47'),
	(130, 'AUTO074', 'Penyusutan Tertagih', 'LAIN-LAIN', 'Debit', 0.00, '2025-06-27 09:05:47', '2025-06-27 09:05:47'),
	(131, 'AUTO075', 'Biaya Penyusutan Inventaris Mebel', 'LAIN-LAIN', 'Debit', 0.00, '2025-06-27 09:05:47', '2025-06-27 09:05:47'),
	(132, 'AUTO076', 'Biaya Penyusutan Inventaris Gedung', 'LAIN-LAIN', 'Debit', 0.00, '2025-06-27 09:05:47', '2025-06-27 09:05:47'),
	(133, 'AUTO077', 'Biaya Penyusutan Inventaris Kendaraan', 'LAIN-LAIN', 'Debit', 0.00, '2025-06-27 09:05:47', '2025-06-27 09:05:47'),
	(134, 'AUTO078', 'Biaya Penyusutan Inventaris Komputer', 'LAIN-LAIN', 'Debit', 0.00, '2025-06-27 09:05:47', '2025-06-27 09:05:47'),
	(135, 'AUTO079', 'Biaya Pajak Listrik', 'LAIN-LAIN', 'Debit', 0.00, '2025-06-27 09:05:47', '2025-06-27 09:05:47'),
	(136, 'AUTO080', 'Pajak PPH', 'LAIN-LAIN', 'Debit', 0.00, '2025-06-27 09:05:47', '2025-06-27 09:05:47'),
	(137, 'AUTO081', 'Pajak PBB', 'LAIN-LAIN', 'Debit', 0.00, '2025-06-27 09:05:47', '2025-06-27 09:05:47'),
	(138, 'AUTO082', 'Pajak SHU', 'LAIN-LAIN', 'Debit', 0.00, '2025-06-27 09:05:47', '2025-06-27 09:05:47'),
	(139, 'AUTO083', 'Biaya Pajak Wi-Fi', 'LAIN-LAIN', 'Debit', 0.00, '2025-06-27 09:05:47', '2025-06-27 09:05:47'),
	(140, 'AUTO084', 'Pajak Jasa Simpanan Bank', 'LAIN-LAIN', 'Debit', 0.00, '2025-06-27 09:05:47', '2025-06-27 09:05:47'),
	(141, 'AUTO085', 'Pajak Kendaraan', 'LAIN-LAIN', 'Debit', 0.00, '2025-06-27 09:05:47', '2025-06-27 09:05:47'),
	(142, 'DUK001', 'Tarik Dana Komisaris', 'BEBAN', 'Debit', 0.00, '2025-06-27 09:05:47', '2025-06-27 09:05:47'),
	(143, 'DUK002', 'Tarik Dana Supervisi', 'BEBAN', 'Debit', 0.00, '2025-06-27 09:05:47', '2025-06-27 09:05:47'),
	(144, 'DUK003', 'Tarik Dana RAT', 'BEBAN', 'Debit', 0.00, '2025-06-27 09:05:47', '2025-06-27 09:05:47'),
	(145, 'DUK004', 'Tarik Dana PJKR', 'BEBAN', 'Debit', 0.00, '2025-06-27 09:05:47', '2025-06-27 09:05:47'),
	(146, 'DUK006', 'Modal Anggota', 'MODAL', 'Kredit', 0.00, '2025-06-27 09:05:47', '2025-06-27 09:05:47'),
	(147, 'DUK007', 'Biaya Tempat Pelayanan', 'BEBAN', 'Debit', 0.00, '2025-06-27 09:05:47', '2025-06-27 09:05:47'),
	(148, 'DUK008', 'Biaya Penyusutan Inventaris', 'BEBAN', 'Debit', 0.00, '2025-06-27 09:05:47', '2025-06-27 09:05:47'),
	(149, 'DUK009', 'Biaya Penyusutan Tertangguh', 'BEBAN', 'Debit', 0.00, '2025-06-27 09:05:47', '2025-06-27 09:05:47'),
	(150, 'DUK010', 'Tarik Dana Insentif PP', 'BEBAN', 'Debit', 0.00, '2025-06-27 09:05:47', '2025-06-27 09:05:47'),
	(151, 'DUK011', 'Biaya Penyisihan Dana RAT', 'BEBAN', 'Debit', 0.00, '2025-06-27 09:05:47', '2025-06-27 09:05:47'),
	(152, 'DUK012', 'Biaya Penyisihan Hutang Pajak', 'BEBAN', 'Debit', 0.00, '2025-06-27 09:05:47', '2025-06-27 09:05:47'),
	(153, 'DUK017', 'Biaya Penyisihan Dana Cadangan', 'BEBAN', 'Debit', 0.00, '2025-06-27 09:05:47', '2025-06-27 09:05:47'),
	(154, 'DUK018', 'Biaya Penyisihan Dana Pengurus', 'BEBAN', 'Debit', 0.00, '2025-06-27 09:05:47', '2025-06-27 09:05:47'),
	(155, 'DUK019', 'Biaya Penyisihan Dana Karyawan', 'BEBAN', 'Debit', 0.00, '2025-06-27 09:05:47', '2025-06-27 09:05:47'),
	(156, 'DUK020', 'Penyisihan Dana Pendidikan', 'BEBAN', 'Debit', 0.00, '2025-06-27 09:05:47', '2025-06-27 09:05:47'),
	(157, 'DUK021', 'Biaya Penyisihan Dana Sosial', 'BEBAN', 'Debit', 0.00, '2025-06-27 09:05:47', '2025-06-27 09:05:47'),
	(158, 'DUK022', 'Biaya Penyisihan Dana PDK', 'BEBAN', 'Debit', 0.00, '2025-06-27 09:05:47', '2025-06-27 09:05:47'),
	(159, 'DUK023', 'Biaya Penyisihan Pajak Pendapatan', 'BEBAN', 'Debit', 0.00, '2025-06-27 09:05:47', '2025-06-27 09:05:47'),
	(160, 'DUK024', 'SHU Anggota', 'MODAL', 'Kredit', 0.00, '2025-06-27 09:05:47', '2025-06-27 09:05:47'),
	(161, 'AUTO090', 'Biaya Administrasi', 'LAIN-LAIN', 'Debit', 0.00, '2025-06-27 09:05:47', '2025-06-27 09:05:47'),
	(162, 'DD001', 'Dana Dana', 'KEWAJIBAN', 'Kredit', 3288359.00, '2025-06-27 09:05:47', '2025-06-27 09:05:47'),
	(163, 'DD002', 'Dana Pengurus', 'KEWAJIBAN', 'Kredit', 12531370.00, '2025-06-27 09:05:47', '2025-06-27 09:05:47'),
	(164, 'DD003', 'Dana Pendidikan', 'KEWAJIBAN', 'Kredit', 42371113.00, '2025-06-27 09:05:47', '2025-06-27 09:05:47'),
	(165, 'DD004', 'Dana Karyawan', 'KEWAJIBAN', 'Kredit', 6375410.00, '2025-06-27 09:05:47', '2025-06-27 09:05:47'),
	(166, 'DD005', 'Dana Insentif', 'KEWAJIBAN', 'Kredit', 1250000.00, '2025-06-27 09:05:47', '2025-06-27 09:05:47'),
	(167, 'DD006', 'Dana Supervisi', 'KEWAJIBAN', 'Kredit', 0.00, '2025-06-27 09:05:47', '2025-06-27 09:05:47'),
	(168, 'DD007', 'Beban yang harus di bayar', 'KEWAJIBAN', 'Kredit', 0.00, '2025-06-27 09:05:47', '2025-06-27 09:05:47'),
	(169, 'DD008', 'Dana RAT', 'KEWAJIBAN', 'Kredit', 0.00, '2025-06-27 09:05:47', '2025-06-27 09:05:47'),
	(170, 'DD009', 'Dana Kesejahteraan', 'KEWAJIBAN', 'Kredit', 0.00, '2025-06-27 09:05:47', '2025-06-27 09:05:47'),
	(171, 'DD010', 'Dana SHU Tahun Lalu', 'KEWAJIBAN', 'Kredit', 92701556.00, '2025-06-27 09:05:47', '2025-06-27 09:05:47'),
	(172, 'DD011', 'Titipan Pemilihan Pengurus', 'KEWAJIBAN', 'Kredit', 0.00, '2025-06-27 09:05:47', '2025-06-27 09:05:47'),
	(173, 'DD012', 'SHU Tahun Sekarang', 'KEWAJIBAN', 'Kredit', 0.00, '2025-06-27 09:05:47', '2025-06-27 09:05:47'),
	(174, 'KJP001', 'Dana Sehat', 'KEWAJIBAN', 'Kredit', 11662000.00, '2025-06-27 09:05:47', '2025-06-27 09:05:47'),
	(175, 'KJP002', 'Titipan Simpanan Pokok/Simpanan Wajib', 'KEWAJIBAN', 'Kredit', 7901955.00, '2025-06-27 09:05:47', '2025-06-27 09:05:47'),
	(176, 'KJP003', 'Titipan Dana-Dana', 'KEWAJIBAN', 'Kredit', 0.00, '2025-06-27 09:05:47', '2025-06-27 09:05:47'),
	(177, 'KJP004', 'Titipan CAP', 'KEWAJIBAN', 'Kredit', 0.00, '2025-06-27 09:05:47', '2025-06-27 09:05:47'),
	(178, 'KJP005', 'Titipan Biaya Pajak', 'KEWAJIBAN', 'Kredit', 42368900.00, '2025-06-27 09:05:47', '2025-06-27 09:05:47'),
	(179, 'KJP007', 'Pemupukan Modal Tetap', 'KEWAJIBAN', 'Kredit', 127500000.00, '2025-06-27 09:05:47', '2025-06-27 09:05:47'),
	(180, 'KJP008', 'Tabungan Pesangon Karyawan', 'KEWAJIBAN', 'Kredit', 6600000.00, '2025-06-27 09:05:47', '2025-06-27 09:05:47'),
	(181, 'KJP009', 'Pinjaman Pihak Ke 2', 'KEWAJIBAN', 'Kredit', 20300815.00, '2025-06-27 09:05:47', '2025-06-27 09:05:47'),
	(182, 'ML001', 'Iuran Dana Sehat', 'MODAL', 'Kredit', 329550.00, '2025-06-27 09:05:47', '2025-06-27 09:05:47'),
	(183, 'ML002', 'Cadangan Likuiditas', 'MODAL', 'Kredit', 74000000.00, '2025-06-27 09:05:47', '2025-06-27 09:05:47'),
	(184, 'ML003', 'Cadangan Koperasi', 'MODAL', 'Kredit', 477673852.00, '2025-06-27 09:05:47', '2025-06-27 09:05:47'),
	(185, 'ML004', 'Dana Risiko', 'MODAL', 'Kredit', 200845475.00, '2025-06-27 09:05:47', '2025-06-27 09:05:47'),
	(186, 'ML005', 'PJKR', 'MODAL', 'Kredit', 0.00, '2025-06-27 09:05:47', '2025-06-27 09:05:47'),
	(187, 'ML006', 'SHU', 'MODAL', 'Kredit', 70962636.00, '2025-06-27 09:05:47', '2025-06-27 09:05:47');

-- membuang struktur untuk table sikopdit.anggota
CREATE TABLE IF NOT EXISTS `anggota` (
  `id_anggota` int unsigned NOT NULL AUTO_INCREMENT,
  `no_ba` varchar(25) COLLATE utf8mb4_general_ci NOT NULL,
  `nama` varchar(50) COLLATE utf8mb4_general_ci NOT NULL,
  `nik` varchar(16) COLLATE utf8mb4_general_ci NOT NULL,
  `dusun` enum('Sapon','Jekeling','Gerjen','Tubin','Senden','Karang','Kwarakan','Diran','Geden','Bekelan','Sedan','Jurug','Ledok','Gentan','Pleret','Tuksono','Kelompok','Luar') COLLATE utf8mb4_general_ci NOT NULL,
  `alamat` text COLLATE utf8mb4_general_ci NOT NULL,
  `pekerjaan` varchar(50) COLLATE utf8mb4_general_ci NOT NULL,
  `tgl_lahir` date NOT NULL,
  `nama_pasangan` varchar(50) COLLATE utf8mb4_general_ci DEFAULT NULL,
  `status` enum('aktif','nonaktif') COLLATE utf8mb4_general_ci NOT NULL DEFAULT 'aktif',
  `created_at` datetime DEFAULT NULL,
  `updated_at` datetime DEFAULT NULL,
  PRIMARY KEY (`id_anggota`),
  UNIQUE KEY `no_ba` (`no_ba`),
  UNIQUE KEY `nik` (`nik`)
) ENGINE=InnoDB AUTO_INCREMENT=5 DEFAULT CHARSET=utf8mb4 COLLATE=utf8mb4_general_ci;

-- Membuang data untuk tabel sikopdit.anggota: ~0 rows (lebih kurang)
INSERT INTO `anggota` (`id_anggota`, `no_ba`, `nama`, `nik`, `dusun`, `alamat`, `pekerjaan`, `tgl_lahir`, `nama_pasangan`, `status`, `created_at`, `updated_at`) VALUES
	(1, '001', 'Andi Saputra', '1234567890123456', 'Sapon', 'Jl. Merdeka No. 1', 'Petani', '1990-05-10', 'Siti Aisyah', 'aktif', '2025-06-28 02:02:16', '2025-06-28 02:02:16'),
	(2, '002', 'Budi Santoso', '2345678901234567', 'Jekeling', 'Jl. Pahlawan No. 2', 'Wiraswasta', '1985-08-15', 'Rina Kusuma', 'aktif', '2025-06-28 02:02:16', '2025-06-28 02:02:16'),
	(3, '12', 'Hasan wisnu', '3847264759685100', 'Sapon', 'sapon sidorejo, lendah, kulon progo', 'Petani', '1990-05-10', 'Aisyah Tiara', 'aktif', '2025-06-28 02:02:16', '2025-06-28 02:02:16'),
	(4, '8', 'Cahyo wirawan', '9867543265403120', 'Sedan', 'sedan sidorejo, lendah, kulon progo', 'pengusaha', '1990-05-10', 'Cahyaninggsih', 'aktif', '2025-06-28 02:02:16', '2025-06-28 02:02:16');

-- membuang struktur untuk table sikopdit.angsuran
CREATE TABLE IF NOT EXISTS `angsuran` (
  `id_angsuran` int unsigned NOT NULL AUTO_INCREMENT,
  `id_pinjaman` int unsigned NOT NULL,
  `tanggal_angsuran` date NOT NULL,
  `bunga` decimal(5,2) NOT NULL DEFAULT '5.00',
  `denda` decimal(10,2) DEFAULT NULL,
  `jumlah_angsuran` decimal(10,2) NOT NULL,
  `sisa_pinjaman` decimal(10,2) NOT NULL,
  `status` enum('belum lunas','lunas') COLLATE utf8mb4_general_ci NOT NULL DEFAULT 'belum lunas',
  `created_at` datetime DEFAULT NULL,
  `updated_at` datetime DEFAULT NULL,
  PRIMARY KEY (`id_angsuran`),
  KEY `angsuran_id_pinjaman_foreign` (`id_pinjaman`),
  CONSTRAINT `angsuran_id_pinjaman_foreign` FOREIGN KEY (`id_pinjaman`) REFERENCES `transaksi_pinjaman` (`id_pinjaman`) ON DELETE CASCADE ON UPDATE CASCADE
) ENGINE=InnoDB AUTO_INCREMENT=2 DEFAULT CHARSET=utf8mb4 COLLATE=utf8mb4_general_ci;

-- Membuang data untuk tabel sikopdit.angsuran: ~0 rows (lebih kurang)
INSERT INTO `angsuran` (`id_angsuran`, `id_pinjaman`, `tanggal_angsuran`, `bunga`, `denda`, `jumlah_angsuran`, `sisa_pinjaman`, `status`, `created_at`, `updated_at`) VALUES
	(1, 1, '2025-06-05', 2.00, 0.00, 100000.00, 900000.00, 'belum lunas', '2025-06-28 02:05:58', '2025-06-28 02:05:58');

-- membuang struktur untuk table sikopdit.buku_besar
CREATE TABLE IF NOT EXISTS `buku_besar` (
  `id` int unsigned NOT NULL AUTO_INCREMENT,
  `tanggal` date NOT NULL,
  `id_akun` int unsigned DEFAULT NULL,
  `id_jurnal` int unsigned DEFAULT NULL,
  `keterangan` text COLLATE utf8mb4_general_ci,
  `debit` decimal(15,2) NOT NULL DEFAULT '0.00',
  `kredit` decimal(15,2) NOT NULL DEFAULT '0.00',
  `saldo` decimal(15,2) NOT NULL DEFAULT '0.00',
  `created_at` timestamp NULL DEFAULT CURRENT_TIMESTAMP,
  `updated_at` timestamp NULL DEFAULT NULL,
  PRIMARY KEY (`id`),
  KEY `buku_besar_id_akun_foreign` (`id_akun`),
  KEY `buku_besar_id_jurnal_foreign` (`id_jurnal`),
  CONSTRAINT `buku_besar_id_akun_foreign` FOREIGN KEY (`id_akun`) REFERENCES `akun` (`id`) ON DELETE CASCADE ON UPDATE CASCADE,
  CONSTRAINT `buku_besar_id_jurnal_foreign` FOREIGN KEY (`id_jurnal`) REFERENCES `jurnal_kas` (`id`) ON DELETE CASCADE ON UPDATE SET NULL
) ENGINE=InnoDB AUTO_INCREMENT=129 DEFAULT CHARSET=utf8mb4 COLLATE=utf8mb4_general_ci;

-- Membuang data untuk tabel sikopdit.buku_besar: ~128 rows (lebih kurang)
INSERT INTO `buku_besar` (`id`, `tanggal`, `id_akun`, `id_jurnal`, `keterangan`, `debit`, `kredit`, `saldo`, `created_at`, `updated_at`) VALUES
	(1, '2025-01-31', 1, 1, 'Akumulasi Penyusutan Inventaris Komputer', 200000.00, 0.00, 221462355.00, '2025-06-27 09:07:26', '2025-06-27 09:07:26'),
	(2, '2025-01-31', 4, 1, 'Akumulasi Penyusutan Inventaris Komputer', 0.00, 200000.00, 200000.00, '2025-06-27 09:07:26', '2025-06-27 09:07:27'),
	(3, '2025-01-31', 1, 2, 'Akumulasi Penyusutan Inventaris Mebel', 150000.00, 0.00, 221612355.00, '2025-06-27 09:07:26', '2025-06-27 09:07:26'),
	(4, '2025-01-31', 5, 2, 'Akumulasi Penyusutan Inventaris Mebel', 0.00, 150000.00, 150000.00, '2025-06-27 09:07:26', '2025-06-27 09:07:27'),
	(5, '2025-01-31', 1, 3, 'Akumulasi Penyusutan Inventaris Gedung', 500000.00, 0.00, 222112355.00, '2025-06-27 09:07:26', '2025-06-27 09:07:26'),
	(6, '2025-01-31', 6, 3, 'Akumulasi Penyusutan Inventaris Gedung', 0.00, 500000.00, 500000.00, '2025-06-27 09:07:26', '2025-06-27 09:07:27'),
	(7, '2025-01-31', 1, 4, 'Angsuran Pinjaman', 150596000.00, 0.00, 372708355.00, '2025-06-27 09:07:26', '2025-06-27 09:07:26'),
	(8, '2025-01-31', 24, 4, 'Angsuran Pinjaman', 0.00, 150596000.00, -150596000.00, '2025-06-27 09:07:26', '2025-06-27 09:07:28'),
	(9, '2025-01-31', 1, 5, 'Cadangan Aktiva Produktif (CAP)', 500000.00, 0.00, 373208355.00, '2025-06-27 09:07:26', '2025-06-27 09:07:26'),
	(10, '2025-01-31', 25, 5, 'Cadangan Aktiva Produktif (CAP)', 0.00, 500000.00, 44200000.00, '2025-06-27 09:07:26', '2025-06-27 09:07:28'),
	(11, '2025-01-31', 1, 6, 'Denda', 350000.00, 0.00, 373558355.00, '2025-06-27 09:07:26', '2025-06-27 09:07:26'),
	(12, '2025-01-31', 26, 6, 'Denda', 0.00, 350000.00, 350000.00, '2025-06-27 09:07:26', '2025-06-27 09:07:28'),
	(13, '2025-01-31', 1, 7, 'Fee (Anggota Keluar)', 30000.00, 0.00, 373588355.00, '2025-06-27 09:07:26', '2025-06-27 09:07:26'),
	(14, '2025-01-31', 27, 7, 'Fee (Anggota Keluar)', 0.00, 30000.00, 30000.00, '2025-06-27 09:07:26', '2025-06-27 09:07:29'),
	(15, '2025-01-31', 1, 8, 'Fee Persentase (Profisi) 1%', 2150000.00, 0.00, 375738355.00, '2025-06-27 09:07:26', '2025-06-27 09:07:26'),
	(16, '2025-01-31', 28, 8, 'Fee Persentase (Profisi) 1%', 0.00, 2150000.00, 2150000.00, '2025-06-27 09:07:26', '2025-06-27 09:07:29'),
	(17, '2025-01-31', 1, 9, 'Jasa Piutang', 31103700.00, 0.00, 406842055.00, '2025-06-27 09:07:26', '2025-06-27 09:07:26'),
	(18, '2025-01-31', 30, 9, 'Jasa Piutang', 0.00, 31103700.00, 31103700.00, '2025-06-27 09:07:26', '2025-06-27 09:07:29'),
	(19, '2025-01-31', 1, 10, 'Penyisihan Dana Rapat Tahunan (RAT)', 1200000.00, 0.00, 408042055.00, '2025-06-27 09:07:26', '2025-06-27 09:07:26'),
	(20, '2025-01-31', 125, 10, 'Penyisihan Dana Rapat Tahunan (RAT)', 0.00, 1200000.00, -1200000.00, '2025-06-27 09:07:26', '2025-06-27 09:07:37'),
	(21, '2025-01-31', 1, 11, 'Penyisihan Dana Pemilihan Pengurus', 250000.00, 0.00, 408292055.00, '2025-06-27 09:07:26', '2025-06-27 09:07:26'),
	(22, '2025-01-31', 31, 11, 'Penyisihan Dana Pemilihan Pengurus', 0.00, 250000.00, 250000.00, '2025-06-27 09:07:26', '2025-06-27 09:07:29'),
	(23, '2025-01-31', 1, 12, 'Pinjaman dari Bank Pembangunan Daerah (BPD)', 200000000.00, 0.00, 608292055.00, '2025-06-27 09:07:26', '2025-06-27 09:07:26'),
	(24, '2025-01-31', 32, 12, 'Pinjaman dari Bank Pembangunan Daerah (BPD)', 0.00, 200000000.00, 200000000.00, '2025-06-27 09:07:26', '2025-06-27 09:07:29'),
	(25, '2025-01-31', 1, 13, 'Risiko (Re) 0,5%', 1075000.00, 0.00, 609367055.00, '2025-06-27 09:07:26', '2025-06-27 09:07:26'),
	(26, '2025-01-31', 33, 13, 'Risiko (Re) 0,5%', 0.00, 1075000.00, -1075000.00, '2025-06-27 09:07:26', '2025-06-27 09:07:29'),
	(27, '2025-01-31', 1, 14, 'Jasa Simpanan Non-Saham', 2222000.00, 0.00, 611589055.00, '2025-06-27 09:07:26', '2025-06-27 09:07:26'),
	(28, '2025-01-31', 35, 14, 'Jasa Simpanan Non-Saham', 0.00, 2222000.00, 104802000.00, '2025-06-27 09:07:26', '2025-06-27 09:07:29'),
	(29, '2025-01-31', 1, 15, 'Simpanan Non-Saham', 4000000.00, 0.00, 615589055.00, '2025-06-27 09:07:26', '2025-06-27 09:07:26'),
	(30, '2025-01-31', 34, 15, 'Simpanan Non-Saham', 0.00, 4000000.00, 588981000.00, '2025-06-27 09:07:26', '2025-06-27 09:07:29'),
	(31, '2025-01-31', 1, 16, 'Simpanan Pokok (SP)', 40000.00, 0.00, 615629055.00, '2025-06-27 09:07:26', '2025-06-27 09:07:26'),
	(32, '2025-01-31', 36, 16, 'Simpanan Pokok (SP)', 0.00, 40000.00, 10110000.00, '2025-06-27 09:07:26', '2025-06-27 09:07:29'),
	(33, '2025-01-31', 1, 17, 'Simpanan Sukarela (SS)', 45816450.00, 0.00, 661445505.00, '2025-06-27 09:07:26', '2025-06-27 09:07:26'),
	(34, '2025-01-31', 37, 17, 'Simpanan Sukarela (SS)', 0.00, 45816450.00, 1301231757.00, '2025-06-27 09:07:26', '2025-06-27 09:07:29'),
	(35, '2025-01-31', 1, 18, 'Simpanan Wajib (SW)', 2000000.00, 0.00, 663445505.00, '2025-06-27 09:07:26', '2025-06-27 09:07:26'),
	(36, '2025-01-31', 38, 18, 'Simpanan Wajib (SW)', 0.00, 2000000.00, 277962645.00, '2025-06-27 09:07:26', '2025-06-27 09:07:30'),
	(37, '2025-01-31', 1, 19, 'Simpanan Wajib Pinjam (SWP)', 5375000.00, 0.00, 668820505.00, '2025-06-27 09:07:26', '2025-06-27 09:07:26'),
	(38, '2025-01-31', 39, 19, 'Simpanan Wajib Pinjam (SWP)', 0.00, 5375000.00, 466922125.00, '2025-06-27 09:07:26', '2025-06-27 09:07:30'),
	(39, '2025-01-31', 1, 20, 'Tarik Dana dari Bank', 100000000.00, 0.00, 768820505.00, '2025-06-27 09:07:26', '2025-06-27 09:07:26'),
	(40, '2025-01-31', 9, 20, 'Tarik Dana dari Bank', 0.00, 100000000.00, -100000000.00, '2025-06-27 09:07:26', '2025-06-27 09:07:27'),
	(41, '2025-01-31', 1, 21, 'Titipan Dana Kesejahteraan', 2500000.00, 0.00, 771320505.00, '2025-06-27 09:07:26', '2025-06-27 09:07:26'),
	(42, '2025-01-31', 40, 21, 'Titipan Dana Kesejahteraan', 0.00, 2500000.00, 71051000.00, '2025-06-27 09:07:26', '2025-06-27 09:07:30'),
	(43, '2025-01-31', 1, 22, 'Titipan Tunjangan Pesangon Karyawan', 300000.00, 0.00, 771620505.00, '2025-06-27 09:07:26', '2025-06-27 09:07:26'),
	(44, '2025-01-31', 41, 22, 'Titipan Tunjangan Pesangon Karyawan', 0.00, 300000.00, 300000.00, '2025-06-27 09:07:26', '2025-06-27 09:07:30'),
	(45, '2025-01-31', 1, 23, 'Uang Pangkal', 40000.00, 0.00, 771660505.00, '2025-06-27 09:07:26', '2025-06-27 09:07:26'),
	(46, '2025-01-31', 10, 23, 'Uang Pangkal', 0.00, 40000.00, -40000.00, '2025-06-27 09:07:26', '2025-06-27 09:07:27'),
	(47, '2025-01-31', 63, 24, 'Angsuran Pinjaman ke BPD', 20233385.00, 0.00, 20233385.00, '2025-06-27 09:07:26', '2025-06-27 09:07:32'),
	(48, '2025-01-31', 1, 24, 'Angsuran Pinjaman ke BPD', 0.00, 20233385.00, 751427120.00, '2025-06-27 09:07:26', '2025-06-27 09:07:26'),
	(49, '2025-01-31', 118, 25, 'Biaya Administrasi/Pajak Bank', 660000.00, 0.00, 660000.00, '2025-06-27 09:07:26', '2025-06-27 09:07:37'),
	(50, '2025-01-31', 1, 25, 'Biaya Administrasi/Pajak Bank', 0.00, 660000.00, 750767120.00, '2025-06-27 09:07:26', '2025-06-27 09:07:26'),
	(51, '2025-01-31', 101, 26, 'Biaya Bensin', 60000.00, 0.00, 60000.00, '2025-06-27 09:07:26', '2025-06-27 09:07:35'),
	(52, '2025-01-31', 1, 26, 'Biaya Bensin', 0.00, 60000.00, 750707120.00, '2025-06-27 09:07:26', '2025-06-27 09:07:26'),
	(53, '2025-01-31', 122, 27, 'Biaya BPJS', 2022214.00, 0.00, 2022214.00, '2025-06-27 09:07:26', '2025-06-27 09:07:37'),
	(54, '2025-01-31', 1, 27, 'Biaya BPJS', 0.00, 2022214.00, 748684906.00, '2025-06-27 09:07:26', '2025-06-27 09:07:26'),
	(55, '2025-01-31', 117, 28, 'Biaya Bunga Hutang Bank', 135155.00, 0.00, 135155.00, '2025-06-27 09:07:26', '2025-06-27 09:07:37'),
	(56, '2025-01-31', 1, 28, 'Biaya Bunga Hutang Bank', 0.00, 135155.00, 748549751.00, '2025-06-27 09:07:26', '2025-06-27 09:07:26'),
	(57, '2025-01-31', 88, 29, 'Biaya Gaji Karyawan', 12044722.00, 0.00, 12044722.00, '2025-06-27 09:07:26', '2025-06-27 09:07:34'),
	(58, '2025-01-31', 1, 29, 'Biaya Gaji Karyawan', 0.00, 12044722.00, 736505029.00, '2025-06-27 09:07:26', '2025-06-27 09:07:26'),
	(59, '2025-01-31', 92, 30, 'Biaya Insentif Pengurus & Pengawas', 3200000.00, 0.00, 3200000.00, '2025-06-27 09:07:26', '2025-06-27 09:07:34'),
	(60, '2025-01-31', 1, 30, 'Biaya Insentif Pengurus & Pengawas', 0.00, 3200000.00, 733305029.00, '2025-06-27 09:07:26', '2025-06-27 09:07:26'),
	(61, '2025-01-31', 93, 31, 'Biaya IPTW (Insentif Pekerja Tidak Tetap Wajib)', 390000.00, 0.00, 390000.00, '2025-06-27 09:07:26', '2025-06-27 09:07:34'),
	(62, '2025-01-31', 1, 31, 'Biaya IPTW (Insentif Pekerja Tidak Tetap Wajib)', 0.00, 390000.00, 732915029.00, '2025-06-27 09:07:26', '2025-06-27 09:07:26'),
	(63, '2025-01-31', 94, 32, 'Biaya Koordinator', 445000.00, 0.00, 445000.00, '2025-06-27 09:07:26', '2025-06-27 09:07:35'),
	(64, '2025-01-31', 1, 32, 'Biaya Koordinator', 0.00, 445000.00, 732470029.00, '2025-06-27 09:07:26', '2025-06-27 09:07:26'),
	(65, '2025-01-31', 102, 33, 'Biaya Lembur', 375000.00, 0.00, 375000.00, '2025-06-27 09:07:26', '2025-06-27 09:07:35'),
	(66, '2025-01-31', 1, 33, 'Biaya Lembur', 0.00, 375000.00, 732095029.00, '2025-06-27 09:07:26', '2025-06-27 09:07:26'),
	(67, '2025-01-31', 95, 34, 'Biaya Minum', 250000.00, 0.00, 250000.00, '2025-06-27 09:07:26', '2025-06-27 09:07:35'),
	(68, '2025-01-31', 1, 34, 'Biaya Minum', 0.00, 250000.00, 731845029.00, '2025-06-27 09:07:26', '2025-06-27 09:07:26'),
	(69, '2025-01-31', 103, 35, 'Biaya Non-Saham', 2222000.00, 0.00, 2222000.00, '2025-06-27 09:07:26', '2025-06-27 09:07:35'),
	(70, '2025-01-31', 1, 35, 'Biaya Non-Saham', 0.00, 2222000.00, 729623029.00, '2025-06-27 09:07:26', '2025-06-27 09:07:26'),
	(71, '2025-01-31', 87, 36, 'Biaya Organisasi', 303000.00, 0.00, 303000.00, '2025-06-27 09:07:26', '2025-06-27 09:07:34'),
	(72, '2025-01-31', 1, 36, 'Biaya Organisasi', 0.00, 303000.00, 729320029.00, '2025-06-27 09:07:26', '2025-06-27 09:07:26'),
	(73, '2025-01-31', 135, 37, 'Biaya Pajak Listrik', 175000.00, 0.00, 175000.00, '2025-06-27 09:07:26', '2025-06-27 09:07:38'),
	(74, '2025-01-31', 1, 37, 'Biaya Pajak Listrik', 0.00, 175000.00, 729145029.00, '2025-06-27 09:07:26', '2025-06-27 09:07:26'),
	(75, '2025-01-31', 139, 38, 'Biaya Pajak Wi-Fi', 150000.00, 0.00, 150000.00, '2025-06-27 09:07:26', '2025-06-27 09:07:39'),
	(76, '2025-01-31', 1, 38, 'Biaya Pajak Wi-Fi', 0.00, 150000.00, 728995029.00, '2025-06-27 09:07:26', '2025-06-27 09:07:26'),
	(77, '2025-01-31', 121, 39, 'Biaya Pemilihan Pengawas/Pengurus', 250000.00, 0.00, 250000.00, '2025-06-27 09:07:26', '2025-06-27 09:07:37'),
	(78, '2025-01-31', 1, 39, 'Biaya Pemilihan Pengawas/Pengurus', 0.00, 250000.00, 728745029.00, '2025-06-27 09:07:26', '2025-06-27 09:07:26'),
	(79, '2025-01-31', 96, 40, 'Biaya Penjaga/Kebersihan', 850000.00, 0.00, 850000.00, '2025-06-27 09:07:26', '2025-06-27 09:07:35'),
	(80, '2025-01-31', 1, 40, 'Biaya Penjaga/Kebersihan', 0.00, 850000.00, 727895029.00, '2025-06-27 09:07:26', '2025-06-27 09:07:26'),
	(81, '2025-01-31', 85, 41, 'Dana Cadangan RAT', 1200000.00, 0.00, 1200000.00, '2025-06-27 09:07:26', '2025-06-27 09:07:34'),
	(82, '2025-01-31', 1, 41, 'Dana Cadangan RAT', 0.00, 1200000.00, 726695029.00, '2025-06-27 09:07:26', '2025-06-27 09:07:26'),
	(83, '2025-01-31', 134, 42, 'Biaya Penyusutan Inventaris Komputer', 200000.00, 0.00, 200000.00, '2025-06-27 09:07:26', '2025-06-27 09:07:38'),
	(84, '2025-01-31', 1, 42, 'Biaya Penyusutan Inventaris Komputer', 0.00, 200000.00, 726495029.00, '2025-06-27 09:07:26', '2025-06-27 09:07:26'),
	(85, '2025-01-31', 132, 43, 'Biaya Penyusutan Inventaris Gedung', 500000.00, 0.00, 500000.00, '2025-06-27 09:07:26', '2025-06-27 09:07:38'),
	(86, '2025-01-31', 1, 43, 'Biaya Penyusutan Inventaris Gedung', 0.00, 500000.00, 725995029.00, '2025-06-27 09:07:26', '2025-06-27 09:07:26'),
	(87, '2025-01-31', 131, 44, 'Biaya Penyusutan Inventaris Mebel', 150000.00, 0.00, 150000.00, '2025-06-27 09:07:26', '2025-06-27 09:07:38'),
	(88, '2025-01-31', 1, 44, 'Biaya Penyusutan Inventaris Mebel', 0.00, 150000.00, 725845029.00, '2025-06-27 09:07:26', '2025-06-27 09:07:26'),
	(89, '2025-01-31', 90, 45, 'Biaya Tunjangan Anak', 233331.00, 0.00, 233331.00, '2025-06-27 09:07:26', '2025-06-27 09:07:34'),
	(90, '2025-01-31', 1, 45, 'Biaya Tunjangan Anak', 0.00, 233331.00, 725611698.00, '2025-06-27 09:07:26', '2025-06-27 09:07:26'),
	(91, '2025-01-31', 89, 46, 'Biaya Tunjangan Istri', 646094.00, 0.00, 646094.00, '2025-06-27 09:07:26', '2025-06-27 09:07:34'),
	(92, '2025-01-31', 1, 46, 'Biaya Tunjangan Istri', 0.00, 646094.00, 724965604.00, '2025-06-27 09:07:26', '2025-06-27 09:07:26'),
	(93, '2025-01-31', 161, 47, 'Biaya Administrasi', 152500.00, 0.00, 152500.00, '2025-06-27 09:07:26', '2025-06-27 09:07:40'),
	(94, '2025-01-31', 1, 47, 'Biaya Administrasi', 0.00, 152500.00, 724813104.00, '2025-06-27 09:07:26', '2025-06-27 09:07:26'),
	(95, '2025-01-31', 124, 48, 'CAP (Cadangan Aktiva Produktif)', 500000.00, 0.00, 500000.00, '2025-06-27 09:07:26', '2025-06-27 09:07:37'),
	(96, '2025-01-31', 1, 48, 'CAP (Cadangan Aktiva Produktif)', 0.00, 500000.00, 724313104.00, '2025-06-27 09:07:26', '2025-06-27 09:07:26'),
	(97, '2025-01-31', 126, 49, 'Penyisihan Dana Kesejahteraan', 2500000.00, 0.00, 2500000.00, '2025-06-27 09:07:26', '2025-06-27 09:07:37'),
	(98, '2025-01-31', 1, 49, 'Penyisihan Dana Kesejahteraan', 0.00, 2500000.00, 721813104.00, '2025-06-27 09:07:26', '2025-06-27 09:07:26'),
	(99, '2025-01-31', 123, 50, 'Penyisihan Tunjangan Pensiun Karyawan', 300000.00, 0.00, 300000.00, '2025-06-27 09:07:26', '2025-06-27 09:07:37'),
	(100, '2025-01-31', 1, 50, 'Penyisihan Tunjangan Pensiun Karyawan', 0.00, 300000.00, 721513104.00, '2025-06-27 09:07:26', '2025-06-27 09:07:26'),
	(101, '2025-01-31', 62, 51, 'Pinjaman Anggota', 215000000.00, 0.00, 3277648900.00, '2025-06-27 09:07:26', '2025-06-27 09:07:32'),
	(102, '2025-01-31', 1, 51, 'Pinjaman Anggota', 0.00, 215000000.00, 506513104.00, '2025-06-27 09:07:26', '2025-06-27 09:07:26'),
	(103, '2025-01-31', 2, 52, 'Simpanan di Bank', 199340000.00, 0.00, 496052945.00, '2025-06-27 09:07:26', '2025-06-27 09:07:26'),
	(104, '2025-01-31', 1, 52, 'Simpanan di Bank', 0.00, 199340000.00, 307173104.00, '2025-06-27 09:07:26', '2025-06-27 09:07:26'),
	(105, '2025-01-31', 73, 53, 'Tarik Dana Karyawan', 6300000.00, 0.00, 6300000.00, '2025-06-27 09:07:26', '2025-06-27 09:07:33'),
	(106, '2025-01-31', 1, 53, 'Tarik Dana Karyawan', 0.00, 6300000.00, 300873104.00, '2025-06-27 09:07:26', '2025-06-27 09:07:26'),
	(107, '2025-01-31', 84, 54, 'Tarik Dana Kesejahteraan', 22000000.00, 0.00, 22000000.00, '2025-06-27 09:07:26', '2025-06-27 09:07:34'),
	(108, '2025-01-31', 1, 54, 'Tarik Dana Kesejahteraan', 0.00, 22000000.00, 278873104.00, '2025-06-27 09:07:26', '2025-06-27 09:07:26'),
	(109, '2025-01-31', 71, 55, 'Tarik Dana Pengurus', 12500000.00, 0.00, 12500000.00, '2025-06-27 09:07:26', '2025-06-27 09:07:32'),
	(110, '2025-01-31', 1, 55, 'Tarik Dana Pengurus', 0.00, 12500000.00, 266373104.00, '2025-06-27 09:07:26', '2025-06-27 09:07:26'),
	(111, '2025-01-31', 75, 56, 'Tarik Dana Sosial', 50000.00, 0.00, 50000.00, '2025-06-27 09:07:26', '2025-06-27 09:07:33'),
	(112, '2025-01-31', 1, 56, 'Tarik Dana Sosial', 0.00, 50000.00, 266323104.00, '2025-06-27 09:07:26', '2025-06-27 09:07:26'),
	(113, '2025-01-31', 69, 57, 'Tarik Jasa Simpanan Non-Saham', 1600000.00, 0.00, 1600000.00, '2025-06-27 09:07:26', '2025-06-27 09:07:32'),
	(114, '2025-01-31', 1, 57, 'Tarik Jasa Simpanan Non-Saham', 0.00, 1600000.00, 264723104.00, '2025-06-27 09:07:26', '2025-06-27 09:07:26'),
	(115, '2025-01-31', 81, 58, 'Tarik Sisa Hasil Usaha (SHU)', 2213800.00, 0.00, 2213800.00, '2025-06-27 09:07:26', '2025-06-27 09:07:33'),
	(116, '2025-01-31', 1, 58, 'Tarik Sisa Hasil Usaha (SHU)', 0.00, 2213800.00, 262509304.00, '2025-06-27 09:07:26', '2025-06-27 09:07:26'),
	(117, '2025-01-31', 68, 59, 'Tarik Simpanan Non-Saham', 9000000.00, 0.00, 9000000.00, '2025-06-27 09:07:26', '2025-06-27 09:07:32'),
	(118, '2025-01-31', 1, 59, 'Tarik Simpanan Non-Saham', 0.00, 9000000.00, 253509304.00, '2025-06-27 09:07:26', '2025-06-27 09:07:26'),
	(119, '2025-01-31', 64, 60, 'Tarik Simpanan Pokok (SP)', 30000.00, 0.00, 30000.00, '2025-06-27 09:07:26', '2025-06-27 09:07:32'),
	(120, '2025-01-31', 1, 60, 'Tarik Simpanan Pokok (SP)', 0.00, 30000.00, 253479304.00, '2025-06-27 09:07:26', '2025-06-27 09:07:26'),
	(121, '2025-01-31', 67, 61, 'Tarik Simpanan Sukarela (SS)', 56823300.00, 0.00, 56823300.00, '2025-06-27 09:07:26', '2025-06-27 09:07:32'),
	(122, '2025-01-31', 1, 61, 'Tarik Simpanan Sukarela (SS)', 0.00, 56823300.00, 196656004.00, '2025-06-27 09:07:26', '2025-06-27 09:07:26'),
	(123, '2025-01-31', 65, 62, 'Tarik Simpanan Wajib (SW)', 491550.00, 0.00, 491550.00, '2025-06-27 09:07:26', '2025-06-27 09:07:32'),
	(124, '2025-01-31', 1, 62, 'Tarik Simpanan Wajib (SW)', 0.00, 491550.00, 196164454.00, '2025-06-27 09:07:26', '2025-06-27 09:07:26'),
	(125, '2025-01-31', 66, 63, 'Tarik Simpanan Wajib Pinjam (SWP)', 940000.00, 0.00, 940000.00, '2025-06-27 09:07:26', '2025-06-27 09:07:32'),
	(126, '2025-01-31', 1, 63, 'Tarik Simpanan Wajib Pinjam (SWP)', 0.00, 940000.00, 195224454.00, '2025-06-27 09:07:26', '2025-06-27 09:07:26'),
	(127, '2025-01-31', 77, 64, 'Tarik Titipan Dana RAT', 11125000.00, 0.00, 11125000.00, '2025-06-27 09:07:26', '2025-06-27 09:07:33'),
	(128, '2025-01-31', 1, 64, 'Tarik Titipan Dana RAT', 0.00, 11125000.00, 184099454.00, '2025-06-27 09:07:26', '2025-06-27 09:07:26');

-- membuang struktur untuk table sikopdit.detail_neraca
CREATE TABLE IF NOT EXISTS `detail_neraca` (
  `id_detail` int unsigned NOT NULL AUTO_INCREMENT,
  `id_neraca_awal` int unsigned NOT NULL,
  `id_kategori` int unsigned NOT NULL,
  `uraian` varchar(75) COLLATE utf8mb4_general_ci NOT NULL,
  `nilai` decimal(15,2) NOT NULL DEFAULT '0.00',
  `created_at` datetime DEFAULT NULL,
  `updated_at` datetime DEFAULT NULL,
  PRIMARY KEY (`id_detail`),
  KEY `detail_neraca_id_neraca_awal_foreign` (`id_neraca_awal`),
  KEY `detail_neraca_id_kategori_foreign` (`id_kategori`),
  CONSTRAINT `detail_neraca_id_kategori_foreign` FOREIGN KEY (`id_kategori`) REFERENCES `kategori_neraca` (`id_kategori`) ON DELETE CASCADE ON UPDATE CASCADE,
  CONSTRAINT `detail_neraca_id_neraca_awal_foreign` FOREIGN KEY (`id_neraca_awal`) REFERENCES `neraca_awal` (`id_neraca_awal`) ON DELETE CASCADE ON UPDATE CASCADE
) ENGINE=InnoDB DEFAULT CHARSET=utf8mb4 COLLATE=utf8mb4_general_ci;

-- Membuang data untuk tabel sikopdit.detail_neraca: ~0 rows (lebih kurang)

-- membuang struktur untuk table sikopdit.jenis_simpanan
CREATE TABLE IF NOT EXISTS `jenis_simpanan` (
  `id_jenis_simpanan` int unsigned NOT NULL AUTO_INCREMENT,
  `nama_simpanan` varchar(30) COLLATE utf8mb4_general_ci NOT NULL,
  `created_at` datetime DEFAULT NULL,
  `updated_at` datetime DEFAULT NULL,
  PRIMARY KEY (`id_jenis_simpanan`)
) ENGINE=InnoDB DEFAULT CHARSET=utf8mb4 COLLATE=utf8mb4_general_ci;

-- Membuang data untuk tabel sikopdit.jenis_simpanan: ~0 rows (lebih kurang)

-- membuang struktur untuk table sikopdit.jurnal_kas
CREATE TABLE IF NOT EXISTS `jurnal_kas` (
  `id` int unsigned NOT NULL AUTO_INCREMENT,
  `tanggal` date NOT NULL,
  `uraian` varchar(100) COLLATE utf8mb4_general_ci NOT NULL,
  `kategori` enum('DUM','DUK') COLLATE utf8mb4_general_ci NOT NULL,
  `jumlah` decimal(15,2) NOT NULL,
  PRIMARY KEY (`id`)
) ENGINE=InnoDB AUTO_INCREMENT=65 DEFAULT CHARSET=utf8mb4 COLLATE=utf8mb4_general_ci;

-- Membuang data untuk tabel sikopdit.jurnal_kas: ~64 rows (lebih kurang)
INSERT INTO `jurnal_kas` (`id`, `tanggal`, `uraian`, `kategori`, `jumlah`) VALUES
	(1, '2025-01-31', 'Akumulasi Penyusutan Inventaris Komputer', 'DUM', 200000.00),
	(2, '2025-01-31', 'Akumulasi Penyusutan Inventaris Mebel', 'DUM', 150000.00),
	(3, '2025-01-31', 'Akumulasi Penyusutan Inventaris Gedung', 'DUM', 500000.00),
	(4, '2025-01-31', 'Angsuran Pinjaman', 'DUM', 150596000.00),
	(5, '2025-01-31', 'Cadangan Aktiva Produktif (CAP)', 'DUM', 500000.00),
	(6, '2025-01-31', 'Denda', 'DUM', 350000.00),
	(7, '2025-01-31', 'Fee (Anggota Keluar)', 'DUM', 30000.00),
	(8, '2025-01-31', 'Fee Persentase (Profisi) 1%', 'DUM', 2150000.00),
	(9, '2025-01-31', 'Jasa Piutang', 'DUM', 31103700.00),
	(10, '2025-01-31', 'Penyisihan Dana Rapat Tahunan (RAT)', 'DUM', 1200000.00),
	(11, '2025-01-31', 'Penyisihan Dana Pemilihan Pengurus', 'DUM', 250000.00),
	(12, '2025-01-31', 'Pinjaman dari Bank Pembangunan Daerah (BPD)', 'DUM', 200000000.00),
	(13, '2025-01-31', 'Risiko (Re) 0,5%', 'DUM', 1075000.00),
	(14, '2025-01-31', 'Jasa Simpanan Non-Saham', 'DUM', 2222000.00),
	(15, '2025-01-31', 'Simpanan Non-Saham', 'DUM', 4000000.00),
	(16, '2025-01-31', 'Simpanan Pokok (SP)', 'DUM', 40000.00),
	(17, '2025-01-31', 'Simpanan Sukarela (SS)', 'DUM', 45816450.00),
	(18, '2025-01-31', 'Simpanan Wajib (SW)', 'DUM', 2000000.00),
	(19, '2025-01-31', 'Simpanan Wajib Pinjam (SWP)', 'DUM', 5375000.00),
	(20, '2025-01-31', 'Tarik Dana dari Bank', 'DUM', 100000000.00),
	(21, '2025-01-31', 'Titipan Dana Kesejahteraan', 'DUM', 2500000.00),
	(22, '2025-01-31', 'Titipan Tunjangan Pesangon Karyawan', 'DUM', 300000.00),
	(23, '2025-01-31', 'Uang Pangkal', 'DUM', 40000.00),
	(24, '2025-01-31', 'Angsuran Pinjaman ke BPD', 'DUK', 20233385.00),
	(25, '2025-01-31', 'Biaya Administrasi/Pajak Bank', 'DUK', 660000.00),
	(26, '2025-01-31', 'Biaya Bensin', 'DUK', 60000.00),
	(27, '2025-01-31', 'Biaya BPJS', 'DUK', 2022214.00),
	(28, '2025-01-31', 'Biaya Bunga Hutang Bank', 'DUK', 135155.00),
	(29, '2025-01-31', 'Biaya Gaji Karyawan', 'DUK', 12044722.00),
	(30, '2025-01-31', 'Biaya Insentif Pengurus & Pengawas', 'DUK', 3200000.00),
	(31, '2025-01-31', 'Biaya IPTW (Insentif Pekerja Tidak Tetap Wajib)', 'DUK', 390000.00),
	(32, '2025-01-31', 'Biaya Koordinator', 'DUK', 445000.00),
	(33, '2025-01-31', 'Biaya Lembur', 'DUK', 375000.00),
	(34, '2025-01-31', 'Biaya Minum', 'DUK', 250000.00),
	(35, '2025-01-31', 'Biaya Non-Saham', 'DUK', 2222000.00),
	(36, '2025-01-31', 'Biaya Organisasi', 'DUK', 303000.00),
	(37, '2025-01-31', 'Biaya Pajak Listrik', 'DUK', 175000.00),
	(38, '2025-01-31', 'Biaya Pajak Wi-Fi', 'DUK', 150000.00),
	(39, '2025-01-31', 'Biaya Pemilihan Pengawas/Pengurus', 'DUK', 250000.00),
	(40, '2025-01-31', 'Biaya Penjaga/Kebersihan', 'DUK', 850000.00),
	(41, '2025-01-31', 'Dana Cadangan RAT', 'DUK', 1200000.00),
	(42, '2025-01-31', 'Biaya Penyusutan Inventaris Komputer', 'DUK', 200000.00),
	(43, '2025-01-31', 'Biaya Penyusutan Inventaris Gedung', 'DUK', 500000.00),
	(44, '2025-01-31', 'Biaya Penyusutan Inventaris Mebel', 'DUK', 150000.00),
	(45, '2025-01-31', 'Biaya Tunjangan Anak', 'DUK', 233331.00),
	(46, '2025-01-31', 'Biaya Tunjangan Istri', 'DUK', 646094.00),
	(47, '2025-01-31', 'Biaya Administrasi', 'DUK', 152500.00),
	(48, '2025-01-31', 'CAP (Cadangan Aktiva Produktif)', 'DUK', 500000.00),
	(49, '2025-01-31', 'Penyisihan Dana Kesejahteraan', 'DUK', 2500000.00),
	(50, '2025-01-31', 'Penyisihan Tunjangan Pensiun Karyawan', 'DUK', 300000.00),
	(51, '2025-01-31', 'Pinjaman Anggota', 'DUK', 215000000.00),
	(52, '2025-01-31', 'Simpanan di Bank', 'DUK', 199340000.00),
	(53, '2025-01-31', 'Tarik Dana Karyawan', 'DUK', 6300000.00),
	(54, '2025-01-31', 'Tarik Dana Kesejahteraan', 'DUK', 22000000.00),
	(55, '2025-01-31', 'Tarik Dana Pengurus', 'DUK', 12500000.00),
	(56, '2025-01-31', 'Tarik Dana Sosial', 'DUK', 50000.00),
	(57, '2025-01-31', 'Tarik Jasa Simpanan Non-Saham', 'DUK', 1600000.00),
	(58, '2025-01-31', 'Tarik Sisa Hasil Usaha (SHU)', 'DUK', 2213800.00),
	(59, '2025-01-31', 'Tarik Simpanan Non-Saham', 'DUK', 9000000.00),
	(60, '2025-01-31', 'Tarik Simpanan Pokok (SP)', 'DUK', 30000.00),
	(61, '2025-01-31', 'Tarik Simpanan Sukarela (SS)', 'DUK', 56823300.00),
	(62, '2025-01-31', 'Tarik Simpanan Wajib (SW)', 'DUK', 491550.00),
	(63, '2025-01-31', 'Tarik Simpanan Wajib Pinjam (SWP)', 'DUK', 940000.00),
	(64, '2025-01-31', 'Tarik Titipan Dana RAT', 'DUK', 11125000.00);

-- membuang struktur untuk table sikopdit.kategori_neraca
CREATE TABLE IF NOT EXISTS `kategori_neraca` (
  `id_kategori` int unsigned NOT NULL AUTO_INCREMENT,
  `nama_kategori` varchar(50) COLLATE utf8mb4_general_ci NOT NULL,
  `created_at` datetime DEFAULT NULL,
  `updated_at` datetime DEFAULT NULL,
  PRIMARY KEY (`id_kategori`)
) ENGINE=InnoDB DEFAULT CHARSET=utf8mb4 COLLATE=utf8mb4_general_ci;

-- Membuang data untuk tabel sikopdit.kategori_neraca: ~0 rows (lebih kurang)

-- membuang struktur untuk table sikopdit.keuangan_koperasi
CREATE TABLE IF NOT EXISTS `keuangan_koperasi` (
  `id_keuangan` int unsigned NOT NULL AUTO_INCREMENT,
  `id_anggota` int unsigned NOT NULL,
  `keterangan` varchar(150) COLLATE utf8mb4_general_ci NOT NULL,
  `jumlah` int NOT NULL,
  `jenis` enum('penerimaan','pengeluaran') COLLATE utf8mb4_general_ci NOT NULL DEFAULT 'penerimaan',
  `tanggal` datetime DEFAULT NULL,
  PRIMARY KEY (`id_keuangan`),
  KEY `keuangan_koperasi_id_anggota_foreign` (`id_anggota`),
  CONSTRAINT `keuangan_koperasi_id_anggota_foreign` FOREIGN KEY (`id_anggota`) REFERENCES `anggota` (`id_anggota`) ON DELETE CASCADE ON UPDATE CASCADE
) ENGINE=InnoDB DEFAULT CHARSET=utf8mb4 COLLATE=utf8mb4_general_ci;

-- Membuang data untuk tabel sikopdit.keuangan_koperasi: ~0 rows (lebih kurang)

-- membuang struktur untuk table sikopdit.mapping_akun_neraca
CREATE TABLE IF NOT EXISTS `mapping_akun_neraca` (
  `id` int unsigned NOT NULL AUTO_INCREMENT,
  `nama_laporan` varchar(100) COLLATE utf8mb4_general_ci NOT NULL,
  `id_akun_utama` int unsigned NOT NULL,
  `id_akun_pengurang` int unsigned DEFAULT NULL,
  `jenis` enum('AKTIVA','KEWAJIBAN JANGKA PENDEK','KEWAJIBAN JANGKA PANJANG','EKUITAS') COLLATE utf8mb4_general_ci NOT NULL,
  `urutan` int NOT NULL DEFAULT '0',
  `created_at` datetime DEFAULT NULL,
  `updated_at` datetime DEFAULT NULL,
  PRIMARY KEY (`id`)
) ENGINE=InnoDB AUTO_INCREMENT=55 DEFAULT CHARSET=utf8mb4 COLLATE=utf8mb4_general_ci;

-- Membuang data untuk tabel sikopdit.mapping_akun_neraca: ~54 rows (lebih kurang)
INSERT INTO `mapping_akun_neraca` (`id`, `nama_laporan`, `id_akun_utama`, `id_akun_pengurang`, `jenis`, `urutan`, `created_at`, `updated_at`) VALUES
	(1, 'Kas', 1, 2, 'AKTIVA', 1, NULL, NULL),
	(2, 'Simpanan di Bank', 2, 9, 'AKTIVA', 2, NULL, NULL),
	(3, 'Simpanan Deposito', 3, 50, 'AKTIVA', 3, NULL, NULL),
	(4, 'Piutang Biasa', 62, 24, 'AKTIVA', 4, NULL, NULL),
	(5, 'Piutang Khusus', 0, 0, 'AKTIVA', 5, NULL, NULL),
	(6, 'Piutang Ragu-ragu', 0, 0, 'AKTIVA', 6, NULL, NULL),
	(7, 'Penyusutan Piutang Ragu', 0, 0, 'AKTIVA', 7, NULL, NULL),
	(8, 'Simpanan di BK3D', 0, 0, 'AKTIVA', 8, NULL, NULL),
	(9, 'Investasi', 0, 0, 'AKTIVA', 9, NULL, NULL),
	(10, 'Serta Data', 0, 0, 'AKTIVA', 10, NULL, NULL),
	(11, 'Inventaris Barang Mebeler', 13, 5, 'AKTIVA', 11, NULL, NULL),
	(12, 'Beban Tertangguh', 149, 8, 'AKTIVA', 12, NULL, NULL),
	(13, 'Inventaris Gedung/Bangunan', 14, 6, 'AKTIVA', 13, NULL, NULL),
	(14, 'Inventaris Pagar', 0, 0, 'AKTIVA', 14, NULL, NULL),
	(15, 'Inventaris Tanah', 0, 0, 'AKTIVA', 15, NULL, NULL),
	(16, 'Inventaris Komputer', 15, 4, 'AKTIVA', 16, NULL, NULL),
	(17, 'Inventaris Kendaraan', 16, 7, 'AKTIVA', 17, NULL, NULL),
	(18, 'Simpanan Non Saham', 34, 68, 'KEWAJIBAN JANGKA PENDEK', 1, NULL, NULL),
	(19, 'Simpanan Jasa Non Saham', 35, 69, 'KEWAJIBAN JANGKA PENDEK', 2, NULL, NULL),
	(20, 'Simpanan Sukarela', 37, 67, 'KEWAJIBAN JANGKA PENDEK', 3, NULL, NULL),
	(21, 'Dana Dana', 162, 0, 'KEWAJIBAN JANGKA PENDEK', 4, NULL, NULL),
	(22, 'Dana Pengurus', 163, 71, 'KEWAJIBAN JANGKA PENDEK', 5, NULL, NULL),
	(23, 'Dana Pendidikan', 164, 74, 'KEWAJIBAN JANGKA PENDEK', 6, NULL, NULL),
	(24, 'Dana Karyawan', 165, 73, 'KEWAJIBAN JANGKA PENDEK', 7, NULL, NULL),
	(25, 'Dana PDK', 56, 76, 'KEWAJIBAN JANGKA PENDEK', 8, NULL, NULL),
	(26, 'Dana Sosial', 57, 75, 'KEWAJIBAN JANGKA PENDEK', 9, NULL, NULL),
	(27, 'Dana Insentif', 166, 150, 'KEWAJIBAN JANGKA PENDEK', 10, NULL, NULL),
	(28, 'Dana Supervisi', 167, 143, 'KEWAJIBAN JANGKA PENDEK', 11, NULL, NULL),
	(29, 'Beban yang Masih Harus Dibayar', 0, 0, 'KEWAJIBAN JANGKA PENDEK', 12, NULL, NULL),
	(30, 'Dana RAT', 125, 77, 'KEWAJIBAN JANGKA PENDEK', 13, NULL, NULL),
	(31, 'Dana Kesejahteraan', 40, 84, 'KEWAJIBAN JANGKA PENDEK', 14, NULL, NULL),
	(32, 'Dana SHU Tahun Lalu', 171, 0, 'KEWAJIBAN JANGKA PENDEK', 15, NULL, NULL),
	(33, 'Titipan Pemilihan Pengurus', 31, 0, 'KEWAJIBAN JANGKA PENDEK', 16, NULL, NULL),
	(34, 'SHU Tahun Sekarang', 0, 0, 'KEWAJIBAN JANGKA PENDEK', 17, NULL, NULL),
	(35, 'Dana Sehat', 174, 0, 'KEWAJIBAN JANGKA PANJANG', 18, NULL, NULL),
	(36, 'Titipan Simpanan Pokok/Simpanan Wajib', 175, 0, 'KEWAJIBAN JANGKA PANJANG', 19, NULL, NULL),
	(37, 'Titipan Dana-Dana', 0, 0, 'KEWAJIBAN JANGKA PANJANG', 20, NULL, NULL),
	(38, 'Titipan CAP', 25, 80, 'KEWAJIBAN JANGKA PANJANG', 21, NULL, NULL),
	(39, 'Titipan Dana RAT', 42, 77, 'KEWAJIBAN JANGKA PANJANG', 22, NULL, NULL),
	(40, 'Titipan Biaya Pajak', 178, 83, 'KEWAJIBAN JANGKA PANJANG', 23, NULL, NULL),
	(41, 'Titipan Dana Pendamping', 43, 86, 'KEWAJIBAN JANGKA PANJANG', 24, NULL, NULL),
	(42, 'Pemupukan Modal Tetap', 11, 79, 'KEWAJIBAN JANGKA PANJANG', 25, NULL, NULL),
	(43, 'Tabungan Pesangon Karyawan', 41, 123, 'KEWAJIBAN JANGKA PANJANG', 26, NULL, NULL),
	(44, 'Pinjaman Pihak Ke 2', 0, 0, 'KEWAJIBAN JANGKA PANJANG', 27, NULL, NULL),
	(45, 'Simpanan Pokok', 36, 64, 'EKUITAS', 28, NULL, NULL),
	(46, 'Simpanan Wajib', 38, 65, 'EKUITAS', 29, NULL, NULL),
	(47, 'Simpanan SWP', 39, 66, 'EKUITAS', 30, NULL, NULL),
	(48, 'Iuran Dana Sehat', 0, 0, 'EKUITAS', 31, NULL, NULL),
	(49, 'Hibah', 0, 0, 'EKUITAS', 33, NULL, NULL),
	(50, 'Cadangan Likuiditas', 0, 0, 'EKUITAS', 33, NULL, NULL),
	(51, 'Cadangan Koperasi', 0, 0, 'EKUITAS', 34, NULL, NULL),
	(52, 'Dana Risiko', 33, 78, 'EKUITAS', 35, NULL, NULL),
	(53, 'PJKR', 0, 0, 'EKUITAS', 36, NULL, NULL),
	(54, 'SHU', 0, 0, 'EKUITAS', 37, NULL, NULL);

-- membuang struktur untuk table sikopdit.migrations
CREATE TABLE IF NOT EXISTS `migrations` (
  `id` bigint unsigned NOT NULL AUTO_INCREMENT,
  `version` varchar(255) COLLATE utf8mb4_general_ci NOT NULL,
  `class` varchar(255) COLLATE utf8mb4_general_ci NOT NULL,
  `group` varchar(255) COLLATE utf8mb4_general_ci NOT NULL,
  `namespace` varchar(255) COLLATE utf8mb4_general_ci NOT NULL,
  `time` int NOT NULL,
  `batch` int unsigned NOT NULL,
  PRIMARY KEY (`id`)
) ENGINE=InnoDB AUTO_INCREMENT=16 DEFAULT CHARSET=utf8mb4 COLLATE=utf8mb4_general_ci;

-- Membuang data untuk tabel sikopdit.migrations: ~1 rows (lebih kurang)
INSERT INTO `migrations` (`id`, `version`, `class`, `group`, `namespace`, `time`, `batch`) VALUES
	(1, '2025-03-19-023245', 'App\\Database\\Migrations\\Users', 'default', 'App', 1751040327, 1),
	(2, '2025-03-19-023327', 'App\\Database\\Migrations\\Anggota', 'default', 'App', 1751040328, 1),
	(3, '2025-03-19-023724', 'App\\Database\\Migrations\\JenisSimpanan', 'default', 'App', 1751040330, 1),
	(4, '2025-03-19-030906', 'App\\Database\\Migrations\\TransaksiPinjaman', 'default', 'App', 1751040332, 1),
	(5, '2025-03-19-030926', 'App\\Database\\Migrations\\TransaksiSimpanan', 'default', 'App', 1751040332, 1),
	(6, '2025-03-19-030944', 'App\\Database\\Migrations\\KeuanganKoperasi', 'default', 'App', 1751040333, 1),
	(7, '2025-03-19-031007', 'App\\Database\\Migrations\\Angsuran', 'default', 'App', 1751040333, 1),
	(8, '2025-03-19-031023', 'App\\Database\\Migrations\\JurnalKas', 'default', 'App', 1751040334, 1),
	(9, '2025-03-19-031035', 'App\\Database\\Migrations\\CreateNeracaTables', 'default', 'App', 1751040334, 1),
	(10, '2025-04-10-141506', 'App\\Database\\Migrations\\Akun', 'default', 'App', 1751040335, 1),
	(11, '2025-04-10-142233', 'App\\Database\\Migrations\\PemetaanAkun', 'default', 'App', 1751040335, 1),
	(12, '2025-04-10-142703', 'App\\Database\\Migrations\\SaldoAkun', 'default', 'App', 1751040335, 1),
	(13, '2025-04-10-160846', 'App\\Database\\Migrations\\BukuBesar', 'default', 'App', 1751040335, 1),
	(14, '2025-05-27-033111', 'App\\Database\\Migrations\\CreateTblNeracaData', 'default', 'App', 1751040336, 1),
	(15, '2025-06-22-160437', 'App\\Database\\Migrations\\MappingAkunNeraca', 'default', 'App', 1751040336, 1);

-- membuang struktur untuk table sikopdit.neraca_awal
CREATE TABLE IF NOT EXISTS `neraca_awal` (
  `id_neraca_awal` int unsigned NOT NULL AUTO_INCREMENT,
  `bulan` tinyint NOT NULL,
  `tahun` year NOT NULL,
  `created_at` datetime DEFAULT NULL,
  `updated_at` datetime DEFAULT NULL,
  PRIMARY KEY (`id_neraca_awal`)
) ENGINE=InnoDB DEFAULT CHARSET=utf8mb4 COLLATE=utf8mb4_general_ci;

-- Membuang data untuk tabel sikopdit.neraca_awal: ~0 rows (lebih kurang)

-- membuang struktur untuk table sikopdit.pemetaan_akun
CREATE TABLE IF NOT EXISTS `pemetaan_akun` (
  `id` int unsigned NOT NULL AUTO_INCREMENT,
  `pola_uraian` varchar(100) COLLATE utf8mb4_general_ci NOT NULL COMMENT 'Gunakan % sebagai wildcard LIKE',
  `kategori_jurnal` enum('DUM','DUK') COLLATE utf8mb4_general_ci NOT NULL COMMENT 'Harus cocok dgn Jurnal Kas',
  `id_akun_debit` int unsigned NOT NULL COMMENT 'FK ke tabel akun',
  `id_akun_kredit` int unsigned NOT NULL COMMENT 'FK ke tabel akun',
  `prioritas` int NOT NULL DEFAULT '0' COMMENT 'Angka lebih tinggi diproses dulu jika pola sama',
  `deskripsi` text COLLATE utf8mb4_general_ci COMMENT 'Penjelasan aturan (opsional)',
  `created_at` datetime DEFAULT NULL,
  `updated_at` datetime DEFAULT NULL,
  PRIMARY KEY (`id`),
  KEY `fk_pemetaan_debit_akun` (`id_akun_debit`),
  KEY `fk_pemetaan_kredit_akun` (`id_akun_kredit`),
  KEY `idx_pola_kategori` (`pola_uraian`,`kategori_jurnal`),
  CONSTRAINT `fk_pemetaan_debit_akun` FOREIGN KEY (`id_akun_debit`) REFERENCES `akun` (`id`) ON DELETE CASCADE ON UPDATE CASCADE,
  CONSTRAINT `fk_pemetaan_kredit_akun` FOREIGN KEY (`id_akun_kredit`) REFERENCES `akun` (`id`) ON DELETE CASCADE ON UPDATE CASCADE
) ENGINE=InnoDB AUTO_INCREMENT=190 DEFAULT CHARSET=utf8mb4 COLLATE=utf8mb4_general_ci;

-- Membuang data untuk tabel sikopdit.pemetaan_akun: ~189 rows (lebih kurang)
INSERT INTO `pemetaan_akun` (`id`, `pola_uraian`, `kategori_jurnal`, `id_akun_debit`, `id_akun_kredit`, `prioritas`, `deskripsi`, `created_at`, `updated_at`) VALUES
	(1, 'Angsuran Pinjaman%', 'DUM', 1, 24, 0, '', '2025-06-27 16:05:52', '2025-06-27 16:05:52'),
	(2, 'Cadangan Aktiva Produktif (CAP)%', 'DUM', 1, 25, 0, '', '2025-06-27 16:05:52', '2025-06-27 16:05:52'),
	(3, 'Denda%', 'DUM', 1, 26, 0, '', '2025-06-27 16:05:52', '2025-06-27 16:05:52'),
	(4, 'Fee (Anggota Keluar)%', 'DUM', 1, 27, 0, '', '2025-06-27 16:05:52', '2025-06-27 16:05:52'),
	(5, 'Fee Persentase (Profisi) 1%%', 'DUM', 1, 28, 0, '', '2025-06-27 16:05:52', '2025-06-27 16:05:52'),
	(6, 'Jasa Piutang%', 'DUM', 1, 30, 0, '', '2025-06-27 16:05:52', '2025-06-27 16:05:52'),
	(7, 'Penyisihan Dana Rapat Tahunan (RAT)%', 'DUM', 1, 125, 0, '', '2025-06-27 16:05:52', '2025-06-27 16:05:52'),
	(8, 'Penyisihan Dana Pemilihan Pengurus%', 'DUM', 1, 31, 0, '', '2025-06-27 16:05:52', '2025-06-27 16:05:52'),
	(9, 'Pinjaman dari Bank Pembangunan Daerah (BPD)%', 'DUM', 1, 32, 0, '', '2025-06-27 16:05:52', '2025-06-27 16:05:52'),
	(10, 'Risiko (Re) 0,5%%', 'DUM', 1, 33, 0, '', '2025-06-27 16:05:52', '2025-06-27 16:05:52'),
	(11, 'Jasa Simpanan Non-Saham%', 'DUM', 1, 35, 0, '', '2025-06-27 16:05:52', '2025-06-27 16:05:52'),
	(12, 'Simpanan Non-Saham%', 'DUM', 1, 34, 0, '', '2025-06-27 16:05:52', '2025-06-27 16:05:52'),
	(13, 'Simpanan Pokok (SP)%', 'DUM', 1, 36, 0, '', '2025-06-27 16:05:52', '2025-06-27 16:05:52'),
	(14, 'Simpanan Sukarela (SS)%', 'DUM', 1, 37, 0, '', '2025-06-27 16:05:52', '2025-06-27 16:05:52'),
	(15, 'Simpanan Wajib (SW)%', 'DUM', 1, 38, 0, '', '2025-06-27 16:05:52', '2025-06-27 16:05:52'),
	(16, 'Simpanan Wajib Pinjam (SWP)%', 'DUM', 1, 39, 0, '', '2025-06-27 16:05:52', '2025-06-27 16:05:52'),
	(17, 'Tarik Dana dari Bank%', 'DUM', 1, 9, 0, '', '2025-06-27 16:05:52', '2025-06-27 16:05:52'),
	(18, 'Titipan Dana Kesejahteraan%', 'DUM', 1, 40, 0, '', '2025-06-27 16:05:52', '2025-06-27 16:05:52'),
	(19, 'Titipan Tunjangan Pesangon Karyawan%', 'DUM', 1, 41, 0, '', '2025-06-27 16:05:52', '2025-06-27 16:05:52'),
	(20, 'Uang Pangkal%', 'DUM', 1, 10, 0, '', '2025-06-27 16:05:52', '2025-06-27 16:05:52'),
	(21, 'Akumulasi Penyusutan Inventaris Komputer%', 'DUM', 1, 4, 0, '', '2025-06-27 16:05:52', '2025-06-27 16:05:52'),
	(22, 'Akumulasi Penyusutan Inventaris Mebel%', 'DUM', 1, 5, 0, '', '2025-06-27 16:05:52', '2025-06-27 16:05:52'),
	(23, 'Akumulasi Penyusutan Inventaris Kendaraan%', 'DUM', 1, 7, 0, '', '2025-06-27 16:05:52', '2025-06-27 16:05:52'),
	(24, 'Akumulasi Penyusutan Inventaris Gedung%', 'DUM', 1, 6, 0, '', '2025-06-27 16:05:52', '2025-06-27 16:05:52'),
	(25, 'Pendapatan Jasa Pinjaman%', 'DUM', 1, 29, 0, '', '2025-06-27 16:05:52', '2025-06-27 16:05:52'),
	(26, 'Titipan Dana RAT%', 'DUM', 1, 42, 0, '', '2025-06-27 16:05:52', '2025-06-27 16:05:52'),
	(27, 'Titipan Dana Pendampingan%', 'DUM', 1, 43, 0, '', '2025-06-27 16:05:52', '2025-06-27 16:05:52'),
	(28, 'Titipan Penyisihan Pajak SHU%', 'DUM', 1, 44, 0, '', '2025-06-27 16:05:52', '2025-06-27 16:05:52'),
	(29, 'Pendapatan Hibah%', 'DUM', 1, 46, 0, '', '2025-06-27 16:05:52', '2025-06-27 16:05:52'),
	(30, 'Pendapatan Jasa Simpanan Bank%', 'DUM', 1, 47, 0, '', '2025-06-27 16:05:52', '2025-06-27 16:05:52'),
	(31, 'Titipan Simpanan Pokok/Simpana Wajib%', 'DUM', 1, 175, 0, '', '2025-06-27 16:05:52', '2025-06-27 16:05:52'),
	(32, 'Titipan Pemilihan Pengurus%', 'DUM', 1, 172, 0, '', '2025-06-27 16:05:52', '2025-06-27 16:05:52'),
	(33, 'Titipan Dana-Dana%', 'DUM', 1, 176, 0, '', '2025-06-27 16:05:52', '2025-06-27 16:05:52'),
	(34, 'Titipan CAP%', 'DUM', 1, 177, 0, '', '2025-06-27 16:05:52', '2025-06-27 16:05:52'),
	(35, 'Titipan Biaya Pajak%', 'DUM', 1, 178, 0, '', '2025-06-27 16:05:52', '2025-06-27 16:05:52'),
	(36, 'Tabungan Pesangon Karyawan%', 'DUM', 1, 180, 0, '', '2025-06-27 16:05:52', '2025-06-27 16:05:52'),
	(37, 'Dana SHU tahun lalu%', 'DUM', 1, 171, 0, '', '2025-06-27 16:05:52', '2025-06-27 16:05:52'),
	(38, 'SHU Tahun Sekarang%', 'DUM', 1, 173, 0, '', '2025-06-27 16:05:52', '2025-06-27 16:05:52'),
	(39, 'SHU%', 'DUM', 1, 187, 0, '', '2025-06-27 16:05:52', '2025-06-27 16:05:52'),
	(40, 'PJKR%', 'DUM', 1, 186, 0, '', '2025-06-27 16:05:52', '2025-06-27 16:05:52'),
	(41, 'Pinjaman Pihak Ke 2%', 'DUM', 1, 181, 0, '', '2025-06-27 16:05:52', '2025-06-27 16:05:52'),
	(42, 'Pemupukan Modal Tetap%', 'DUM', 1, 179, 0, '', '2025-06-27 16:05:52', '2025-06-27 16:05:52'),
	(43, 'Dana Supervisi%', 'DUM', 1, 167, 0, '', '2025-06-27 16:05:52', '2025-06-27 16:05:52'),
	(44, 'Dana Insentif%', 'DUM', 1, 166, 0, '', '2025-06-27 16:05:52', '2025-06-27 16:05:52'),
	(45, 'Iuran Dana Sehat%', 'DUM', 1, 182, 0, '', '2025-06-27 16:05:52', '2025-06-27 16:05:52'),
	(46, 'Dana Sehat%', 'DUM', 1, 174, 0, '', '2025-06-27 16:05:52', '2025-06-27 16:05:52'),
	(47, 'Dana Risiko%', 'DUM', 1, 185, 0, '', '2025-06-27 16:05:52', '2025-06-27 16:05:52'),
	(48, 'Dana RAT%', 'DUM', 1, 169, 0, '', '2025-06-27 16:05:52', '2025-06-27 16:05:52'),
	(49, 'Dana Pengurus%', 'DUM', 1, 163, 0, '', '2025-06-27 16:05:52', '2025-06-27 16:05:52'),
	(50, 'Dana Kesejahteraan%', 'DUM', 1, 170, 0, '', '2025-06-27 16:05:52', '2025-06-27 16:05:52'),
	(51, 'Dana Karyawan%', 'DUM', 1, 165, 0, '', '2025-06-27 16:05:52', '2025-06-27 16:05:52'),
	(52, 'Dana Dana%', 'DUM', 1, 162, 0, '', '2025-06-27 16:05:52', '2025-06-27 16:05:52'),
	(53, 'Cadangan Likuiditas%', 'DUM', 1, 183, 0, '', '2025-06-27 16:05:52', '2025-06-27 16:05:52'),
	(54, 'Cadangan Koperasi%', 'DUM', 1, 184, 0, '', '2025-06-27 16:05:52', '2025-06-27 16:05:52'),
	(55, 'Beban yang harus di bayar%', 'DUM', 1, 168, 0, '', '2025-06-27 16:05:52', '2025-06-27 16:05:52'),
	(56, 'Pendapatan Jasa Deposito%', 'DUM', 1, 48, 0, '', '2025-06-27 16:05:52', '2025-06-27 16:05:52'),
	(57, 'Titipan Pajak Jasa Non Saham%', 'DUM', 1, 49, 0, '', '2025-06-27 16:05:52', '2025-06-27 16:05:52'),
	(58, 'Tarik Simpanan Deposito%', 'DUM', 1, 50, 0, '', '2025-06-27 16:05:52', '2025-06-27 16:05:52'),
	(59, 'Pendapatan Lain-lain1%', 'DUM', 1, 35, 0, '', '2025-06-27 16:05:52', '2025-06-27 16:05:52'),
	(60, 'Pendapatan dari Tarik Titipan SHU%', 'DUM', 1, 51, 0, '', '2025-06-27 16:05:52', '2025-06-27 16:05:52'),
	(61, 'Fee (BPKB)%', 'DUM', 1, 52, 0, '', '2025-06-27 16:05:52', '2025-06-27 16:05:52'),
	(62, 'Akumulasi Penyusutan Tertangguh%', 'DUM', 1, 8, 0, '', '2025-06-27 16:05:52', '2025-06-27 16:05:52'),
	(63, 'Penyisihan Dana Kesehatan%', 'DUM', 1, 53, 0, '', '2025-06-27 16:05:52', '2025-06-27 16:05:52'),
	(64, 'Tabungan Hari Tua Karyawan%', 'DUM', 1, 54, 0, '', '2025-06-27 16:05:52', '2025-06-27 16:05:52'),
	(65, 'Jaminan PJKR%', 'DUM', 1, 55, 0, '', '2025-06-27 16:05:52', '2025-06-27 16:05:52'),
	(66, 'Dana Pendidikan%', 'DUM', 1, 164, 0, '', '2025-06-27 16:05:52', '2025-06-27 16:05:52'),
	(67, 'Dana PDK%', 'DUM', 1, 56, 0, '', '2025-06-27 16:05:52', '2025-06-27 16:05:52'),
	(68, 'Dana Sosial%', 'DUM', 1, 57, 0, '', '2025-06-27 16:05:52', '2025-06-27 16:05:52'),
	(69, 'Penyusutan Piutang Ragu-ragu%', 'DUM', 20, 1, 0, '', '2025-06-27 16:05:52', '2025-06-27 16:05:52'),
	(70, 'Piutang Ragu-ragu%', 'DUM', 19, 1, 0, '', '2025-06-27 16:05:52', '2025-06-27 16:05:52'),
	(71, 'Piutang Khusus%', 'DUM', 18, 1, 0, '', '2025-06-27 16:05:52', '2025-06-27 16:05:52'),
	(72, 'Piutang Biasa%', 'DUM', 17, 1, 0, '', '2025-06-27 16:05:52', '2025-06-27 16:05:52'),
	(73, 'Simpanan di BK3D%', 'DUM', 21, 1, 0, '', '2025-06-27 16:05:52', '2025-06-27 16:05:52'),
	(74, 'Serta Data%', 'DUM', 23, 1, 0, '', '2025-06-27 16:05:52', '2025-06-27 16:05:52'),
	(75, 'Simpanan Hasil Usaha%', 'DUM', 1, 58, 0, '', '2025-06-27 16:05:52', '2025-06-27 16:05:52'),
	(76, 'Dana Pengelola%', 'DUM', 1, 59, 0, '', '2025-06-27 16:05:52', '2025-06-27 16:05:52'),
	(77, 'Modal Tetap%', 'DUM', 1, 11, 0, '', '2025-06-27 16:05:52', '2025-06-27 16:05:52'),
	(78, 'Titipan Utang Pajak SHU%', 'DUM', 1, 60, 0, '', '2025-06-27 16:05:52', '2025-06-27 16:05:52'),
	(79, 'Penyisihhan Modal Simpanan Anggota%', 'DUM', 1, 61, 0, '', '2025-06-27 16:05:52', '2025-06-27 16:05:52'),
	(80, 'Dana Cadangan RAT%', 'DUK', 85, 1, 0, '', '2025-06-27 16:05:52', '2025-06-27 16:05:52'),
	(81, 'Biaya Administrasi/Pajak Bank%', 'DUK', 118, 1, 0, '', '2025-06-27 16:05:52', '2025-06-27 16:05:52'),
	(82, 'Biaya Bensin%', 'DUK', 101, 1, 0, '', '2025-06-27 16:05:52', '2025-06-27 16:05:52'),
	(83, 'Biaya BPJS%', 'DUK', 122, 1, 0, '', '2025-06-27 16:05:52', '2025-06-27 16:05:52'),
	(84, 'Biaya Bunga Hutang Bank%', 'DUK', 117, 1, 0, '', '2025-06-27 16:05:52', '2025-06-27 16:05:52'),
	(85, 'Biaya Gaji Karyawan%', 'DUK', 88, 1, 0, '', '2025-06-27 16:05:52', '2025-06-27 16:05:52'),
	(86, 'Biaya IPTW (Insentif Pekerja Tidak Tetap Wajib)%', 'DUK', 93, 1, 0, '', '2025-06-27 16:05:52', '2025-06-27 16:05:52'),
	(87, 'Biaya Koordinator%', 'DUK', 94, 1, 0, '', '2025-06-27 16:05:52', '2025-06-27 16:05:52'),
	(88, 'Biaya Lembur%', 'DUK', 102, 1, 0, '', '2025-06-27 16:05:52', '2025-06-27 16:05:52'),
	(89, 'Biaya Minum%', 'DUK', 95, 1, 0, '', '2025-06-27 16:05:52', '2025-06-27 16:05:52'),
	(90, 'Biaya Non-Saham%', 'DUK', 103, 1, 0, '', '2025-06-27 16:05:52', '2025-06-27 16:05:52'),
	(91, 'Biaya Organisasi%', 'DUK', 87, 1, 0, '', '2025-06-27 16:05:52', '2025-06-27 16:05:52'),
	(92, 'Biaya Pajak Listrik%', 'DUK', 135, 1, 0, '', '2025-06-27 16:05:52', '2025-06-27 16:05:52'),
	(93, 'Biaya Pajak Wi-Fi%', 'DUK', 139, 1, 0, '', '2025-06-27 16:05:52', '2025-06-27 16:05:52'),
	(94, 'Biaya Pemilihan Pengawas/Pengurus%', 'DUK', 121, 1, 0, '', '2025-06-27 16:05:52', '2025-06-27 16:05:52'),
	(95, 'Biaya Tunjangan Anak%', 'DUK', 90, 1, 0, '', '2025-06-27 16:05:52', '2025-06-27 16:05:52'),
	(96, 'Biaya Tunjangan Istri%', 'DUK', 89, 1, 0, '', '2025-06-27 16:05:52', '2025-06-27 16:05:52'),
	(97, 'Penyisihan Dana Kesejahteraan%', 'DUK', 126, 1, 0, '', '2025-06-27 16:05:52', '2025-06-27 16:05:52'),
	(98, 'Penyisihan Tunjangan Pensiun Karyawan%', 'DUK', 123, 1, 0, '', '2025-06-27 16:05:52', '2025-06-27 16:05:52'),
	(99, 'Pinjaman Anggota%', 'DUK', 62, 1, 0, '', '2025-06-27 16:05:52', '2025-06-27 16:05:52'),
	(100, 'Tarik Dana Karyawan%', 'DUK', 73, 1, 0, '', '2025-06-27 16:05:52', '2025-06-27 16:05:52'),
	(101, 'Tarik Dana Kesejahteraan%', 'DUK', 84, 1, 0, '', '2025-06-27 16:05:52', '2025-06-27 16:05:52'),
	(102, 'Tarik Dana Pengurus%', 'DUK', 71, 1, 0, '', '2025-06-27 16:05:52', '2025-06-27 16:05:52'),
	(103, 'Tarik Dana Pengawas%', 'DUK', 72, 1, 0, '', '2025-06-27 16:05:52', '2025-06-27 16:05:52'),
	(104, 'Tarik Dana Sosial%', 'DUK', 75, 1, 0, '', '2025-06-27 16:05:52', '2025-06-27 16:05:52'),
	(105, 'Tarik Jasa Simpanan Non-Saham%', 'DUK', 69, 1, 0, '', '2025-06-27 16:05:52', '2025-06-27 16:05:52'),
	(106, 'Tarik Sisa Hasil Usaha (SHU)%', 'DUK', 81, 1, 0, '', '2025-06-27 16:05:52', '2025-06-27 16:05:52'),
	(107, 'Tarik Simpanan Non-Saham%', 'DUK', 68, 1, 0, '', '2025-06-27 16:05:52', '2025-06-27 16:05:52'),
	(108, 'Tarik Simpanan Pokok (SP)%', 'DUK', 64, 1, 0, '', '2025-06-27 16:05:52', '2025-06-27 16:05:52'),
	(109, 'Tarik Simpanan Sukarela (SS)%', 'DUK', 67, 1, 0, '', '2025-06-27 16:05:52', '2025-06-27 16:05:52'),
	(110, 'Tarik Simpanan Wajib (SW)%', 'DUK', 65, 1, 0, '', '2025-06-27 16:05:52', '2025-06-27 16:05:52'),
	(111, 'Tarik Simpanan Wajib Pinjam (SWP)%', 'DUK', 66, 1, 0, '', '2025-06-27 16:05:52', '2025-06-27 16:05:52'),
	(112, 'Tarik Titipan Dana RAT%', 'DUK', 77, 1, 0, '', '2025-06-27 16:05:52', '2025-06-27 16:05:52'),
	(113, 'Modal Tetap%', 'DUK', 30, 1, 0, '', '2025-06-27 16:05:52', '2025-06-27 16:05:52'),
	(114, 'Pendapatan Lain-lain%', 'DUK', 45, 1, 0, '', '2025-06-27 16:05:52', '2025-06-27 16:05:52'),
	(115, 'Simpanan di Bank%', 'DUK', 2, 1, 0, '', '2025-06-27 16:05:52', '2025-06-27 16:05:52'),
	(116, 'Simpanan Deposito%', 'DUK', 3, 1, 0, '', '2025-06-27 16:05:52', '2025-06-27 16:05:52'),
	(117, 'Angsuran Pinjaman ke BPD%', 'DUK', 63, 1, 0, '', '2025-06-27 16:05:52', '2025-06-27 16:05:52'),
	(118, 'Tarik Titip (SP, SW, SWP, SS)%', 'DUK', 70, 1, 0, '', '2025-06-27 16:05:52', '2025-06-27 16:05:52'),
	(119, 'Tarik Dana Pendidikan%', 'DUK', 74, 1, 0, '', '2025-06-27 16:05:52', '2025-06-27 16:05:52'),
	(120, 'Tarik Dana PDK%', 'DUK', 76, 1, 0, '', '2025-06-27 16:05:52', '2025-06-27 16:05:52'),
	(121, 'Tarik Dana Risiko%', 'DUK', 78, 1, 0, '', '2025-06-27 16:05:52', '2025-06-27 16:05:52'),
	(122, 'Tarik Dana Pemupukan Modal Tetap%', 'DUK', 79, 1, 0, '', '2025-06-27 16:05:52', '2025-06-27 16:05:52'),
	(123, 'Tarik Dana CAP%', 'DUK', 80, 1, 0, '', '2025-06-27 16:05:52', '2025-06-27 16:05:52'),
	(124, 'Tarik THT%', 'DUK', 82, 1, 0, '', '2025-06-27 16:05:52', '2025-06-27 16:05:52'),
	(125, 'Tarik Titipan Pajak%', 'DUK', 83, 1, 0, '', '2025-06-27 16:05:52', '2025-06-27 16:05:52'),
	(126, 'Tarik Dana Pendampingan%', 'DUK', 86, 1, 0, '', '2025-06-27 16:05:52', '2025-06-27 16:05:52'),
	(127, 'THR (Karyawan)%', 'DUK', 91, 1, 0, '', '2025-06-27 16:05:52', '2025-06-27 16:05:52'),
	(128, 'Biaya Insentif Pengurus & Pengawas%', 'DUK', 92, 1, 0, '', '2025-06-27 16:05:52', '2025-06-27 16:05:52'),
	(129, 'Biaya Penjaga/Kebersihan%', 'DUK', 96, 1, 0, '', '2025-06-27 16:05:52', '2025-06-27 16:05:52'),
	(130, 'THR Penjaga%', 'DUK', 97, 1, 0, '', '2025-06-27 16:05:52', '2025-06-27 16:05:52'),
	(131, 'Biaya Harkop/Besar Nasional%', 'DUK', 98, 1, 0, '', '2025-06-27 16:05:52', '2025-06-27 16:05:52'),
	(132, 'Biaya Transportasi%', 'DUK', 99, 1, 0, '', '2025-06-27 16:05:52', '2025-06-27 16:05:52'),
	(133, 'Biaya Transportasi Rapat%', 'DUK', 100, 1, 0, '', '2025-06-27 16:05:52', '2025-06-27 16:05:52'),
	(134, 'Biaya Perawatan Inventaris%', 'DUK', 104, 1, 0, '', '2025-06-27 16:05:52', '2025-06-27 16:05:52'),
	(135, 'Biaya Kalender/Promosi%', 'DUK', 105, 1, 0, '', '2025-06-27 16:05:52', '2025-06-27 16:05:52'),
	(136, 'Biaya Pendidikan%', 'DUK', 106, 1, 0, '', '2025-06-27 16:05:52', '2025-06-27 16:05:52'),
	(137, 'Perawatan Gedung%', 'DUK', 107, 1, 0, '', '2025-06-27 16:05:52', '2025-06-27 16:05:52'),
	(138, 'Biaya Dana Sosial%', 'DUK', 108, 1, 0, '', '2025-06-27 16:05:52', '2025-06-27 16:05:52'),
	(139, 'Bonus Pencapaian Target%', 'DUK', 109, 1, 0, '', '2025-06-27 16:05:52', '2025-06-27 16:05:52'),
	(140, 'Biaya Kesejahteraan%', 'DUK', 110, 1, 0, '', '2025-06-27 16:05:52', '2025-06-27 16:05:52'),
	(141, 'Biaya Audit Pengawas%', 'DUK', 111, 1, 0, '', '2025-06-27 16:05:52', '2025-06-27 16:05:52'),
	(142, 'Biaya Supervisi Pengurus%', 'DUK', 112, 1, 0, '', '2025-06-27 16:05:52', '2025-06-27 16:05:52'),
	(143, 'Insentif Koordinator%', 'DUK', 113, 1, 0, '', '2025-06-27 16:05:52', '2025-06-27 16:05:52'),
	(144, 'Biaya Syawalan%', 'DUK', 114, 1, 0, '', '2025-06-27 16:05:52', '2025-06-27 16:05:52'),
	(145, 'Bingkisan Lebaran%', 'DUK', 115, 1, 0, '', '2025-06-27 16:05:52', '2025-06-27 16:05:52'),
	(146, 'Seragam%', 'DUK', 116, 1, 0, '', '2025-06-27 16:05:52', '2025-06-27 16:05:52'),
	(147, 'Pesangon Purna Karyawan%', 'DUK', 119, 1, 0, '', '2025-06-27 16:05:52', '2025-06-27 16:05:52'),
	(148, 'Denda Pajak%', 'DUK', 120, 1, 0, '', '2025-06-27 16:05:52', '2025-06-27 16:05:52'),
	(149, 'CAP (Cadangan Aktiva Produktif)%', 'DUK', 124, 1, 0, '', '2025-06-27 16:05:52', '2025-06-27 16:05:52'),
	(150, 'Penyertaan Modal Tetap%', 'DUK', 127, 1, 0, '', '2025-06-27 16:05:52', '2025-06-27 16:05:52'),
	(151, 'Proyektor%', 'DUK', 128, 1, 0, '', '2025-06-27 16:05:52', '2025-06-27 16:05:52'),
	(152, 'Penyisihan Pendampingan%', 'DUK', 129, 1, 0, '', '2025-06-27 16:05:52', '2025-06-27 16:05:52'),
	(153, 'Penyusutan Tertagih%', 'DUK', 130, 1, 0, '', '2025-06-27 16:05:52', '2025-06-27 16:05:52'),
	(154, 'Biaya Penyusutan Inventaris Mebel%', 'DUK', 131, 1, 0, '', '2025-06-27 16:05:52', '2025-06-27 16:05:52'),
	(155, 'Biaya Penyusutan Inventaris Gedung%', 'DUK', 132, 1, 0, '', '2025-06-27 16:05:52', '2025-06-27 16:05:52'),
	(156, 'Biaya Penyusutan Inventaris Kendaraan%', 'DUK', 133, 1, 0, '', '2025-06-27 16:05:52', '2025-06-27 16:05:52'),
	(157, 'Biaya Penyusutan Inventaris Komputer%', 'DUK', 134, 1, 0, '', '2025-06-27 16:05:52', '2025-06-27 16:05:52'),
	(158, 'Pajak PPH%', 'DUK', 136, 1, 0, '', '2025-06-27 16:05:52', '2025-06-27 16:05:52'),
	(159, 'Pajak PBB%', 'DUK', 137, 1, 0, '', '2025-06-27 16:05:52', '2025-06-27 16:05:52'),
	(160, 'Pajak SHU%', 'DUK', 138, 1, 0, '', '2025-06-27 16:05:52', '2025-06-27 16:05:52'),
	(161, 'Pajak Jasa Simpanan Bank%', 'DUK', 140, 1, 0, '', '2025-06-27 16:05:52', '2025-06-27 16:05:52'),
	(162, 'Pajak Kendaraan%', 'DUK', 141, 1, 0, '', '2025-06-27 16:05:52', '2025-06-27 16:05:52'),
	(163, 'Tarik Dana Komisaris%', 'DUK', 142, 1, 0, '', '2025-06-27 16:05:52', '2025-06-27 16:05:52'),
	(164, 'Tarik Dana Supervisi%', 'DUK', 143, 1, 0, '', '2025-06-27 16:05:52', '2025-06-27 16:05:52'),
	(165, 'Tarik Dana RAT%', 'DUK', 144, 1, 0, '', '2025-06-27 16:05:52', '2025-06-27 16:05:52'),
	(166, 'Tarik Dana PJKR%', 'DUK', 145, 1, 0, '', '2025-06-27 16:05:52', '2025-06-27 16:05:52'),
	(167, 'Inventaris Bangunan/Gedung%', 'DUK', 12, 1, 0, '', '2025-06-27 16:05:52', '2025-06-27 16:05:52'),
	(168, 'Modal Anggota%', 'DUK', 146, 1, 0, '', '2025-06-27 16:05:52', '2025-06-27 16:05:52'),
	(169, 'Biaya Tempat Pelayanan%', 'DUK', 147, 1, 0, '', '2025-06-27 16:05:52', '2025-06-27 16:05:52'),
	(170, 'Biaya Penyusutan Inventaris%', 'DUK', 148, 1, 0, '', '2025-06-27 16:05:52', '2025-06-27 16:05:52'),
	(171, 'Biaya Penyusutan Tertangguh%', 'DUK', 149, 1, 0, '', '2025-06-27 16:05:52', '2025-06-27 16:05:52'),
	(172, 'Tarik Dana Insentif PP%', 'DUK', 150, 1, 0, '', '2025-06-27 16:05:52', '2025-06-27 16:05:52'),
	(173, 'Biaya Penyisihan Dana RAT%', 'DUK', 151, 1, 0, '', '2025-06-27 16:05:52', '2025-06-27 16:05:52'),
	(174, 'Biaya Penyisihan Hutang Pajak%', 'DUK', 152, 1, 0, '', '2025-06-27 16:05:52', '2025-06-27 16:05:52'),
	(175, 'Pembelian Inventaris Mebel%', 'DUK', 13, 1, 0, '', '2025-06-27 16:05:52', '2025-06-27 16:05:52'),
	(176, 'Pembelian Inventaris Gedung%', 'DUK', 14, 1, 0, '', '2025-06-27 16:05:52', '2025-06-27 16:05:52'),
	(177, 'Pembelian Inventaris Komputer%', 'DUK', 15, 1, 0, '', '2025-06-27 16:05:52', '2025-06-27 16:05:52'),
	(178, 'Pembelian Inventaris Kendaraan%', 'DUK', 16, 1, 0, '', '2025-06-27 16:05:52', '2025-06-27 16:05:52'),
	(179, 'Biaya Penyisihan Dana Cadangan%', 'DUK', 153, 1, 0, '', '2025-06-27 16:05:52', '2025-06-27 16:05:52'),
	(180, 'Biaya Penyisihan Dana Pengurus%', 'DUK', 154, 1, 0, '', '2025-06-27 16:05:52', '2025-06-27 16:05:52'),
	(181, 'Biaya Penyisihan Dana Karyawan%', 'DUK', 155, 1, 0, '', '2025-06-27 16:05:52', '2025-06-27 16:05:52'),
	(182, 'Penyisihan Dana Pendidikan%', 'DUK', 156, 1, 0, '', '2025-06-27 16:05:52', '2025-06-27 16:05:52'),
	(183, 'Biaya Penyisihan Dana Sosial%', 'DUK', 157, 1, 0, '', '2025-06-27 16:05:52', '2025-06-27 16:05:52'),
	(184, 'Biaya Penyisihan Dana PDK%', 'DUK', 158, 1, 0, '', '2025-06-27 16:05:52', '2025-06-27 16:05:52'),
	(185, 'Biaya Penyisihan Pajak Pendapatan%', 'DUK', 159, 1, 0, '', '2025-06-27 16:05:52', '2025-06-27 16:05:52'),
	(186, 'SHU Anggota%', 'DUK', 160, 1, 0, '', '2025-06-27 16:05:52', '2025-06-27 16:05:52'),
	(187, 'Biaya Administrasi%', 'DUK', 161, 1, 0, '', '2025-06-27 16:05:52', '2025-06-27 16:05:52'),
	(188, 'Tarik Dana Insentif PP%', 'DUK', 151, 1, 0, '', '2025-06-27 16:05:52', '2025-06-27 16:05:52'),
	(189, 'Investasi%', 'DUK', 22, 1, 0, '', '2025-06-27 16:05:52', '2025-06-27 16:05:52');

-- membuang struktur untuk table sikopdit.saldo_akun
CREATE TABLE IF NOT EXISTS `saldo_akun` (
  `id` int unsigned NOT NULL AUTO_INCREMENT,
  `id_akun` int unsigned NOT NULL,
  `bulan` int NOT NULL,
  `tahun` int NOT NULL,
  `saldo_awal` decimal(15,2) NOT NULL DEFAULT '0.00',
  `total_debit` decimal(15,2) NOT NULL DEFAULT '0.00',
  `total_kredit` decimal(15,2) NOT NULL DEFAULT '0.00',
  `saldo_akhir` decimal(15,2) NOT NULL DEFAULT '0.00',
  `created_at` timestamp NULL DEFAULT CURRENT_TIMESTAMP,
  `updated_at` timestamp NULL DEFAULT NULL,
  PRIMARY KEY (`id`),
  UNIQUE KEY `id_akun_bulan_tahun` (`id_akun`,`bulan`,`tahun`),
  CONSTRAINT `saldo_akun_id_akun_foreign` FOREIGN KEY (`id_akun`) REFERENCES `akun` (`id`) ON DELETE CASCADE ON UPDATE CASCADE
) ENGINE=InnoDB AUTO_INCREMENT=377 DEFAULT CHARSET=utf8mb4 COLLATE=utf8mb4_general_ci;

-- Membuang data untuk tabel sikopdit.saldo_akun: ~376 rows (lebih kurang)
INSERT INTO `saldo_akun` (`id`, `id_akun`, `bulan`, `tahun`, `saldo_awal`, `total_debit`, `total_kredit`, `saldo_akhir`, `created_at`, `updated_at`) VALUES
	(1, 1, 1, 2025, 221262355.00, 550398150.00, 587561051.00, 184099454.00, '2025-06-27 09:07:26', '2025-06-27 09:07:43'),
	(2, 2, 1, 2025, 296712945.00, 199340000.00, 0.00, 496052945.00, '2025-06-27 09:07:26', '2025-06-27 09:07:43'),
	(3, 3, 1, 2025, 350000000.00, 0.00, 0.00, 350000000.00, '2025-06-27 09:07:26', '2025-06-27 09:07:43'),
	(4, 4, 1, 2025, 0.00, 0.00, 200000.00, -200000.00, '2025-06-27 09:07:27', '2025-06-27 09:07:43'),
	(5, 5, 1, 2025, 0.00, 0.00, 150000.00, -150000.00, '2025-06-27 09:07:27', '2025-06-27 09:07:43'),
	(6, 6, 1, 2025, 0.00, 0.00, 500000.00, -500000.00, '2025-06-27 09:07:27', '2025-06-27 09:07:43'),
	(7, 7, 1, 2025, 0.00, 0.00, 0.00, 0.00, '2025-06-27 09:07:27', '2025-06-27 09:07:43'),
	(8, 8, 1, 2025, 0.00, 0.00, 0.00, 0.00, '2025-06-27 09:07:27', '2025-06-27 09:07:43'),
	(9, 9, 1, 2025, 0.00, 0.00, 100000000.00, -100000000.00, '2025-06-27 09:07:27', '2025-06-27 09:07:43'),
	(10, 10, 1, 2025, 0.00, 0.00, 40000.00, -40000.00, '2025-06-27 09:07:27', '2025-06-27 09:07:43'),
	(11, 11, 1, 2025, 0.00, 0.00, 0.00, 0.00, '2025-06-27 09:07:27', '2025-06-27 09:07:43'),
	(12, 12, 1, 2025, 0.00, 0.00, 0.00, 0.00, '2025-06-27 09:07:27', '2025-06-27 09:07:43'),
	(13, 13, 1, 2025, 57065100.00, 0.00, 0.00, 57065100.00, '2025-06-27 09:07:27', '2025-06-27 09:07:43'),
	(14, 14, 1, 2025, 206759500.00, 0.00, 0.00, 206759500.00, '2025-06-27 09:07:27', '2025-06-27 09:07:43'),
	(15, 15, 1, 2025, 29270000.00, 0.00, 0.00, 29270000.00, '2025-06-27 09:07:28', '2025-06-27 09:07:43'),
	(16, 16, 1, 2025, 6500000.00, 0.00, 0.00, 6500000.00, '2025-06-27 09:07:28', '2025-06-27 09:07:43'),
	(17, 17, 1, 2025, 3062648900.00, 0.00, 0.00, 3062648900.00, '2025-06-27 09:07:28', '2025-06-27 09:07:43'),
	(18, 18, 1, 2025, 0.00, 0.00, 0.00, 0.00, '2025-06-27 09:07:28', '2025-06-27 09:07:44'),
	(19, 19, 1, 2025, 0.00, 0.00, 0.00, 0.00, '2025-06-27 09:07:28', '2025-06-27 09:07:44'),
	(20, 20, 1, 2025, 0.00, 0.00, 0.00, 0.00, '2025-06-27 09:07:28', '2025-06-27 09:07:44'),
	(21, 21, 1, 2025, 1282350.00, 0.00, 0.00, 1282350.00, '2025-06-27 09:07:28', '2025-06-27 09:07:44'),
	(22, 22, 1, 2025, 6800000.00, 0.00, 0.00, 6800000.00, '2025-06-27 09:07:28', '2025-06-27 09:07:44'),
	(23, 23, 1, 2025, 135000.00, 0.00, 0.00, 135000.00, '2025-06-27 09:07:28', '2025-06-27 09:07:44'),
	(24, 24, 1, 2025, 0.00, 0.00, 150596000.00, -150596000.00, '2025-06-27 09:07:28', '2025-06-27 09:07:44'),
	(25, 25, 1, 2025, 43700000.00, 0.00, 500000.00, 43200000.00, '2025-06-27 09:07:28', '2025-06-27 09:07:44'),
	(26, 26, 1, 2025, 0.00, 0.00, 350000.00, -350000.00, '2025-06-27 09:07:29', '2025-06-27 09:07:44'),
	(27, 27, 1, 2025, 0.00, 0.00, 30000.00, -30000.00, '2025-06-27 09:07:29', '2025-06-27 09:07:44'),
	(28, 28, 1, 2025, 0.00, 0.00, 2150000.00, -2150000.00, '2025-06-27 09:07:29', '2025-06-27 09:07:44'),
	(29, 29, 1, 2025, 0.00, 0.00, 0.00, 0.00, '2025-06-27 09:07:29', '2025-06-27 09:07:44'),
	(30, 30, 1, 2025, 0.00, 0.00, 31103700.00, -31103700.00, '2025-06-27 09:07:29', '2025-06-27 09:07:44'),
	(31, 31, 1, 2025, 0.00, 0.00, 250000.00, -250000.00, '2025-06-27 09:07:29', '2025-06-27 09:07:44'),
	(32, 32, 1, 2025, 0.00, 0.00, 200000000.00, -200000000.00, '2025-06-27 09:07:29', '2025-06-27 09:07:44'),
	(33, 33, 1, 2025, 0.00, 0.00, 1075000.00, -1075000.00, '2025-06-27 09:07:29', '2025-06-27 09:07:44'),
	(34, 34, 1, 2025, 584981000.00, 0.00, 4000000.00, 580981000.00, '2025-06-27 09:07:29', '2025-06-27 09:07:44'),
	(35, 35, 1, 2025, 102580000.00, 0.00, 2222000.00, 100358000.00, '2025-06-27 09:07:29', '2025-06-27 09:07:44'),
	(36, 36, 1, 2025, 10070000.00, 0.00, 40000.00, 10030000.00, '2025-06-27 09:07:29', '2025-06-27 09:07:44'),
	(37, 37, 1, 2025, 1255415307.00, 0.00, 45816450.00, 1209598857.00, '2025-06-27 09:07:30', '2025-06-27 09:07:44'),
	(38, 38, 1, 2025, 275962645.00, 0.00, 2000000.00, 273962645.00, '2025-06-27 09:07:30', '2025-06-27 09:07:44'),
	(39, 39, 1, 2025, 461547125.00, 0.00, 5375000.00, 456172125.00, '2025-06-27 09:07:30', '2025-06-27 09:07:44'),
	(40, 40, 1, 2025, 68551000.00, 0.00, 2500000.00, 66051000.00, '2025-06-27 09:07:30', '2025-06-27 09:07:44'),
	(41, 41, 1, 2025, 0.00, 0.00, 300000.00, -300000.00, '2025-06-27 09:07:30', '2025-06-27 09:07:44'),
	(42, 42, 1, 2025, 0.00, 0.00, 0.00, 0.00, '2025-06-27 09:07:30', '2025-06-27 09:07:44'),
	(43, 43, 1, 2025, 0.00, 0.00, 0.00, 0.00, '2025-06-27 09:07:30', '2025-06-27 09:07:44'),
	(44, 44, 1, 2025, 0.00, 0.00, 0.00, 0.00, '2025-06-27 09:07:30', '2025-06-27 09:07:44'),
	(45, 45, 1, 2025, 0.00, 0.00, 0.00, 0.00, '2025-06-27 09:07:30', '2025-06-27 09:07:44'),
	(46, 46, 1, 2025, 0.00, 0.00, 0.00, 0.00, '2025-06-27 09:07:30', '2025-06-27 09:07:44'),
	(47, 47, 1, 2025, 0.00, 0.00, 0.00, 0.00, '2025-06-27 09:07:30', '2025-06-27 09:07:44'),
	(48, 48, 1, 2025, 0.00, 0.00, 0.00, 0.00, '2025-06-27 09:07:30', '2025-06-27 09:07:45'),
	(49, 49, 1, 2025, 0.00, 0.00, 0.00, 0.00, '2025-06-27 09:07:31', '2025-06-27 09:07:45'),
	(50, 50, 1, 2025, 0.00, 0.00, 0.00, 0.00, '2025-06-27 09:07:31', '2025-06-27 09:07:45'),
	(51, 51, 1, 2025, 0.00, 0.00, 0.00, 0.00, '2025-06-27 09:07:31', '2025-06-27 09:07:45'),
	(52, 52, 1, 2025, 0.00, 0.00, 0.00, 0.00, '2025-06-27 09:07:31', '2025-06-27 09:07:45'),
	(53, 53, 1, 2025, 0.00, 0.00, 0.00, 0.00, '2025-06-27 09:07:31', '2025-06-27 09:07:45'),
	(54, 54, 1, 2025, 0.00, 0.00, 0.00, 0.00, '2025-06-27 09:07:31', '2025-06-27 09:07:45'),
	(55, 55, 1, 2025, 0.00, 0.00, 0.00, 0.00, '2025-06-27 09:07:31', '2025-06-27 09:07:45'),
	(56, 56, 1, 2025, 47253351.00, 0.00, 0.00, 47253351.00, '2025-06-27 09:07:31', '2025-06-27 09:07:45'),
	(57, 57, 1, 2025, 53116276.00, 0.00, 0.00, 53116276.00, '2025-06-27 09:07:31', '2025-06-27 09:07:45'),
	(58, 58, 1, 2025, 0.00, 0.00, 0.00, 0.00, '2025-06-27 09:07:31', '2025-06-27 09:07:45'),
	(59, 59, 1, 2025, 0.00, 0.00, 0.00, 0.00, '2025-06-27 09:07:31', '2025-06-27 09:07:45'),
	(60, 60, 1, 2025, 0.00, 0.00, 0.00, 0.00, '2025-06-27 09:07:32', '2025-06-27 09:07:45'),
	(61, 61, 1, 2025, 0.00, 0.00, 0.00, 0.00, '2025-06-27 09:07:32', '2025-06-27 09:07:45'),
	(62, 62, 1, 2025, 3062648900.00, 215000000.00, 0.00, 3277648900.00, '2025-06-27 09:07:32', '2025-06-27 09:07:45'),
	(63, 63, 1, 2025, 0.00, 20233385.00, 0.00, 20233385.00, '2025-06-27 09:07:32', '2025-06-27 09:07:45'),
	(64, 64, 1, 2025, 0.00, 30000.00, 0.00, 30000.00, '2025-06-27 09:07:32', '2025-06-27 09:07:45'),
	(65, 65, 1, 2025, 0.00, 491550.00, 0.00, 491550.00, '2025-06-27 09:07:32', '2025-06-27 09:07:45'),
	(66, 66, 1, 2025, 0.00, 940000.00, 0.00, 940000.00, '2025-06-27 09:07:32', '2025-06-27 09:07:45'),
	(67, 67, 1, 2025, 0.00, 56823300.00, 0.00, 56823300.00, '2025-06-27 09:07:32', '2025-06-27 09:07:45'),
	(68, 68, 1, 2025, 0.00, 9000000.00, 0.00, 9000000.00, '2025-06-27 09:07:32', '2025-06-27 09:07:45'),
	(69, 69, 1, 2025, 0.00, 1600000.00, 0.00, 1600000.00, '2025-06-27 09:07:32', '2025-06-27 09:07:45'),
	(70, 70, 1, 2025, 0.00, 0.00, 0.00, 0.00, '2025-06-27 09:07:32', '2025-06-27 09:07:45'),
	(71, 71, 1, 2025, 0.00, 12500000.00, 0.00, 12500000.00, '2025-06-27 09:07:33', '2025-06-27 09:07:45'),
	(72, 72, 1, 2025, 0.00, 0.00, 0.00, 0.00, '2025-06-27 09:07:33', '2025-06-27 09:07:45'),
	(73, 73, 1, 2025, 0.00, 6300000.00, 0.00, 6300000.00, '2025-06-27 09:07:33', '2025-06-27 09:07:45'),
	(74, 74, 1, 2025, 0.00, 0.00, 0.00, 0.00, '2025-06-27 09:07:33', '2025-06-27 09:07:45'),
	(75, 75, 1, 2025, 0.00, 50000.00, 0.00, 50000.00, '2025-06-27 09:07:33', '2025-06-27 09:07:45'),
	(76, 76, 1, 2025, 0.00, 0.00, 0.00, 0.00, '2025-06-27 09:07:33', '2025-06-27 09:07:45'),
	(77, 77, 1, 2025, 0.00, 11125000.00, 0.00, 11125000.00, '2025-06-27 09:07:33', '2025-06-27 09:07:46'),
	(78, 78, 1, 2025, 0.00, 0.00, 0.00, 0.00, '2025-06-27 09:07:33', '2025-06-27 09:07:46'),
	(79, 79, 1, 2025, 0.00, 0.00, 0.00, 0.00, '2025-06-27 09:07:33', '2025-06-27 09:07:46'),
	(80, 80, 1, 2025, 0.00, 0.00, 0.00, 0.00, '2025-06-27 09:07:33', '2025-06-27 09:07:46'),
	(81, 81, 1, 2025, 0.00, 2213800.00, 0.00, 2213800.00, '2025-06-27 09:07:33', '2025-06-27 09:07:46'),
	(82, 82, 1, 2025, 0.00, 0.00, 0.00, 0.00, '2025-06-27 09:07:33', '2025-06-27 09:07:46'),
	(83, 83, 1, 2025, 0.00, 0.00, 0.00, 0.00, '2025-06-27 09:07:34', '2025-06-27 09:07:46'),
	(84, 84, 1, 2025, 0.00, 22000000.00, 0.00, 22000000.00, '2025-06-27 09:07:34', '2025-06-27 09:07:46'),
	(85, 85, 1, 2025, 0.00, 1200000.00, 0.00, 1200000.00, '2025-06-27 09:07:34', '2025-06-27 09:07:46'),
	(86, 86, 1, 2025, 0.00, 0.00, 0.00, 0.00, '2025-06-27 09:07:34', '2025-06-27 09:07:46'),
	(87, 87, 1, 2025, 0.00, 303000.00, 0.00, 303000.00, '2025-06-27 09:07:34', '2025-06-27 09:07:46'),
	(88, 88, 1, 2025, 0.00, 12044722.00, 0.00, 12044722.00, '2025-06-27 09:07:34', '2025-06-27 09:07:46'),
	(89, 89, 1, 2025, 0.00, 646094.00, 0.00, 646094.00, '2025-06-27 09:07:34', '2025-06-27 09:07:46'),
	(90, 90, 1, 2025, 0.00, 233331.00, 0.00, 233331.00, '2025-06-27 09:07:34', '2025-06-27 09:07:46'),
	(91, 91, 1, 2025, 0.00, 0.00, 0.00, 0.00, '2025-06-27 09:07:34', '2025-06-27 09:07:46'),
	(92, 92, 1, 2025, 0.00, 3200000.00, 0.00, 3200000.00, '2025-06-27 09:07:34', '2025-06-27 09:07:46'),
	(93, 93, 1, 2025, 0.00, 390000.00, 0.00, 390000.00, '2025-06-27 09:07:34', '2025-06-27 09:07:46'),
	(94, 94, 1, 2025, 0.00, 445000.00, 0.00, 445000.00, '2025-06-27 09:07:35', '2025-06-27 09:07:46'),
	(95, 95, 1, 2025, 0.00, 250000.00, 0.00, 250000.00, '2025-06-27 09:07:35', '2025-06-27 09:07:46'),
	(96, 96, 1, 2025, 0.00, 850000.00, 0.00, 850000.00, '2025-06-27 09:07:35', '2025-06-27 09:07:46'),
	(97, 97, 1, 2025, 0.00, 0.00, 0.00, 0.00, '2025-06-27 09:07:35', '2025-06-27 09:07:46'),
	(98, 98, 1, 2025, 0.00, 0.00, 0.00, 0.00, '2025-06-27 09:07:35', '2025-06-27 09:07:46'),
	(99, 99, 1, 2025, 0.00, 0.00, 0.00, 0.00, '2025-06-27 09:07:35', '2025-06-27 09:07:46'),
	(100, 100, 1, 2025, 0.00, 0.00, 0.00, 0.00, '2025-06-27 09:07:35', '2025-06-27 09:07:46'),
	(101, 101, 1, 2025, 0.00, 60000.00, 0.00, 60000.00, '2025-06-27 09:07:35', '2025-06-27 09:07:47'),
	(102, 102, 1, 2025, 0.00, 375000.00, 0.00, 375000.00, '2025-06-27 09:07:35', '2025-06-27 09:07:47'),
	(103, 103, 1, 2025, 0.00, 2222000.00, 0.00, 2222000.00, '2025-06-27 09:07:35', '2025-06-27 09:07:47'),
	(104, 104, 1, 2025, 0.00, 0.00, 0.00, 0.00, '2025-06-27 09:07:35', '2025-06-27 09:07:47'),
	(105, 105, 1, 2025, 0.00, 0.00, 0.00, 0.00, '2025-06-27 09:07:36', '2025-06-27 09:07:47'),
	(106, 106, 1, 2025, 0.00, 0.00, 0.00, 0.00, '2025-06-27 09:07:36', '2025-06-27 09:07:47'),
	(107, 107, 1, 2025, 0.00, 0.00, 0.00, 0.00, '2025-06-27 09:07:36', '2025-06-27 09:07:47'),
	(108, 108, 1, 2025, 0.00, 0.00, 0.00, 0.00, '2025-06-27 09:07:36', '2025-06-27 09:07:47'),
	(109, 109, 1, 2025, 0.00, 0.00, 0.00, 0.00, '2025-06-27 09:07:36', '2025-06-27 09:07:47'),
	(110, 110, 1, 2025, 0.00, 0.00, 0.00, 0.00, '2025-06-27 09:07:36', '2025-06-27 09:07:47'),
	(111, 111, 1, 2025, 0.00, 0.00, 0.00, 0.00, '2025-06-27 09:07:36', '2025-06-27 09:07:47'),
	(112, 112, 1, 2025, 0.00, 0.00, 0.00, 0.00, '2025-06-27 09:07:36', '2025-06-27 09:07:47'),
	(113, 113, 1, 2025, 0.00, 0.00, 0.00, 0.00, '2025-06-27 09:07:36', '2025-06-27 09:07:47'),
	(114, 114, 1, 2025, 0.00, 0.00, 0.00, 0.00, '2025-06-27 09:07:36', '2025-06-27 09:07:47'),
	(115, 115, 1, 2025, 0.00, 0.00, 0.00, 0.00, '2025-06-27 09:07:36', '2025-06-27 09:07:47'),
	(116, 116, 1, 2025, 0.00, 0.00, 0.00, 0.00, '2025-06-27 09:07:37', '2025-06-27 09:07:47'),
	(117, 117, 1, 2025, 0.00, 135155.00, 0.00, 135155.00, '2025-06-27 09:07:37', '2025-06-27 09:07:47'),
	(118, 118, 1, 2025, 0.00, 660000.00, 0.00, 660000.00, '2025-06-27 09:07:37', '2025-06-27 09:07:47'),
	(119, 119, 1, 2025, 0.00, 0.00, 0.00, 0.00, '2025-06-27 09:07:37', '2025-06-27 09:07:48'),
	(120, 120, 1, 2025, 0.00, 0.00, 0.00, 0.00, '2025-06-27 09:07:37', '2025-06-27 09:07:48'),
	(121, 121, 1, 2025, 0.00, 250000.00, 0.00, 250000.00, '2025-06-27 09:07:37', '2025-06-27 09:07:48'),
	(122, 122, 1, 2025, 0.00, 2022214.00, 0.00, 2022214.00, '2025-06-27 09:07:37', '2025-06-27 09:07:48'),
	(123, 123, 1, 2025, 0.00, 300000.00, 0.00, 300000.00, '2025-06-27 09:07:37', '2025-06-27 09:07:48'),
	(124, 124, 1, 2025, 0.00, 500000.00, 0.00, 500000.00, '2025-06-27 09:07:37', '2025-06-27 09:07:48'),
	(125, 125, 1, 2025, 0.00, 0.00, 1200000.00, -1200000.00, '2025-06-27 09:07:37', '2025-06-27 09:07:48'),
	(126, 126, 1, 2025, 0.00, 2500000.00, 0.00, 2500000.00, '2025-06-27 09:07:37', '2025-06-27 09:07:48'),
	(127, 127, 1, 2025, 0.00, 0.00, 0.00, 0.00, '2025-06-27 09:07:38', '2025-06-27 09:07:48'),
	(128, 128, 1, 2025, 0.00, 0.00, 0.00, 0.00, '2025-06-27 09:07:38', '2025-06-27 09:07:48'),
	(129, 129, 1, 2025, 0.00, 0.00, 0.00, 0.00, '2025-06-27 09:07:38', '2025-06-27 09:07:48'),
	(130, 130, 1, 2025, 0.00, 0.00, 0.00, 0.00, '2025-06-27 09:07:38', '2025-06-27 09:07:48'),
	(131, 131, 1, 2025, 0.00, 150000.00, 0.00, 150000.00, '2025-06-27 09:07:38', '2025-06-27 09:07:48'),
	(132, 132, 1, 2025, 0.00, 500000.00, 0.00, 500000.00, '2025-06-27 09:07:38', '2025-06-27 09:07:48'),
	(133, 133, 1, 2025, 0.00, 0.00, 0.00, 0.00, '2025-06-27 09:07:38', '2025-06-27 09:07:48'),
	(134, 134, 1, 2025, 0.00, 200000.00, 0.00, 200000.00, '2025-06-27 09:07:38', '2025-06-27 09:07:48'),
	(135, 135, 1, 2025, 0.00, 175000.00, 0.00, 175000.00, '2025-06-27 09:07:38', '2025-06-27 09:07:48'),
	(136, 136, 1, 2025, 0.00, 0.00, 0.00, 0.00, '2025-06-27 09:07:38', '2025-06-27 09:07:48'),
	(137, 137, 1, 2025, 0.00, 0.00, 0.00, 0.00, '2025-06-27 09:07:38', '2025-06-27 09:07:48'),
	(138, 138, 1, 2025, 0.00, 0.00, 0.00, 0.00, '2025-06-27 09:07:38', '2025-06-27 09:07:48'),
	(139, 139, 1, 2025, 0.00, 150000.00, 0.00, 150000.00, '2025-06-27 09:07:39', '2025-06-27 09:07:49'),
	(140, 140, 1, 2025, 0.00, 0.00, 0.00, 0.00, '2025-06-27 09:07:39', '2025-06-27 09:07:49'),
	(141, 141, 1, 2025, 0.00, 0.00, 0.00, 0.00, '2025-06-27 09:07:39', '2025-06-27 09:07:49'),
	(142, 142, 1, 2025, 0.00, 0.00, 0.00, 0.00, '2025-06-27 09:07:39', '2025-06-27 09:07:49'),
	(143, 143, 1, 2025, 0.00, 0.00, 0.00, 0.00, '2025-06-27 09:07:39', '2025-06-27 09:07:49'),
	(144, 144, 1, 2025, 0.00, 0.00, 0.00, 0.00, '2025-06-27 09:07:39', '2025-06-27 09:07:49'),
	(145, 145, 1, 2025, 0.00, 0.00, 0.00, 0.00, '2025-06-27 09:07:39', '2025-06-27 09:07:49'),
	(146, 146, 1, 2025, 0.00, 0.00, 0.00, 0.00, '2025-06-27 09:07:39', '2025-06-27 09:07:49'),
	(147, 147, 1, 2025, 0.00, 0.00, 0.00, 0.00, '2025-06-27 09:07:39', '2025-06-27 09:07:49'),
	(148, 148, 1, 2025, 0.00, 0.00, 0.00, 0.00, '2025-06-27 09:07:39', '2025-06-27 09:07:49'),
	(149, 149, 1, 2025, 0.00, 0.00, 0.00, 0.00, '2025-06-27 09:07:39', '2025-06-27 09:07:49'),
	(150, 150, 1, 2025, 0.00, 0.00, 0.00, 0.00, '2025-06-27 09:07:40', '2025-06-27 09:07:49'),
	(151, 151, 1, 2025, 0.00, 0.00, 0.00, 0.00, '2025-06-27 09:07:40', '2025-06-27 09:07:49'),
	(152, 152, 1, 2025, 0.00, 0.00, 0.00, 0.00, '2025-06-27 09:07:40', '2025-06-27 09:07:49'),
	(153, 153, 1, 2025, 0.00, 0.00, 0.00, 0.00, '2025-06-27 09:07:40', '2025-06-27 09:07:49'),
	(154, 154, 1, 2025, 0.00, 0.00, 0.00, 0.00, '2025-06-27 09:07:40', '2025-06-27 09:07:49'),
	(155, 155, 1, 2025, 0.00, 0.00, 0.00, 0.00, '2025-06-27 09:07:40', '2025-06-27 09:07:49'),
	(156, 156, 1, 2025, 0.00, 0.00, 0.00, 0.00, '2025-06-27 09:07:40', '2025-06-27 09:07:49'),
	(157, 157, 1, 2025, 0.00, 0.00, 0.00, 0.00, '2025-06-27 09:07:40', '2025-06-27 09:07:49'),
	(158, 158, 1, 2025, 0.00, 0.00, 0.00, 0.00, '2025-06-27 09:07:40', '2025-06-27 09:07:49'),
	(159, 159, 1, 2025, 0.00, 0.00, 0.00, 0.00, '2025-06-27 09:07:40', '2025-06-27 09:07:49'),
	(160, 160, 1, 2025, 0.00, 0.00, 0.00, 0.00, '2025-06-27 09:07:40', '2025-06-27 09:07:49'),
	(161, 161, 1, 2025, 0.00, 152500.00, 0.00, 152500.00, '2025-06-27 09:07:40', '2025-06-27 09:07:49'),
	(162, 162, 1, 2025, 3288359.00, 0.00, 0.00, 3288359.00, '2025-06-27 09:07:41', '2025-06-27 09:07:49'),
	(163, 163, 1, 2025, 12531370.00, 0.00, 0.00, 12531370.00, '2025-06-27 09:07:41', '2025-06-27 09:07:49'),
	(164, 164, 1, 2025, 42371113.00, 0.00, 0.00, 42371113.00, '2025-06-27 09:07:41', '2025-06-27 09:07:50'),
	(165, 165, 1, 2025, 6375410.00, 0.00, 0.00, 6375410.00, '2025-06-27 09:07:41', '2025-06-27 09:07:50'),
	(166, 166, 1, 2025, 1250000.00, 0.00, 0.00, 1250000.00, '2025-06-27 09:07:41', '2025-06-27 09:07:50'),
	(167, 167, 1, 2025, 0.00, 0.00, 0.00, 0.00, '2025-06-27 09:07:41', '2025-06-27 09:07:50'),
	(168, 168, 1, 2025, 0.00, 0.00, 0.00, 0.00, '2025-06-27 09:07:41', '2025-06-27 09:07:50'),
	(169, 169, 1, 2025, 0.00, 0.00, 0.00, 0.00, '2025-06-27 09:07:41', '2025-06-27 09:07:50'),
	(170, 170, 1, 2025, 0.00, 0.00, 0.00, 0.00, '2025-06-27 09:07:41', '2025-06-27 09:07:50'),
	(171, 171, 1, 2025, 92701556.00, 0.00, 0.00, 92701556.00, '2025-06-27 09:07:41', '2025-06-27 09:07:50'),
	(172, 172, 1, 2025, 0.00, 0.00, 0.00, 0.00, '2025-06-27 09:07:41', '2025-06-27 09:07:50'),
	(173, 173, 1, 2025, 0.00, 0.00, 0.00, 0.00, '2025-06-27 09:07:42', '2025-06-27 09:07:50'),
	(174, 174, 1, 2025, 11662000.00, 0.00, 0.00, 11662000.00, '2025-06-27 09:07:42', '2025-06-27 09:07:50'),
	(175, 175, 1, 2025, 7901955.00, 0.00, 0.00, 7901955.00, '2025-06-27 09:07:42', '2025-06-27 09:07:50'),
	(176, 176, 1, 2025, 0.00, 0.00, 0.00, 0.00, '2025-06-27 09:07:42', '2025-06-27 09:07:50'),
	(177, 177, 1, 2025, 0.00, 0.00, 0.00, 0.00, '2025-06-27 09:07:42', '2025-06-27 09:07:50'),
	(178, 178, 1, 2025, 42368900.00, 0.00, 0.00, 42368900.00, '2025-06-27 09:07:42', '2025-06-27 09:07:50'),
	(179, 179, 1, 2025, 127500000.00, 0.00, 0.00, 127500000.00, '2025-06-27 09:07:42', '2025-06-27 09:07:50'),
	(180, 180, 1, 2025, 6600000.00, 0.00, 0.00, 6600000.00, '2025-06-27 09:07:42', '2025-06-27 09:07:50'),
	(181, 181, 1, 2025, 20300815.00, 0.00, 0.00, 20300815.00, '2025-06-27 09:07:42', '2025-06-27 09:07:50'),
	(182, 182, 1, 2025, 329550.00, 0.00, 0.00, 329550.00, '2025-06-27 09:07:42', '2025-06-27 09:07:50'),
	(183, 183, 1, 2025, 74000000.00, 0.00, 0.00, 74000000.00, '2025-06-27 09:07:42', '2025-06-27 09:07:51'),
	(184, 184, 1, 2025, 477673852.00, 0.00, 0.00, 477673852.00, '2025-06-27 09:07:43', '2025-06-27 09:07:51'),
	(185, 185, 1, 2025, 200845475.00, 0.00, 0.00, 200845475.00, '2025-06-27 09:07:43', '2025-06-27 09:07:51'),
	(186, 186, 1, 2025, 0.00, 0.00, 0.00, 0.00, '2025-06-27 09:07:43', '2025-06-27 09:07:51'),
	(187, 187, 1, 2025, 70962636.00, 0.00, 0.00, 70962636.00, '2025-06-27 09:07:43', '2025-06-27 09:07:51'),
	(189, 4, 2, 2025, 200000.00, 0.00, 0.00, 0.00, '2025-06-27 09:07:51', NULL),
	(190, 5, 2, 2025, 150000.00, 0.00, 0.00, 0.00, '2025-06-27 09:07:51', NULL),
	(191, 6, 2, 2025, 500000.00, 0.00, 0.00, 0.00, '2025-06-27 09:07:51', NULL),
	(192, 7, 2, 2025, 0.00, 0.00, 0.00, 0.00, '2025-06-27 09:07:51', NULL),
	(193, 8, 2, 2025, 0.00, 0.00, 0.00, 0.00, '2025-06-27 09:07:51', NULL),
	(194, 62, 2, 2025, 3277648900.00, 0.00, 0.00, 0.00, '2025-06-27 09:07:51', NULL),
	(195, 3, 2, 2025, 350000000.00, 0.00, 0.00, 0.00, '2025-06-27 09:07:51', NULL),
	(196, 63, 2, 2025, 20233385.00, 0.00, 0.00, 0.00, '2025-06-27 09:07:51', NULL),
	(197, 64, 2, 2025, 30000.00, 0.00, 0.00, 0.00, '2025-06-27 09:07:51', NULL),
	(198, 65, 2, 2025, 491550.00, 0.00, 0.00, 0.00, '2025-06-27 09:07:51', NULL),
	(199, 66, 2, 2025, 940000.00, 0.00, 0.00, 0.00, '2025-06-27 09:07:51', NULL),
	(200, 67, 2, 2025, 56823300.00, 0.00, 0.00, 0.00, '2025-06-27 09:07:51', NULL),
	(201, 68, 2, 2025, 9000000.00, 0.00, 0.00, 0.00, '2025-06-27 09:07:51', NULL),
	(202, 69, 2, 2025, 1600000.00, 0.00, 0.00, 0.00, '2025-06-27 09:07:51', NULL),
	(203, 70, 2, 2025, 0.00, 0.00, 0.00, 0.00, '2025-06-27 09:07:51', NULL),
	(204, 71, 2, 2025, 12500000.00, 0.00, 0.00, 0.00, '2025-06-27 09:07:51', NULL),
	(205, 73, 2, 2025, 6300000.00, 0.00, 0.00, 0.00, '2025-06-27 09:07:51', NULL),
	(206, 74, 2, 2025, 0.00, 0.00, 0.00, 0.00, '2025-06-27 09:07:52', NULL),
	(207, 75, 2, 2025, 50000.00, 0.00, 0.00, 0.00, '2025-06-27 09:07:52', NULL),
	(208, 76, 2, 2025, 0.00, 0.00, 0.00, 0.00, '2025-06-27 09:07:52', NULL),
	(209, 77, 2, 2025, 11125000.00, 0.00, 0.00, 0.00, '2025-06-27 09:07:52', NULL),
	(210, 78, 2, 2025, 0.00, 0.00, 0.00, 0.00, '2025-06-27 09:07:52', NULL),
	(211, 79, 2, 2025, 0.00, 0.00, 0.00, 0.00, '2025-06-27 09:07:52', NULL),
	(212, 80, 2, 2025, 0.00, 0.00, 0.00, 0.00, '2025-06-27 09:07:52', NULL),
	(213, 81, 2, 2025, 2213800.00, 0.00, 0.00, 0.00, '2025-06-27 09:07:52', NULL),
	(214, 82, 2, 2025, 0.00, 0.00, 0.00, 0.00, '2025-06-27 09:07:52', NULL),
	(215, 83, 2, 2025, 0.00, 0.00, 0.00, 0.00, '2025-06-27 09:07:52', NULL),
	(216, 84, 2, 2025, 22000000.00, 0.00, 0.00, 0.00, '2025-06-27 09:07:52', NULL),
	(217, 86, 2, 2025, 0.00, 0.00, 0.00, 0.00, '2025-06-27 09:07:52', NULL),
	(218, 87, 2, 2025, 303000.00, 0.00, 0.00, 0.00, '2025-06-27 09:07:52', NULL),
	(219, 88, 2, 2025, 12044722.00, 0.00, 0.00, 0.00, '2025-06-27 09:07:52', NULL),
	(220, 89, 2, 2025, 646094.00, 0.00, 0.00, 0.00, '2025-06-27 09:07:52', NULL),
	(221, 90, 2, 2025, 233331.00, 0.00, 0.00, 0.00, '2025-06-27 09:07:52', NULL),
	(222, 91, 2, 2025, 0.00, 0.00, 0.00, 0.00, '2025-06-27 09:07:52', NULL),
	(223, 92, 2, 2025, 3200000.00, 0.00, 0.00, 0.00, '2025-06-27 09:07:52', NULL),
	(224, 94, 2, 2025, 445000.00, 0.00, 0.00, 0.00, '2025-06-27 09:07:52', NULL),
	(225, 95, 2, 2025, 250000.00, 0.00, 0.00, 0.00, '2025-06-27 09:07:52', NULL),
	(226, 96, 2, 2025, 850000.00, 0.00, 0.00, 0.00, '2025-06-27 09:07:52', NULL),
	(227, 97, 2, 2025, 0.00, 0.00, 0.00, 0.00, '2025-06-27 09:07:53', NULL),
	(228, 98, 2, 2025, 0.00, 0.00, 0.00, 0.00, '2025-06-27 09:07:53', NULL),
	(229, 99, 2, 2025, 0.00, 0.00, 0.00, 0.00, '2025-06-27 09:07:53', NULL),
	(230, 100, 2, 2025, 0.00, 0.00, 0.00, 0.00, '2025-06-27 09:07:53', NULL),
	(231, 101, 2, 2025, 60000.00, 0.00, 0.00, 0.00, '2025-06-27 09:07:53', NULL),
	(232, 102, 2, 2025, 375000.00, 0.00, 0.00, 0.00, '2025-06-27 09:07:53', NULL),
	(233, 103, 2, 2025, 2222000.00, 0.00, 0.00, 0.00, '2025-06-27 09:07:53', NULL),
	(234, 104, 2, 2025, 0.00, 0.00, 0.00, 0.00, '2025-06-27 09:07:53', NULL),
	(235, 105, 2, 2025, 0.00, 0.00, 0.00, 0.00, '2025-06-27 09:07:53', NULL),
	(236, 106, 2, 2025, 0.00, 0.00, 0.00, 0.00, '2025-06-27 09:07:53', NULL),
	(237, 107, 2, 2025, 0.00, 0.00, 0.00, 0.00, '2025-06-27 09:07:54', NULL),
	(238, 108, 2, 2025, 0.00, 0.00, 0.00, 0.00, '2025-06-27 09:07:54', NULL),
	(239, 109, 2, 2025, 0.00, 0.00, 0.00, 0.00, '2025-06-27 09:07:54', NULL),
	(240, 110, 2, 2025, 0.00, 0.00, 0.00, 0.00, '2025-06-27 09:07:54', NULL),
	(241, 111, 2, 2025, 0.00, 0.00, 0.00, 0.00, '2025-06-27 09:07:54', NULL),
	(242, 112, 2, 2025, 0.00, 0.00, 0.00, 0.00, '2025-06-27 09:07:55', NULL),
	(243, 113, 2, 2025, 0.00, 0.00, 0.00, 0.00, '2025-06-27 09:07:55', NULL),
	(244, 114, 2, 2025, 0.00, 0.00, 0.00, 0.00, '2025-06-27 09:07:55', NULL),
	(245, 115, 2, 2025, 0.00, 0.00, 0.00, 0.00, '2025-06-27 09:07:55', NULL),
	(246, 116, 2, 2025, 0.00, 0.00, 0.00, 0.00, '2025-06-27 09:07:55', NULL),
	(247, 117, 2, 2025, 135155.00, 0.00, 0.00, 0.00, '2025-06-27 09:07:55', NULL),
	(248, 118, 2, 2025, 660000.00, 0.00, 0.00, 0.00, '2025-06-27 09:07:55', NULL),
	(249, 119, 2, 2025, 0.00, 0.00, 0.00, 0.00, '2025-06-27 09:07:55', NULL),
	(250, 120, 2, 2025, 0.00, 0.00, 0.00, 0.00, '2025-06-27 09:07:56', NULL),
	(251, 121, 2, 2025, 250000.00, 0.00, 0.00, 0.00, '2025-06-27 09:07:56', NULL),
	(252, 122, 2, 2025, 2022214.00, 0.00, 0.00, 0.00, '2025-06-27 09:07:56', NULL),
	(253, 123, 2, 2025, 300000.00, 0.00, 0.00, 0.00, '2025-06-27 09:07:56', NULL),
	(254, 124, 2, 2025, 500000.00, 0.00, 0.00, 0.00, '2025-06-27 09:07:56', NULL),
	(255, 125, 2, 2025, -1200000.00, 0.00, 0.00, 0.00, '2025-06-27 09:07:56', NULL),
	(256, 126, 2, 2025, 2500000.00, 0.00, 0.00, 0.00, '2025-06-27 09:07:56', NULL),
	(257, 127, 2, 2025, 0.00, 0.00, 0.00, 0.00, '2025-06-27 09:07:57', NULL),
	(258, 128, 2, 2025, 0.00, 0.00, 0.00, 0.00, '2025-06-27 09:07:57', NULL),
	(259, 93, 2, 2025, 390000.00, 0.00, 0.00, 0.00, '2025-06-27 09:07:57', NULL),
	(260, 129, 2, 2025, 0.00, 0.00, 0.00, 0.00, '2025-06-27 09:07:57', NULL),
	(261, 130, 2, 2025, 0.00, 0.00, 0.00, 0.00, '2025-06-27 09:07:57', NULL),
	(262, 131, 2, 2025, 150000.00, 0.00, 0.00, 0.00, '2025-06-27 09:07:57', NULL),
	(263, 132, 2, 2025, 500000.00, 0.00, 0.00, 0.00, '2025-06-27 09:07:57', NULL),
	(264, 133, 2, 2025, 0.00, 0.00, 0.00, 0.00, '2025-06-27 09:07:57', NULL),
	(265, 134, 2, 2025, 200000.00, 0.00, 0.00, 0.00, '2025-06-27 09:07:57', NULL),
	(266, 135, 2, 2025, 175000.00, 0.00, 0.00, 0.00, '2025-06-27 09:07:58', NULL),
	(267, 136, 2, 2025, 0.00, 0.00, 0.00, 0.00, '2025-06-27 09:07:58', NULL),
	(268, 137, 2, 2025, 0.00, 0.00, 0.00, 0.00, '2025-06-27 09:07:58', NULL),
	(269, 138, 2, 2025, 0.00, 0.00, 0.00, 0.00, '2025-06-27 09:07:58', NULL),
	(270, 139, 2, 2025, 150000.00, 0.00, 0.00, 0.00, '2025-06-27 09:07:58', NULL),
	(271, 140, 2, 2025, 0.00, 0.00, 0.00, 0.00, '2025-06-27 09:07:58', NULL),
	(272, 141, 2, 2025, 0.00, 0.00, 0.00, 0.00, '2025-06-27 09:07:58', NULL),
	(273, 1, 2, 2025, 184099454.00, 0.00, 0.00, 0.00, '2025-06-27 09:07:58', NULL),
	(274, 2, 2, 2025, 496052945.00, 0.00, 0.00, 0.00, '2025-06-27 09:07:58', NULL),
	(275, 72, 2, 2025, 0.00, 0.00, 0.00, 0.00, '2025-06-27 09:07:58', NULL),
	(276, 161, 2, 2025, 152500.00, 0.00, 0.00, 0.00, '2025-06-27 09:07:58', NULL),
	(277, 25, 2, 2025, 44200000.00, 0.00, 0.00, 0.00, '2025-06-27 09:07:58', NULL),
	(278, 85, 2, 2025, 1200000.00, 0.00, 0.00, 0.00, '2025-06-27 09:07:58', NULL),
	(279, 31, 2, 2025, 250000.00, 0.00, 0.00, 0.00, '2025-06-27 09:07:58', NULL),
	(280, 162, 2, 2025, 3288359.00, 0.00, 0.00, 0.00, '2025-06-27 09:07:58', NULL),
	(281, 163, 2, 2025, 12531370.00, 0.00, 0.00, 0.00, '2025-06-27 09:07:58', NULL),
	(282, 164, 2, 2025, 42371113.00, 0.00, 0.00, 0.00, '2025-06-27 09:07:58', NULL),
	(283, 165, 2, 2025, 6375410.00, 0.00, 0.00, 0.00, '2025-06-27 09:07:58', NULL),
	(284, 166, 2, 2025, 1250000.00, 0.00, 0.00, 0.00, '2025-06-27 09:07:58', NULL),
	(285, 167, 2, 2025, 0.00, 0.00, 0.00, 0.00, '2025-06-27 09:07:58', NULL),
	(286, 168, 2, 2025, 0.00, 0.00, 0.00, 0.00, '2025-06-27 09:07:58', NULL),
	(287, 169, 2, 2025, 0.00, 0.00, 0.00, 0.00, '2025-06-27 09:07:58', NULL),
	(288, 170, 2, 2025, 0.00, 0.00, 0.00, 0.00, '2025-06-27 09:07:58', NULL),
	(289, 171, 2, 2025, 92701556.00, 0.00, 0.00, 0.00, '2025-06-27 09:07:58', NULL),
	(290, 172, 2, 2025, 0.00, 0.00, 0.00, 0.00, '2025-06-27 09:07:58', NULL),
	(291, 173, 2, 2025, 0.00, 0.00, 0.00, 0.00, '2025-06-27 09:07:59', NULL),
	(292, 142, 2, 2025, 0.00, 0.00, 0.00, 0.00, '2025-06-27 09:07:59', NULL),
	(293, 143, 2, 2025, 0.00, 0.00, 0.00, 0.00, '2025-06-27 09:07:59', NULL),
	(294, 144, 2, 2025, 0.00, 0.00, 0.00, 0.00, '2025-06-27 09:07:59', NULL),
	(295, 145, 2, 2025, 0.00, 0.00, 0.00, 0.00, '2025-06-27 09:07:59', NULL),
	(296, 12, 2, 2025, 0.00, 0.00, 0.00, 0.00, '2025-06-27 09:07:59', NULL),
	(297, 146, 2, 2025, 0.00, 0.00, 0.00, 0.00, '2025-06-27 09:07:59', NULL),
	(298, 147, 2, 2025, 0.00, 0.00, 0.00, 0.00, '2025-06-27 09:07:59', NULL),
	(299, 148, 2, 2025, 0.00, 0.00, 0.00, 0.00, '2025-06-27 09:07:59', NULL),
	(300, 149, 2, 2025, 0.00, 0.00, 0.00, 0.00, '2025-06-27 09:07:59', NULL),
	(301, 150, 2, 2025, 0.00, 0.00, 0.00, 0.00, '2025-06-27 09:07:59', NULL),
	(302, 151, 2, 2025, 0.00, 0.00, 0.00, 0.00, '2025-06-27 09:07:59', NULL),
	(303, 152, 2, 2025, 0.00, 0.00, 0.00, 0.00, '2025-06-27 09:07:59', NULL),
	(304, 13, 2, 2025, 57065100.00, 0.00, 0.00, 0.00, '2025-06-27 09:07:59', NULL),
	(305, 14, 2, 2025, 206759500.00, 0.00, 0.00, 0.00, '2025-06-27 09:07:59', NULL),
	(306, 15, 2, 2025, 29270000.00, 0.00, 0.00, 0.00, '2025-06-27 09:07:59', NULL),
	(307, 16, 2, 2025, 6500000.00, 0.00, 0.00, 0.00, '2025-06-27 09:07:59', NULL),
	(308, 153, 2, 2025, 0.00, 0.00, 0.00, 0.00, '2025-06-27 09:07:59', NULL),
	(309, 154, 2, 2025, 0.00, 0.00, 0.00, 0.00, '2025-06-27 09:07:59', NULL),
	(310, 155, 2, 2025, 0.00, 0.00, 0.00, 0.00, '2025-06-27 09:07:59', NULL),
	(311, 156, 2, 2025, 0.00, 0.00, 0.00, 0.00, '2025-06-27 09:08:00', NULL),
	(312, 157, 2, 2025, 0.00, 0.00, 0.00, 0.00, '2025-06-27 09:08:00', NULL),
	(313, 158, 2, 2025, 0.00, 0.00, 0.00, 0.00, '2025-06-27 09:08:00', NULL),
	(314, 159, 2, 2025, 0.00, 0.00, 0.00, 0.00, '2025-06-27 09:08:00', NULL),
	(315, 160, 2, 2025, 0.00, 0.00, 0.00, 0.00, '2025-06-27 09:08:00', NULL),
	(316, 27, 2, 2025, 30000.00, 0.00, 0.00, 0.00, '2025-06-27 09:08:00', NULL),
	(317, 52, 2, 2025, 0.00, 0.00, 0.00, 0.00, '2025-06-27 09:08:00', NULL),
	(318, 22, 2, 2025, 6800000.00, 0.00, 0.00, 0.00, '2025-06-27 09:08:00', NULL),
	(319, 55, 2, 2025, 0.00, 0.00, 0.00, 0.00, '2025-06-27 09:08:00', NULL),
	(320, 60, 2, 2025, 0.00, 0.00, 0.00, 0.00, '2025-06-27 09:08:00', NULL),
	(321, 174, 2, 2025, 11662000.00, 0.00, 0.00, 0.00, '2025-06-27 09:08:00', NULL),
	(322, 175, 2, 2025, 7901955.00, 0.00, 0.00, 0.00, '2025-06-27 09:08:00', NULL),
	(323, 176, 2, 2025, 0.00, 0.00, 0.00, 0.00, '2025-06-27 09:08:00', NULL),
	(324, 177, 2, 2025, 0.00, 0.00, 0.00, 0.00, '2025-06-27 09:08:00', NULL),
	(325, 178, 2, 2025, 42368900.00, 0.00, 0.00, 0.00, '2025-06-27 09:08:00', NULL),
	(326, 179, 2, 2025, 127500000.00, 0.00, 0.00, 0.00, '2025-06-27 09:08:00', NULL),
	(327, 180, 2, 2025, 6600000.00, 0.00, 0.00, 0.00, '2025-06-27 09:08:01', NULL),
	(328, 181, 2, 2025, 20300815.00, 0.00, 0.00, 0.00, '2025-06-27 09:08:01', NULL),
	(329, 182, 2, 2025, 329550.00, 0.00, 0.00, 0.00, '2025-06-27 09:08:01', NULL),
	(330, 183, 2, 2025, 74000000.00, 0.00, 0.00, 0.00, '2025-06-27 09:08:01', NULL),
	(331, 184, 2, 2025, 477673852.00, 0.00, 0.00, 0.00, '2025-06-27 09:08:01', NULL),
	(332, 185, 2, 2025, 200845475.00, 0.00, 0.00, 0.00, '2025-06-27 09:08:01', NULL),
	(333, 186, 2, 2025, 0.00, 0.00, 0.00, 0.00, '2025-06-27 09:08:01', NULL),
	(334, 187, 2, 2025, 70962636.00, 0.00, 0.00, 0.00, '2025-06-27 09:08:01', NULL),
	(335, 11, 2, 2025, 0.00, 0.00, 0.00, 0.00, '2025-06-27 09:08:01', NULL),
	(336, 53, 2, 2025, 0.00, 0.00, 0.00, 0.00, '2025-06-27 09:08:01', NULL),
	(337, 54, 2, 2025, 0.00, 0.00, 0.00, 0.00, '2025-06-27 09:08:01', NULL),
	(338, 56, 2, 2025, 47253351.00, 0.00, 0.00, 0.00, '2025-06-27 09:08:01', NULL),
	(339, 57, 2, 2025, 53116276.00, 0.00, 0.00, 0.00, '2025-06-27 09:08:01', NULL),
	(340, 58, 2, 2025, 0.00, 0.00, 0.00, 0.00, '2025-06-27 09:08:01', NULL),
	(341, 59, 2, 2025, 0.00, 0.00, 0.00, 0.00, '2025-06-27 09:08:01', NULL),
	(342, 61, 2, 2025, 0.00, 0.00, 0.00, 0.00, '2025-06-27 09:08:01', NULL),
	(343, 17, 2, 2025, 3062648900.00, 0.00, 0.00, 0.00, '2025-06-27 09:08:01', NULL),
	(344, 18, 2, 2025, 0.00, 0.00, 0.00, 0.00, '2025-06-27 09:08:01', NULL),
	(345, 19, 2, 2025, 0.00, 0.00, 0.00, 0.00, '2025-06-27 09:08:01', NULL),
	(346, 20, 2, 2025, 0.00, 0.00, 0.00, 0.00, '2025-06-27 09:08:01', NULL),
	(347, 24, 2, 2025, -150596000.00, 0.00, 0.00, 0.00, '2025-06-27 09:08:01', NULL),
	(348, 32, 2, 2025, 200000000.00, 0.00, 0.00, 0.00, '2025-06-27 09:08:01', NULL),
	(349, 26, 2, 2025, 350000.00, 0.00, 0.00, 0.00, '2025-06-27 09:08:01', NULL),
	(350, 28, 2, 2025, 2150000.00, 0.00, 0.00, 0.00, '2025-06-27 09:08:01', NULL),
	(351, 29, 2, 2025, 0.00, 0.00, 0.00, 0.00, '2025-06-27 09:08:01', NULL),
	(352, 45, 2, 2025, 0.00, 0.00, 0.00, 0.00, '2025-06-27 09:08:01', NULL),
	(353, 46, 2, 2025, 0.00, 0.00, 0.00, 0.00, '2025-06-27 09:08:01', NULL),
	(354, 47, 2, 2025, 0.00, 0.00, 0.00, 0.00, '2025-06-27 09:08:02', NULL),
	(355, 48, 2, 2025, 0.00, 0.00, 0.00, 0.00, '2025-06-27 09:08:02', NULL),
	(356, 30, 2, 2025, 31103700.00, 0.00, 0.00, 0.00, '2025-06-27 09:08:02', NULL),
	(357, 51, 2, 2025, 0.00, 0.00, 0.00, 0.00, '2025-06-27 09:08:02', NULL),
	(358, 50, 2, 2025, 0.00, 0.00, 0.00, 0.00, '2025-06-27 09:08:02', NULL),
	(360, 33, 2, 2025, -1075000.00, 0.00, 0.00, 0.00, '2025-06-27 09:08:02', NULL),
	(361, 23, 2, 2025, 135000.00, 0.00, 0.00, 0.00, '2025-06-27 09:08:02', NULL),
	(362, 21, 2, 2025, 1282350.00, 0.00, 0.00, 0.00, '2025-06-27 09:08:02', NULL),
	(363, 34, 2, 2025, 588981000.00, 0.00, 0.00, 0.00, '2025-06-27 09:08:02', NULL),
	(364, 36, 2, 2025, 10110000.00, 0.00, 0.00, 0.00, '2025-06-27 09:08:02', NULL),
	(365, 37, 2, 2025, 1301231757.00, 0.00, 0.00, 0.00, '2025-06-27 09:08:02', NULL),
	(366, 38, 2, 2025, 277962645.00, 0.00, 0.00, 0.00, '2025-06-27 09:08:02', NULL),
	(367, 39, 2, 2025, 466922125.00, 0.00, 0.00, 0.00, '2025-06-27 09:08:02', NULL),
	(368, 35, 2, 2025, 104802000.00, 0.00, 0.00, 0.00, '2025-06-27 09:08:02', NULL),
	(369, 9, 2, 2025, -100000000.00, 0.00, 0.00, 0.00, '2025-06-27 09:08:02', NULL),
	(370, 40, 2, 2025, 71051000.00, 0.00, 0.00, 0.00, '2025-06-27 09:08:02', NULL),
	(371, 41, 2, 2025, 300000.00, 0.00, 0.00, 0.00, '2025-06-27 09:08:02', NULL),
	(372, 42, 2, 2025, 0.00, 0.00, 0.00, 0.00, '2025-06-27 09:08:02', NULL),
	(373, 43, 2, 2025, 0.00, 0.00, 0.00, 0.00, '2025-06-27 09:08:02', NULL),
	(374, 44, 2, 2025, 0.00, 0.00, 0.00, 0.00, '2025-06-27 09:08:02', NULL),
	(375, 49, 2, 2025, 0.00, 0.00, 0.00, 0.00, '2025-06-27 09:08:02', NULL),
	(376, 10, 2, 2025, -40000.00, 0.00, 0.00, 0.00, '2025-06-27 09:08:02', NULL);

-- membuang struktur untuk table sikopdit.tbl_neraca_data
CREATE TABLE IF NOT EXISTS `tbl_neraca_data` (
  `id` int unsigned NOT NULL AUTO_INCREMENT,
  `periode_tahun` int NOT NULL,
  `periode_bulan` int NOT NULL,
  `kode_akun_internal` varchar(50) COLLATE utf8mb4_general_ci NOT NULL,
  `nomor_display_main` varchar(10) COLLATE utf8mb4_general_ci DEFAULT NULL,
  `nomor_display_sub` varchar(10) COLLATE utf8mb4_general_ci DEFAULT NULL,
  `uraian_akun` varchar(255) COLLATE utf8mb4_general_ci NOT NULL,
  `grup_laporan` varchar(100) COLLATE utf8mb4_general_ci NOT NULL,
  `nilai` decimal(20,2) DEFAULT NULL,
  `is_header_grup` tinyint(1) DEFAULT '0',
  `is_item_utama` tinyint(1) DEFAULT '1',
  `is_akumulasi` tinyint(1) DEFAULT '0',
  `parent_kode_akun_internal` varchar(50) COLLATE utf8mb4_general_ci DEFAULT NULL,
  `is_sub_total_grup` tinyint(1) DEFAULT '0',
  `is_nilai_buku_line` tinyint(1) DEFAULT '0',
  `urutan_display` int NOT NULL,
  `is_editable` tinyint(1) DEFAULT '1',
  `created_at` timestamp NOT NULL DEFAULT CURRENT_TIMESTAMP,
  `updated_at` timestamp NOT NULL DEFAULT CURRENT_TIMESTAMP ON UPDATE CURRENT_TIMESTAMP,
  PRIMARY KEY (`id`),
  UNIQUE KEY `unique_neraca_item_per_periode` (`periode_tahun`,`periode_bulan`,`kode_akun_internal`)
) ENGINE=InnoDB DEFAULT CHARSET=utf8mb4 COLLATE=utf8mb4_general_ci;

-- Membuang data untuk tabel sikopdit.tbl_neraca_data: ~0 rows (lebih kurang)

-- membuang struktur untuk table sikopdit.transaksi_pinjaman
CREATE TABLE IF NOT EXISTS `transaksi_pinjaman` (
  `id_pinjaman` int unsigned NOT NULL AUTO_INCREMENT,
  `id_anggota` int unsigned NOT NULL,
  `tanggal_pinjaman` date NOT NULL,
  `jumlah_pinjaman` decimal(15,2) NOT NULL,
  `jangka_waktu` int NOT NULL,
  `jaminan` varchar(100) COLLATE utf8mb4_general_ci DEFAULT NULL,
  `status` enum('aktif','lunas') COLLATE utf8mb4_general_ci NOT NULL DEFAULT 'aktif',
  `created_at` datetime DEFAULT NULL,
  `updated_at` datetime DEFAULT NULL,
  PRIMARY KEY (`id_pinjaman`),
  KEY `transaksi_pinjaman_id_anggota_foreign` (`id_anggota`),
  CONSTRAINT `transaksi_pinjaman_id_anggota_foreign` FOREIGN KEY (`id_anggota`) REFERENCES `anggota` (`id_anggota`) ON DELETE CASCADE ON UPDATE CASCADE
) ENGINE=InnoDB AUTO_INCREMENT=2 DEFAULT CHARSET=utf8mb4 COLLATE=utf8mb4_general_ci;

-- Membuang data untuk tabel sikopdit.transaksi_pinjaman: ~0 rows (lebih kurang)
INSERT INTO `transaksi_pinjaman` (`id_pinjaman`, `id_anggota`, `tanggal_pinjaman`, `jumlah_pinjaman`, `jangka_waktu`, `jaminan`, `status`, `created_at`, `updated_at`) VALUES
	(1, 2, '2025-06-05', 1000000.00, 2, 'Tidak ada', 'aktif', '2025-06-28 02:04:30', '2025-06-28 02:04:30');

-- membuang struktur untuk table sikopdit.transaksi_simpanan
CREATE TABLE IF NOT EXISTS `transaksi_simpanan` (
  `id_simpanan` int unsigned NOT NULL AUTO_INCREMENT,
  `id_anggota` int unsigned NOT NULL,
  `id_pinjaman` int unsigned DEFAULT NULL,
  `tanggal` date NOT NULL,
  `setor_sw` decimal(10,2) NOT NULL DEFAULT '0.00',
  `tarik_sw` decimal(10,2) NOT NULL DEFAULT '0.00',
  `setor_swp` decimal(10,2) NOT NULL DEFAULT '0.00',
  `tarik_swp` decimal(10,2) NOT NULL DEFAULT '0.00',
  `setor_ss` decimal(10,2) NOT NULL DEFAULT '0.00',
  `tarik_ss` decimal(10,2) NOT NULL DEFAULT '0.00',
  `setor_sp` decimal(10,2) NOT NULL DEFAULT '0.00',
  `tarik_sp` decimal(10,2) NOT NULL DEFAULT '0.00',
  `created_at` datetime DEFAULT NULL,
  `updated_at` datetime DEFAULT NULL,
  PRIMARY KEY (`id_simpanan`),
  KEY `transaksi_simpanan_id_anggota_foreign` (`id_anggota`),
  KEY `transaksi_simpanan_id_pinjaman_foreign` (`id_pinjaman`),
  CONSTRAINT `transaksi_simpanan_id_anggota_foreign` FOREIGN KEY (`id_anggota`) REFERENCES `anggota` (`id_anggota`) ON DELETE CASCADE ON UPDATE CASCADE,
  CONSTRAINT `transaksi_simpanan_id_pinjaman_foreign` FOREIGN KEY (`id_pinjaman`) REFERENCES `transaksi_pinjaman` (`id_pinjaman`) ON DELETE CASCADE ON UPDATE CASCADE
) ENGINE=InnoDB AUTO_INCREMENT=6 DEFAULT CHARSET=utf8mb4 COLLATE=utf8mb4_general_ci;

-- Membuang data untuk tabel sikopdit.transaksi_simpanan: ~0 rows (lebih kurang)
INSERT INTO `transaksi_simpanan` (`id_simpanan`, `id_anggota`, `id_pinjaman`, `tanggal`, `setor_sw`, `tarik_sw`, `setor_swp`, `tarik_swp`, `setor_ss`, `tarik_ss`, `setor_sp`, `tarik_sp`, `created_at`, `updated_at`) VALUES
	(1, 1, NULL, '2025-06-28', 75000.00, 0.00, 0.00, 0.00, 5000.00, 0.00, 10000.00, 0.00, '2025-06-28 02:02:17', '2025-06-28 02:02:17'),
	(2, 2, NULL, '2025-06-28', 75000.00, 0.00, 0.00, 0.00, 5000.00, 0.00, 10000.00, 0.00, '2025-06-28 02:02:17', '2025-06-28 02:02:17'),
	(3, 3, NULL, '2025-06-28', 75000.00, 0.00, 0.00, 0.00, 5000.00, 0.00, 10000.00, 0.00, '2025-06-28 02:02:18', '2025-06-28 02:02:18'),
	(4, 4, NULL, '2025-06-28', 75000.00, 0.00, 0.00, 0.00, 5000.00, 0.00, 10000.00, 0.00, '2025-06-28 02:02:18', '2025-06-28 02:02:18'),
	(5, 2, 1, '0000-00-00', 0.00, 0.00, 0.00, 0.00, 0.00, 0.00, 0.00, 0.00, '2025-06-28 02:04:30', '2025-06-28 02:04:30');

-- membuang struktur untuk table sikopdit.users
CREATE TABLE IF NOT EXISTS `users` (
  `id_user` int unsigned NOT NULL AUTO_INCREMENT,
  `nama` varchar(50) COLLATE utf8mb4_general_ci NOT NULL,
  `email` varchar(75) COLLATE utf8mb4_general_ci NOT NULL,
  `password` varchar(255) COLLATE utf8mb4_general_ci NOT NULL,
  `role` enum('admin','karyawan') COLLATE utf8mb4_general_ci NOT NULL DEFAULT 'karyawan',
  `status` enum('aktif','nonaktif') COLLATE utf8mb4_general_ci NOT NULL DEFAULT 'aktif',
  `deleted_at` datetime DEFAULT NULL,
  `created_at` datetime DEFAULT NULL,
  `updated_at` datetime DEFAULT NULL,
  PRIMARY KEY (`id_user`),
  UNIQUE KEY `email` (`email`)
) ENGINE=InnoDB AUTO_INCREMENT=3 DEFAULT CHARSET=utf8mb4 COLLATE=utf8mb4_general_ci;

-- Membuang data untuk tabel sikopdit.users: ~2 rows (lebih kurang)
INSERT INTO `users` (`id_user`, `nama`, `email`, `password`, `role`, `status`, `deleted_at`, `created_at`, `updated_at`) VALUES
	(1, 'Admin Koperasi', 'admin@koperasi.com', '$2y$10$bTixAKPrFP4A58kJIR3qkOCfwdX5A/tDaPTWVUYJubeBAMT.7xGXa', 'admin', 'aktif', NULL, '2025-06-27 16:05:41', '2025-06-27 16:05:41'),
	(2, 'Karyawan Koperasi', 'karyawan@koperasi.com', '$2y$10$6Oxn0AGLCTNahhUwZt2GiOK8ueVrnEj8lPXORl1UGHq/TzOkkJ8.e', 'karyawan', 'aktif', NULL, '2025-06-27 16:05:41', '2025-06-27 16:05:41');

/*!40103 SET TIME_ZONE=IFNULL(@OLD_TIME_ZONE, 'system') */;
/*!40101 SET SQL_MODE=IFNULL(@OLD_SQL_MODE, '') */;
/*!40014 SET FOREIGN_KEY_CHECKS=IFNULL(@OLD_FOREIGN_KEY_CHECKS, 1) */;
/*!40101 SET CHARACTER_SET_CLIENT=@OLD_CHARACTER_SET_CLIENT */;
/*!40111 SET SQL_NOTES=IFNULL(@OLD_SQL_NOTES, 1) */;
