-- --------------------------------------------------------
-- Host:                         127.0.0.1
-- Versi server:                 8.0.30 - MySQL Community Server - GPL
-- OS Server:                    Win64
-- HeidiSQL Versi:               12.1.0.6537
-- --------------------------------------------------------

/*!40101 SET @OLD_CHARACTER_SET_CLIENT=@@CHARACTER_SET_CLIENT */;
/*!40101 SET NAMES utf8 */;
/*!50503 SET NAMES utf8mb4 */;
/*!40103 SET @OLD_TIME_ZONE=@@TIME_ZONE */;
/*!40103 SET TIME_ZONE='+00:00' */;
/*!40014 SET @OLD_FOREIGN_KEY_CHECKS=@@FOREIGN_KEY_CHECKS, FOREIGN_KEY_CHECKS=0 */;
/*!40101 SET @OLD_SQL_MODE=@@SQL_MODE, SQL_MODE='NO_AUTO_VALUE_ON_ZERO' */;
/*!40111 SET @OLD_SQL_NOTES=@@SQL_NOTES, SQL_NOTES=0 */;

-- membuang struktur untuk table sikopdit.akun
CREATE TABLE IF NOT EXISTS `akun` (
  `id` int unsigned NOT NULL AUTO_INCREMENT,
  `kode_akun` varchar(20) COLLATE utf8mb4_general_ci NOT NULL,
  `nama_akun` varchar(100) COLLATE utf8mb4_general_ci NOT NULL,
  `kategori` varchar(100) COLLATE utf8mb4_general_ci NOT NULL,
  `jenis` enum('Debit','Kredit') COLLATE utf8mb4_general_ci NOT NULL,
  `saldo_awal` decimal(15,2) NOT NULL DEFAULT '0.00',
  `created_at` timestamp NULL DEFAULT CURRENT_TIMESTAMP,
  `updated_at` timestamp NULL DEFAULT NULL ON UPDATE CURRENT_TIMESTAMP,
  PRIMARY KEY (`id`),
  UNIQUE KEY `kode_akun` (`kode_akun`)
) ENGINE=InnoDB AUTO_INCREMENT=120 DEFAULT CHARSET=utf8mb4 COLLATE=utf8mb4_general_ci;

-- Membuang data untuk tabel sikopdit.akun: ~119 rows (lebih kurang)
INSERT INTO `akun` (`id`, `kode_akun`, `nama_akun`, `kategori`, `jenis`, `saldo_awal`, `created_at`, `updated_at`) VALUES
	(1, 'AST001', 'Akumulasi Penyusutan Inventaris Komputer', 'ASSET', 'Kredit', 0.00, '2025-04-26 04:30:27', '2025-04-26 04:30:27'),
	(2, 'AST002', 'Akumulasi Penyusutan Inventaris Mebel', 'ASSET', 'Kredit', 0.00, '2025-04-26 04:30:27', '2025-04-26 04:30:27'),
	(3, 'AST003', 'Akumulasi Penyusutan Inventaris Gedung', 'ASSET', 'Kredit', 0.00, '2025-04-26 04:30:27', '2025-04-26 04:30:27'),
	(4, 'AST004', 'Akumulasi Penyusutan Inventaris Kendaraan', 'ASSET', 'Kredit', 0.00, '2025-04-26 04:30:27', '2025-04-26 04:30:27'),
	(5, 'PIN001', 'Angsuran Pinjaman', 'KEWAJIBAN', 'Debit', 0.00, '2025-04-26 04:30:27', '2025-04-26 04:30:27'),
	(6, 'CAP001', 'Cadangan Aktiva Produktif (CAP)', 'MODAL', 'Kredit', 0.00, '2025-04-26 04:30:27', '2025-04-26 04:30:27'),
	(7, 'PND001', 'Denda', 'PENDAPATAN', 'Kredit', 0.00, '2025-04-26 04:30:27', '2025-04-26 04:30:27'),
	(8, 'FEE001', 'Fee (Anggota Keluar)', 'PENDAPATAN', 'Kredit', 0.00, '2025-04-26 04:30:27', '2025-04-26 04:30:27'),
	(9, 'PND002', 'Fee Persentase (Profisi) 1%', 'PENDAPATAN', 'Kredit', 0.00, '2025-04-26 04:30:27', '2025-04-26 04:30:27'),
	(10, 'PND003', 'Pendapatan Jasa Pinjaman', 'PENDAPATAN', 'Kredit', 0.00, '2025-04-26 04:30:27', '2025-04-26 04:30:27'),
	(11, 'PND008', 'Jasa Piutang', 'PENDAPATAN', 'Kredit', 0.00, '2025-04-26 04:30:27', '2025-04-26 04:30:27'),
	(12, 'DAC001', 'Dana Cadangan RAT', 'MODAL', 'Kredit', 0.00, '2025-04-26 04:30:27', '2025-04-26 04:30:27'),
	(13, 'DAC002', 'Penyisihan Dana Pemilihan Pengurus', 'MODAL', 'Kredit', 0.00, '2025-04-26 04:30:27', '2025-04-26 04:30:27'),
	(14, 'PIN002', 'Pinjaman dari Bank Pembangunan Daerah (BPD)', 'KEWAJIBAN', 'Kredit', 0.00, '2025-04-26 04:30:27', '2025-04-26 04:30:27'),
	(15, 'RIS001', 'Risiko (Re) 0,5%', 'BEBAN', 'Debit', 0.00, '2025-04-26 04:30:27', '2025-04-26 04:30:27'),
	(16, 'SIM001', 'Simpanan Non-Saham', 'KEWAJIBAN', 'Kredit', 0.00, '2025-04-26 04:30:27', '2025-04-26 04:30:27'),
	(17, 'SIM006', 'Jasa Simpanan Non-Saham', 'KEWAJIBAN', 'Kredit', 0.00, '2025-04-26 04:30:27', '2025-04-26 04:30:27'),
	(18, 'SIM002', 'Simpanan Pokok (SP)', 'KEWAJIBAN', 'Kredit', 0.00, '2025-04-26 04:30:27', '2025-04-26 04:30:27'),
	(19, 'SIM003', 'Simpanan Sukarela (SS)', 'KEWAJIBAN', 'Kredit', 0.00, '2025-04-26 04:30:27', '2025-04-26 04:30:27'),
	(20, 'SIM004', 'Simpanan Wajib (SW)', 'KEWAJIBAN', 'Kredit', 0.00, '2025-04-26 04:30:27', '2025-04-26 04:30:27'),
	(21, 'SIM005', 'Simpanan Wajib Penyertaan (SWP)', 'KEWAJIBAN', 'Kredit', 0.00, '2025-04-26 04:30:27', '2025-04-26 04:30:27'),
	(22, 'TAR001', 'Tarik Dana dari Bank', 'ASSET', 'Debit', 0.00, '2025-04-26 04:30:27', '2025-04-26 04:30:27'),
	(23, 'TDP001', 'Titipan Dana Kesejahteraan', 'KEWAJIBAN', 'Kredit', 0.00, '2025-04-26 04:30:27', '2025-04-26 04:30:27'),
	(24, 'TDP002', 'Titipan Tunjangan Pesangon Karyawan', 'KEWAJIBAN', 'Kredit', 0.00, '2025-04-26 04:30:27', '2025-04-26 04:30:27'),
	(25, 'UAN001', 'Uang Pangkal', 'ASSET', 'Debit', 0.00, '2025-04-26 04:30:27', '2025-04-26 04:30:27'),
	(26, 'TDP003', 'Titipan Dana RAT', 'KEWAJIBAN', 'Kredit', 0.00, '2025-04-26 04:30:27', '2025-04-26 04:30:27'),
	(27, 'TDP004', 'Titipan Dana Pendampingan', 'KEWAJIBAN', 'Kredit', 0.00, '2025-04-26 04:30:27', '2025-04-26 04:30:27'),
	(28, 'TDP005', 'Titipan Penyisihan Pajak SHU', 'KEWAJIBAN', 'Kredit', 0.00, '2025-04-26 04:30:27', '2025-04-26 04:30:27'),
	(29, 'MOD001', 'Modal Tetap', 'ASSET', 'Debit', 0.00, '2025-04-26 04:30:27', '2025-04-26 04:30:27'),
	(30, 'PND004', 'Pendapatan Lain-lain', 'PENDAPATAN', 'Kredit', 0.00, '2025-04-26 04:30:27', '2025-04-26 04:30:27'),
	(31, 'PND005', 'Pendapatan Hibah', 'PENDAPATAN', 'Kredit', 0.00, '2025-04-26 04:30:27', '2025-04-26 04:30:27'),
	(32, 'PND006', 'Pendapatan Jasa Simpanan Bank', 'PENDAPATAN', 'Kredit', 0.00, '2025-04-26 04:30:27', '2025-04-26 04:30:27'),
	(33, 'PND007', 'Pendapatan Jasa Deposito', 'PENDAPATAN', 'Kredit', 0.00, '2025-04-26 04:30:27', '2025-04-26 04:30:27'),
	(34, 'TDP006', 'Titipan Pajak Jasa Non Saham', 'KEWAJIBAN', 'Kredit', 0.00, '2025-04-26 04:30:27', '2025-04-26 04:30:27'),
	(35, 'AUTO001', 'Pinjaman Anggota', 'LAIN-LAIN', 'Debit', 0.00, '2025-04-26 04:30:27', '2025-04-26 04:30:27'),
	(36, 'AUTO002', 'Simpanan di Bank', 'LAIN-LAIN', 'Debit', 0.00, '2025-04-26 04:30:27', '2025-04-26 04:30:27'),
	(37, 'AUTO003', 'Simpanan Deposito', 'LAIN-LAIN', 'Debit', 0.00, '2025-04-26 04:30:27', '2025-04-26 04:30:27'),
	(38, 'AUTO004', 'Angsuran pinjaman ke BPD', 'LAIN-LAIN', 'Debit', 0.00, '2025-04-26 04:30:27', '2025-04-26 04:30:27'),
	(39, 'AUTO005', 'Tarik Simpanan Pokok (SP)', 'LAIN-LAIN', 'Debit', 0.00, '2025-04-26 04:30:27', '2025-04-26 04:30:27'),
	(40, 'AUTO006', 'Tarik Simpanan Wajib (SW)', 'LAIN-LAIN', 'Debit', 0.00, '2025-04-26 04:30:27', '2025-04-26 04:30:27'),
	(41, 'AUTO007', 'Tarik Simpanan Wajib Penyertaan (SWP)', 'LAIN-LAIN', 'Debit', 0.00, '2025-04-26 04:30:27', '2025-04-26 04:30:27'),
	(42, 'AUTO008', 'Tarik Simpanan Sukarela (SS)', 'LAIN-LAIN', 'Debit', 0.00, '2025-04-26 04:30:27', '2025-04-26 04:30:27'),
	(43, 'AUTO009', 'Tarik Simpanan Non-Saham', 'LAIN-LAIN', 'Debit', 0.00, '2025-04-26 04:30:27', '2025-04-26 04:30:27'),
	(44, 'AUTO010', 'Tarik Jasa Simpanan Non-Saham', 'LAIN-LAIN', 'Debit', 0.00, '2025-04-26 04:30:27', '2025-04-26 04:30:27'),
	(45, 'AUTO011', 'Tarik titip (SP, SW, SWP, SS)', 'LAIN-LAIN', 'Debit', 0.00, '2025-04-26 04:30:27', '2025-04-26 04:30:27'),
	(46, 'AUTO012', 'Tarik Dana Pengurus', 'LAIN-LAIN', 'Debit', 0.00, '2025-04-26 04:30:27', '2025-04-26 04:30:27'),
	(47, 'AUTO013', 'Tarik Dana Karyawan', 'LAIN-LAIN', 'Debit', 0.00, '2025-04-26 04:30:27', '2025-04-26 04:30:27'),
	(48, 'AUTO014', 'Tarik Dana Pendidikan', 'LAIN-LAIN', 'Debit', 0.00, '2025-04-26 04:30:27', '2025-04-26 04:30:27'),
	(49, 'AUTO015', 'Tarik Dana Sosial', 'LAIN-LAIN', 'Debit', 0.00, '2025-04-26 04:30:27', '2025-04-26 04:30:27'),
	(50, 'AUTO016', 'Tarik Dana PDK', 'LAIN-LAIN', 'Debit', 0.00, '2025-04-26 04:30:27', '2025-04-26 04:30:27'),
	(51, 'AUTO017', 'Tarik Titipan Dana RAT', 'LAIN-LAIN', 'Debit', 0.00, '2025-04-26 04:30:27', '2025-04-26 04:30:27'),
	(52, 'AUTO018', 'Tarik Dana Risiko', 'LAIN-LAIN', 'Debit', 0.00, '2025-04-26 04:30:27', '2025-04-26 04:30:27'),
	(53, 'AUTO019', 'Tarik Dana Pemupukan Modal Tetap', 'LAIN-LAIN', 'Debit', 0.00, '2025-04-26 04:30:27', '2025-04-26 04:30:27'),
	(54, 'AUTO020', 'Tarik Dana CAP', 'LAIN-LAIN', 'Debit', 0.00, '2025-04-26 04:30:27', '2025-04-26 04:30:27'),
	(55, 'AUTO021', 'Tarik Sisa Hasil Usaha (SHU)', 'LAIN-LAIN', 'Debit', 0.00, '2025-04-26 04:30:27', '2025-04-26 04:30:27'),
	(56, 'AUTO022', 'Tarik THT', 'LAIN-LAIN', 'Debit', 0.00, '2025-04-26 04:30:27', '2025-04-26 04:30:27'),
	(57, 'AUTO023', 'Tarik Titipan Pajak', 'LAIN-LAIN', 'Debit', 0.00, '2025-04-26 04:30:27', '2025-04-26 04:30:27'),
	(58, 'AUTO024', 'Tarik Dana Kesejahteraan', 'LAIN-LAIN', 'Debit', 0.00, '2025-04-26 04:30:27', '2025-04-26 04:30:27'),
	(59, 'AUTO025', 'Tarik Dana Pendampingan', 'LAIN-LAIN', 'Debit', 0.00, '2025-04-26 04:30:27', '2025-04-26 04:30:27'),
	(60, 'AUTO026', 'Biaya Administrasi', 'LAIN-LAIN', 'Debit', 0.00, '2025-04-26 04:30:27', '2025-04-26 04:30:27'),
	(61, 'AUTO027', 'Biaya Organisasi', 'LAIN-LAIN', 'Debit', 0.00, '2025-04-26 04:30:27', '2025-04-26 04:30:27'),
	(62, 'AUTO028', 'Biaya Gaji Karyawan', 'LAIN-LAIN', 'Debit', 0.00, '2025-04-26 04:30:27', '2025-04-26 04:30:27'),
	(63, 'AUTO029', 'Biaya Tunjangan Istri', 'LAIN-LAIN', 'Debit', 0.00, '2025-04-26 04:30:27', '2025-04-26 04:30:27'),
	(64, 'AUTO030', 'Biaya Tunjangan Anak', 'LAIN-LAIN', 'Debit', 0.00, '2025-04-26 04:30:27', '2025-04-26 04:30:27'),
	(65, 'AUTO031', 'THR (karyawan)', 'LAIN-LAIN', 'Debit', 0.00, '2025-04-26 04:30:27', '2025-04-26 04:30:27'),
	(66, 'AUTO032', 'Biaya insentif pengurus & pengawas', 'LAIN-LAIN', 'Debit', 0.00, '2025-04-26 04:30:27', '2025-04-26 04:30:27'),
	(67, 'AUTO070', 'Biaya IPTW (Insentif Pekerja Tidak Tetap Wajib)', 'LAIN-LAIN', 'Debit', 0.00, '2025-04-26 04:30:27', '2025-04-26 04:30:27'),
	(68, 'AUTO033', 'Biaya Koordinator', 'LAIN-LAIN', 'Debit', 0.00, '2025-04-26 04:30:27', '2025-04-26 04:30:27'),
	(69, 'AUTO034', 'Biaya Minum', 'LAIN-LAIN', 'Debit', 0.00, '2025-04-26 04:30:27', '2025-04-26 04:30:27'),
	(70, 'AUTO035', 'Biaya penjaga/kebersihan', 'LAIN-LAIN', 'Debit', 0.00, '2025-04-26 04:30:27', '2025-04-26 04:30:27'),
	(71, 'AUTO036', 'THR Penjaga', 'LAIN-LAIN', 'Debit', 0.00, '2025-04-26 04:30:27', '2025-04-26 04:30:27'),
	(72, 'AUTO037', 'Biaya Harkop/Besar Nasional', 'LAIN-LAIN', 'Debit', 0.00, '2025-04-26 04:30:27', '2025-04-26 04:30:27'),
	(73, 'AUTO038', 'Biaya Transportasi', 'LAIN-LAIN', 'Debit', 0.00, '2025-04-26 04:30:27', '2025-04-26 04:30:27'),
	(74, 'AUTO039', 'Biaya Transportasi rapat', 'LAIN-LAIN', 'Debit', 0.00, '2025-04-26 04:30:27', '2025-04-26 04:30:27'),
	(75, 'AUTO040', 'Biaya Bensin', 'LAIN-LAIN', 'Debit', 0.00, '2025-04-26 04:30:27', '2025-04-26 04:30:27'),
	(76, 'AUTO041', 'Biaya Lembur', 'LAIN-LAIN', 'Debit', 0.00, '2025-04-26 04:30:27', '2025-04-26 04:30:27'),
	(77, 'AUTO042', 'Biaya Non-Saham', 'LAIN-LAIN', 'Debit', 0.00, '2025-04-26 04:30:27', '2025-04-26 04:30:27'),
	(78, 'AUTO043', 'Biaya Perawatan Inventaris', 'LAIN-LAIN', 'Debit', 0.00, '2025-04-26 04:30:27', '2025-04-26 04:30:27'),
	(79, 'AUTO044', 'Biaya kalender/promosi', 'LAIN-LAIN', 'Debit', 0.00, '2025-04-26 04:30:27', '2025-04-26 04:30:27'),
	(80, 'AUTO045', 'Biaya pendidikan', 'LAIN-LAIN', 'Debit', 0.00, '2025-04-26 04:30:27', '2025-04-26 04:30:27'),
	(81, 'AUTO046', 'Perawatan gedung', 'LAIN-LAIN', 'Debit', 0.00, '2025-04-26 04:30:27', '2025-04-26 04:30:27'),
	(82, 'AUTO047', 'Biaya Dana Sosial', 'LAIN-LAIN', 'Debit', 0.00, '2025-04-26 04:30:27', '2025-04-26 04:30:27'),
	(83, 'AUTO048', 'Bonus pencapaian target', 'LAIN-LAIN', 'Debit', 0.00, '2025-04-26 04:30:27', '2025-04-26 04:30:27'),
	(84, 'AUTO049', 'Biaya kesejahteraan', 'LAIN-LAIN', 'Debit', 0.00, '2025-04-26 04:30:27', '2025-04-26 04:30:27'),
	(85, 'AUTO050', 'Biaya audit pengawas', 'LAIN-LAIN', 'Debit', 0.00, '2025-04-26 04:30:27', '2025-04-26 04:30:27'),
	(86, 'AUTO051', 'Biaya supervisi pengurus', 'LAIN-LAIN', 'Debit', 0.00, '2025-04-26 04:30:27', '2025-04-26 04:30:27'),
	(87, 'AUTO052', 'Insentif koordinator', 'LAIN-LAIN', 'Debit', 0.00, '2025-04-26 04:30:27', '2025-04-26 04:30:27'),
	(88, 'AUTO053', 'Biaya syawalan', 'LAIN-LAIN', 'Debit', 0.00, '2025-04-26 04:30:27', '2025-04-26 04:30:27'),
	(89, 'AUTO054', 'Bingkisan lebaran', 'LAIN-LAIN', 'Debit', 0.00, '2025-04-26 04:30:27', '2025-04-26 04:30:27'),
	(90, 'AUTO055', 'Seragam', 'LAIN-LAIN', 'Debit', 0.00, '2025-04-26 04:30:27', '2025-04-26 04:30:27'),
	(91, 'AUTO056', 'Biaya Bunga Hutang Bank', 'LAIN-LAIN', 'Debit', 0.00, '2025-04-26 04:30:27', '2025-04-26 04:30:27'),
	(92, 'AUTO057', 'Biaya Administrasi/Pajak Bank', 'LAIN-LAIN', 'Debit', 0.00, '2025-04-26 04:30:27', '2025-04-26 04:30:27'),
	(93, 'AUTO058', 'Pesangon purna karyawan', 'LAIN-LAIN', 'Debit', 0.00, '2025-04-26 04:30:27', '2025-04-26 04:30:27'),
	(94, 'AUTO059', 'Modal Tetap', 'LAIN-LAIN', 'Debit', 0.00, '2025-04-26 04:30:27', '2025-04-26 04:30:27'),
	(95, 'AUTO060', 'Denda pajak', 'LAIN-LAIN', 'Debit', 0.00, '2025-04-26 04:30:27', '2025-04-26 04:30:27'),
	(96, 'AUTO061', 'Biaya Pemilihan Pengawas/Pengurus', 'LAIN-LAIN', 'Debit', 0.00, '2025-04-26 04:30:27', '2025-04-26 04:30:27'),
	(97, 'AUTO062', 'Biaya BPJS', 'LAIN-LAIN', 'Debit', 0.00, '2025-04-26 04:30:27', '2025-04-26 04:30:27'),
	(98, 'AUTO063', 'Penyisihan Tunjangan Pensiun Karyawan', 'LAIN-LAIN', 'Debit', 0.00, '2025-04-26 04:30:27', '2025-04-26 04:30:27'),
	(99, 'AUTO064', 'CAP (Cadangan Aktiva Produktif)', 'LAIN-LAIN', 'Debit', 0.00, '2025-04-26 04:30:27', '2025-04-26 04:30:27'),
	(100, 'AUTO065', 'Penyisihan Dana Rapat Tahunan (RAT)', 'LAIN-LAIN', 'Debit', 0.00, '2025-04-26 04:30:27', '2025-04-26 04:30:27'),
	(101, 'AUTO066', 'Penyisihan Dana Kesejahteraan', 'LAIN-LAIN', 'Debit', 0.00, '2025-04-26 04:30:27', '2025-04-26 04:30:27'),
	(102, 'AUTO067', 'Penyertaan Modal Tetap', 'LAIN-LAIN', 'Debit', 0.00, '2025-04-26 04:30:27', '2025-04-26 04:30:27'),
	(103, 'AUTO069', 'Proyektor', 'LAIN-LAIN', 'Debit', 0.00, '2025-04-26 04:30:27', '2025-04-26 04:30:27'),
	(104, 'AUTO072', 'Penyisihan pendampingan', 'LAIN-LAIN', 'Debit', 0.00, '2025-04-26 04:30:27', '2025-04-26 04:30:27'),
	(105, 'AUTO073', 'Penyisihan tunjangan pensiun', 'LAIN-LAIN', 'Debit', 0.00, '2025-04-26 04:30:27', '2025-04-26 04:30:27'),
	(106, 'AUTO074', 'Penyusutan tertagih', 'LAIN-LAIN', 'Debit', 0.00, '2025-04-26 04:30:27', '2025-04-26 04:30:27'),
	(107, 'AUTO075', 'Biaya Penyusutan Inventaris Mebel', 'LAIN-LAIN', 'Debit', 0.00, '2025-04-26 04:30:27', '2025-04-26 04:30:27'),
	(108, 'AUTO076', 'Biaya Penyusutan Inventaris Gedung', 'LAIN-LAIN', 'Debit', 0.00, '2025-04-26 04:30:27', '2025-04-26 04:30:27'),
	(109, 'AUTO077', 'Biaya Penyusutan Inventaris Kendaraan', 'LAIN-LAIN', 'Debit', 0.00, '2025-04-26 04:30:27', '2025-04-26 04:30:27'),
	(110, 'AUTO078', 'Biaya Penyusutan Inventaris Komputer', 'LAIN-LAIN', 'Debit', 0.00, '2025-04-26 04:30:27', '2025-04-26 04:30:27'),
	(111, 'AUTO079', 'Biaya Pajak Listrik', 'LAIN-LAIN', 'Debit', 0.00, '2025-04-26 04:30:27', '2025-04-26 04:30:27'),
	(112, 'AUTO080', 'Pajak PPh', 'LAIN-LAIN', 'Debit', 0.00, '2025-04-26 04:30:27', '2025-04-26 04:30:27'),
	(113, 'AUTO081', 'Pajak PBB', 'LAIN-LAIN', 'Debit', 0.00, '2025-04-26 04:30:27', '2025-04-26 04:30:27'),
	(114, 'AUTO082', 'Pajak SHU', 'LAIN-LAIN', 'Debit', 0.00, '2025-04-26 04:30:27', '2025-04-26 04:30:27'),
	(115, 'AUTO083', 'Biaya Pajak Wi-Fi', 'LAIN-LAIN', 'Debit', 0.00, '2025-04-26 04:30:27', '2025-04-26 04:30:27'),
	(116, 'AUTO084', 'Pajak jasa simpanan bank', 'LAIN-LAIN', 'Debit', 0.00, '2025-04-26 04:30:27', '2025-04-26 04:30:27'),
	(117, 'AUTO085', 'Pajak kendaraan', 'LAIN-LAIN', 'Debit', 0.00, '2025-04-26 04:30:27', '2025-04-26 04:30:27'),
	(118, 'AUTO086', 'Kas', 'AKTIVA', 'Debit', 0.00, '2025-04-26 04:30:27', '2025-04-26 04:30:27'),
	(119, 'AUTO087', 'Simpanan di bank', 'AKTIVA', 'Debit', 0.00, '2025-04-26 04:30:27', '2025-04-26 04:30:27');

-- membuang struktur untuk table sikopdit.anggota
CREATE TABLE IF NOT EXISTS `anggota` (
  `id_anggota` int unsigned NOT NULL AUTO_INCREMENT,
  `no_ba` varchar(50) COLLATE utf8mb4_general_ci NOT NULL,
  `nama` varchar(100) COLLATE utf8mb4_general_ci NOT NULL,
  `nik` varchar(16) COLLATE utf8mb4_general_ci NOT NULL,
  `dusun` enum('Sapon','Jekeling','Gerjen','Tubin','Senden','Karang','Kwarakan','Diran','Geden','Bekelan','Sedan','Jurug','Ledok','Gentan','Pleret','Tuksono','Kelompok','Luar') COLLATE utf8mb4_general_ci NOT NULL,
  `alamat` text COLLATE utf8mb4_general_ci NOT NULL,
  `pekerjaan` varchar(100) COLLATE utf8mb4_general_ci NOT NULL,
  `tgl_lahir` date NOT NULL,
  `nama_pasangan` varchar(100) COLLATE utf8mb4_general_ci DEFAULT NULL,
  `status` enum('aktif','nonaktif') COLLATE utf8mb4_general_ci NOT NULL DEFAULT 'aktif',
  `created_at` datetime DEFAULT NULL,
  `updated_at` datetime DEFAULT NULL,
  PRIMARY KEY (`id_anggota`),
  UNIQUE KEY `no_ba` (`no_ba`),
  UNIQUE KEY `nik` (`nik`)
) ENGINE=InnoDB AUTO_INCREMENT=3 DEFAULT CHARSET=utf8mb4 COLLATE=utf8mb4_general_ci;

-- Membuang data untuk tabel sikopdit.anggota: ~2 rows (lebih kurang)
INSERT INTO `anggota` (`id_anggota`, `no_ba`, `nama`, `nik`, `dusun`, `alamat`, `pekerjaan`, `tgl_lahir`, `nama_pasangan`, `status`, `created_at`, `updated_at`) VALUES
	(1, '001', 'Andi Saputra', '1234567890123456', 'Sapon', 'Jl. Merdeka No. 1', 'Petani', '1990-05-10', 'Siti Aisyah', 'aktif', '2025-05-02 09:56:02', '2025-05-02 09:56:02'),
	(2, '002', 'Budi Santoso', '2345678901234567', 'Jekeling', 'Jl. Pahlawan No. 2', 'Wiraswasta', '1985-08-15', 'Rina Kusuma', 'aktif', '2025-05-02 09:56:02', '2025-05-02 09:56:02');

-- membuang struktur untuk table sikopdit.angsuran
CREATE TABLE IF NOT EXISTS `angsuran` (
  `id_angsuran` int unsigned NOT NULL AUTO_INCREMENT,
  `id_pinjaman` int unsigned NOT NULL,
  `tanggal_angsuran` date NOT NULL,
  `bunga` decimal(5,2) NOT NULL DEFAULT '5.00',
  `jumlah_angsuran` decimal(10,2) NOT NULL,
  `sisa_pinjaman` decimal(10,2) NOT NULL,
  `status` enum('belum lunas','lunas') COLLATE utf8mb4_general_ci NOT NULL DEFAULT 'belum lunas',
  `created_at` datetime DEFAULT NULL,
  `updated_at` datetime DEFAULT NULL,
  PRIMARY KEY (`id_angsuran`),
  KEY `angsuran_id_pinjaman_foreign` (`id_pinjaman`),
  CONSTRAINT `angsuran_id_pinjaman_foreign` FOREIGN KEY (`id_pinjaman`) REFERENCES `transaksi_pinjaman` (`id_pinjaman`) ON DELETE CASCADE ON UPDATE CASCADE
) ENGINE=InnoDB AUTO_INCREMENT=3 DEFAULT CHARSET=utf8mb4 COLLATE=utf8mb4_general_ci;

-- Membuang data untuk tabel sikopdit.angsuran: ~1 rows (lebih kurang)
INSERT INTO `angsuran` (`id_angsuran`, `id_pinjaman`, `tanggal_angsuran`, `bunga`, `jumlah_angsuran`, `sisa_pinjaman`, `status`, `created_at`, `updated_at`) VALUES
	(2, 6, '2025-05-03', 2.00, 200000.00, 1800000.00, 'belum lunas', '2025-05-03 01:37:40', '2025-05-03 01:37:40');

-- membuang struktur untuk table sikopdit.buku_besar
CREATE TABLE IF NOT EXISTS `buku_besar` (
  `id` int unsigned NOT NULL AUTO_INCREMENT,
  `tanggal` date NOT NULL,
  `id_akun` int unsigned DEFAULT NULL,
  `id_jurnal` int unsigned DEFAULT NULL,
  `keterangan` text COLLATE utf8mb4_general_ci,
  `debit` decimal(15,2) NOT NULL DEFAULT '0.00',
  `kredit` decimal(15,2) NOT NULL DEFAULT '0.00',
  `saldo` decimal(15,2) NOT NULL DEFAULT '0.00',
  `created_at` timestamp NULL DEFAULT CURRENT_TIMESTAMP,
  `updated_at` timestamp NULL DEFAULT NULL,
  PRIMARY KEY (`id`),
  KEY `buku_besar_id_akun_foreign` (`id_akun`),
  KEY `buku_besar_id_jurnal_foreign` (`id_jurnal`),
  CONSTRAINT `buku_besar_id_akun_foreign` FOREIGN KEY (`id_akun`) REFERENCES `akun` (`id`) ON DELETE CASCADE ON UPDATE CASCADE,
  CONSTRAINT `buku_besar_id_jurnal_foreign` FOREIGN KEY (`id_jurnal`) REFERENCES `jurnal_kas` (`id`) ON DELETE CASCADE ON UPDATE SET NULL
) ENGINE=InnoDB AUTO_INCREMENT=641 DEFAULT CHARSET=utf8mb4 COLLATE=utf8mb4_general_ci;

-- Membuang data untuk tabel sikopdit.buku_besar: ~128 rows (lebih kurang)
INSERT INTO `buku_besar` (`id`, `tanggal`, `id_akun`, `id_jurnal`, `keterangan`, `debit`, `kredit`, `saldo`, `created_at`, `updated_at`) VALUES
	(513, '2025-01-31', 118, 1, 'Akumulasi Penyusutan Inventaris Komputer', 200000.00, 0.00, 200000.00, '2025-04-26 20:21:28', '2025-04-26 20:21:39'),
	(514, '2025-01-31', 1, 1, 'Akumulasi Penyusutan Inventaris Komputer', 0.00, 200000.00, 200000.00, '2025-04-26 20:21:28', '2025-04-26 20:21:28'),
	(515, '2025-01-31', 118, 2, 'Akumulasi Penyusutan Inventaris Mebel', 150000.00, 0.00, 350000.00, '2025-04-26 20:21:28', '2025-04-26 20:21:39'),
	(516, '2025-01-31', 2, 2, 'Akumulasi Penyusutan Inventaris Mebel', 0.00, 150000.00, 150000.00, '2025-04-26 20:21:28', '2025-04-26 20:21:28'),
	(517, '2025-01-31', 118, 3, 'Akumulasi Penyusutan Inventaris Gedung', 500000.00, 0.00, 850000.00, '2025-04-26 20:21:28', '2025-04-26 20:21:39'),
	(518, '2025-01-31', 3, 3, 'Akumulasi Penyusutan Inventaris Gedung', 0.00, 500000.00, 500000.00, '2025-04-26 20:21:28', '2025-04-26 20:21:28'),
	(519, '2025-01-31', 118, 4, 'Angsuran Pinjaman', 150596000.00, 0.00, 151446000.00, '2025-04-26 20:21:28', '2025-04-26 20:21:39'),
	(520, '2025-01-31', 5, 4, 'Angsuran Pinjaman', 0.00, 150596000.00, -150596000.00, '2025-04-26 20:21:28', '2025-04-26 20:21:28'),
	(521, '2025-01-31', 118, 5, 'Cadangan Aktiva Produktif (CAP)', 500000.00, 0.00, 151946000.00, '2025-04-26 20:21:28', '2025-04-26 20:21:39'),
	(522, '2025-01-31', 6, 5, 'Cadangan Aktiva Produktif (CAP)', 0.00, 500000.00, 500000.00, '2025-04-26 20:21:28', '2025-04-26 20:21:28'),
	(523, '2025-01-31', 118, 6, 'Denda', 350000.00, 0.00, 152296000.00, '2025-04-26 20:21:28', '2025-04-26 20:21:39'),
	(524, '2025-01-31', 7, 6, 'Denda', 0.00, 350000.00, 350000.00, '2025-04-26 20:21:28', '2025-04-26 20:21:29'),
	(525, '2025-01-31', 118, 7, 'Fee (Anggota Keluar)', 30000.00, 0.00, 152326000.00, '2025-04-26 20:21:28', '2025-04-26 20:21:39'),
	(526, '2025-01-31', 8, 7, 'Fee (Anggota Keluar)', 0.00, 30000.00, 30000.00, '2025-04-26 20:21:28', '2025-04-26 20:21:29'),
	(527, '2025-01-31', 118, 8, 'Fee Persentase (Profisi) 1%', 2150000.00, 0.00, 154476000.00, '2025-04-26 20:21:28', '2025-04-26 20:21:39'),
	(528, '2025-01-31', 9, 8, 'Fee Persentase (Profisi) 1%', 0.00, 2150000.00, 2150000.00, '2025-04-26 20:21:28', '2025-04-26 20:21:29'),
	(529, '2025-01-31', 118, 9, 'Jasa Piutang', 31103700.00, 0.00, 185579700.00, '2025-04-26 20:21:28', '2025-04-26 20:21:39'),
	(530, '2025-01-31', 11, 9, 'Jasa Piutang', 0.00, 31103700.00, 31103700.00, '2025-04-26 20:21:28', '2025-04-26 20:21:29'),
	(531, '2025-01-31', 118, 10, 'Penyisihan Dana Rapat Tahunan (RAT)', 1200000.00, 0.00, 186779700.00, '2025-04-26 20:21:28', '2025-04-26 20:21:39'),
	(532, '2025-01-31', 100, 10, 'Penyisihan Dana Rapat Tahunan (RAT)', 0.00, 1200000.00, -1200000.00, '2025-04-26 20:21:28', '2025-04-26 20:21:37'),
	(533, '2025-01-31', 118, 11, 'Penyisihan Dana Pemilihan Pengurus', 250000.00, 0.00, 187029700.00, '2025-04-26 20:21:28', '2025-04-26 20:21:39'),
	(534, '2025-01-31', 13, 11, 'Penyisihan Dana Pemilihan Pengurus', 0.00, 250000.00, 250000.00, '2025-04-26 20:21:28', '2025-04-26 20:21:29'),
	(535, '2025-01-31', 118, 12, 'Pinjaman dari Bank Pembangunan Daerah (BPD)', 200000000.00, 0.00, 387029700.00, '2025-04-26 20:21:28', '2025-04-26 20:21:39'),
	(536, '2025-01-31', 14, 12, 'Pinjaman dari Bank Pembangunan Daerah (BPD)', 0.00, 200000000.00, 200000000.00, '2025-04-26 20:21:28', '2025-04-26 20:21:29'),
	(537, '2025-01-31', 118, 13, 'Risiko (Re) 0,5%', 1075000.00, 0.00, 388104700.00, '2025-04-26 20:21:28', '2025-04-26 20:21:39'),
	(538, '2025-01-31', 15, 13, 'Risiko (Re) 0,5%', 0.00, 1075000.00, -1075000.00, '2025-04-26 20:21:28', '2025-04-26 20:21:29'),
	(539, '2025-01-31', 118, 14, 'Jasa Simpanan Non-Saham', 2222000.00, 0.00, 390326700.00, '2025-04-26 20:21:28', '2025-04-26 20:21:39'),
	(540, '2025-01-31', 17, 14, 'Jasa Simpanan Non-Saham', 0.00, 2222000.00, 2222000.00, '2025-04-26 20:21:28', '2025-04-26 20:21:29'),
	(541, '2025-01-31', 118, 15, 'Simpanan Non-Saham', 4000000.00, 0.00, 394326700.00, '2025-04-26 20:21:28', '2025-04-26 20:21:39'),
	(542, '2025-01-31', 16, 15, 'Simpanan Non-Saham', 0.00, 4000000.00, 4000000.00, '2025-04-26 20:21:28', '2025-04-26 20:21:29'),
	(543, '2025-01-31', 118, 16, 'Simpanan Pokok (SP)', 40000.00, 0.00, 394366700.00, '2025-04-26 20:21:28', '2025-04-26 20:21:39'),
	(544, '2025-01-31', 18, 16, 'Simpanan Pokok (SP)', 0.00, 40000.00, 40000.00, '2025-04-26 20:21:28', '2025-04-26 20:21:29'),
	(545, '2025-01-31', 118, 17, 'Simpanan Sukarela (SS)', 45816450.00, 0.00, 440183150.00, '2025-04-26 20:21:28', '2025-04-26 20:21:39'),
	(546, '2025-01-31', 19, 17, 'Simpanan Sukarela (SS)', 0.00, 45816450.00, 45816450.00, '2025-04-26 20:21:28', '2025-04-26 20:21:30'),
	(547, '2025-01-31', 118, 18, 'Simpanan Wajib (SW)', 2000000.00, 0.00, 442183150.00, '2025-04-26 20:21:28', '2025-04-26 20:21:39'),
	(548, '2025-01-31', 20, 18, 'Simpanan Wajib (SW)', 0.00, 2000000.00, 2000000.00, '2025-04-26 20:21:28', '2025-04-26 20:21:30'),
	(549, '2025-01-31', 118, 19, 'Simpanan Wajib Penyertaan (SWP)', 5375000.00, 0.00, 447558150.00, '2025-04-26 20:21:28', '2025-04-26 20:21:39'),
	(550, '2025-01-31', 21, 19, 'Simpanan Wajib Penyertaan (SWP)', 0.00, 5375000.00, 5375000.00, '2025-04-26 20:21:28', '2025-04-26 20:21:30'),
	(551, '2025-01-31', 118, 20, 'Tarik Dana dari Bank', 100000000.00, 0.00, 547558150.00, '2025-04-26 20:21:28', '2025-04-26 20:21:39'),
	(552, '2025-01-31', 22, 20, 'Tarik Dana dari Bank', 0.00, 100000000.00, -100000000.00, '2025-04-26 20:21:28', '2025-04-26 20:21:30'),
	(553, '2025-01-31', 118, 21, 'Titipan Dana Kesejahteraan', 2500000.00, 0.00, 550058150.00, '2025-04-26 20:21:28', '2025-04-26 20:21:39'),
	(554, '2025-01-31', 23, 21, 'Titipan Dana Kesejahteraan', 0.00, 2500000.00, 2500000.00, '2025-04-26 20:21:28', '2025-04-26 20:21:30'),
	(555, '2025-01-31', 118, 22, 'Titipan Tunjangan Pesangon Karyawan', 300000.00, 0.00, 550358150.00, '2025-04-26 20:21:28', '2025-04-26 20:21:39'),
	(556, '2025-01-31', 24, 22, 'Titipan Tunjangan Pesangon Karyawan', 0.00, 300000.00, 300000.00, '2025-04-26 20:21:28', '2025-04-26 20:21:30'),
	(557, '2025-01-31', 118, 23, 'Uang Pangkal', 40000.00, 0.00, 550398150.00, '2025-04-26 20:21:28', '2025-04-26 20:21:39'),
	(558, '2025-01-31', 25, 23, 'Uang Pangkal', 0.00, 40000.00, -40000.00, '2025-04-26 20:21:28', '2025-04-26 20:21:30'),
	(559, '2025-01-31', 38, 24, 'Angsuran Pinjaman ke BPD', 20233385.00, 0.00, 20233385.00, '2025-04-26 20:21:28', '2025-04-26 20:21:31'),
	(560, '2025-01-31', 118, 24, 'Angsuran Pinjaman ke BPD', 0.00, 20233385.00, 530164765.00, '2025-04-26 20:21:28', '2025-04-26 20:21:39'),
	(561, '2025-01-31', 92, 25, 'Biaya Administrasi/Pajak Bank', 660000.00, 0.00, 660000.00, '2025-04-26 20:21:28', '2025-04-26 20:21:36'),
	(562, '2025-01-31', 118, 25, 'Biaya Administrasi/Pajak Bank', 0.00, 660000.00, 529504765.00, '2025-04-26 20:21:28', '2025-04-26 20:21:39'),
	(563, '2025-01-31', 75, 26, 'Biaya Bensin', 60000.00, 0.00, 60000.00, '2025-04-26 20:21:28', '2025-04-26 20:21:35'),
	(564, '2025-01-31', 118, 26, 'Biaya Bensin', 0.00, 60000.00, 529444765.00, '2025-04-26 20:21:28', '2025-04-26 20:21:39'),
	(565, '2025-01-31', 97, 27, 'Biaya BPJS', 2022214.00, 0.00, 2022214.00, '2025-04-26 20:21:28', '2025-04-26 20:21:37'),
	(566, '2025-01-31', 118, 27, 'Biaya BPJS', 0.00, 2022214.00, 527422551.00, '2025-04-26 20:21:28', '2025-04-26 20:21:39'),
	(567, '2025-01-31', 91, 28, 'Biaya Bunga Hutang Bank', 135155.00, 0.00, 135155.00, '2025-04-26 20:21:28', '2025-04-26 20:21:36'),
	(568, '2025-01-31', 118, 28, 'Biaya Bunga Hutang Bank', 0.00, 135155.00, 527287396.00, '2025-04-26 20:21:28', '2025-04-26 20:21:39'),
	(569, '2025-01-31', 62, 29, 'Biaya Gaji Karyawan', 12044722.00, 0.00, 12044722.00, '2025-04-26 20:21:28', '2025-04-26 20:21:33'),
	(570, '2025-01-31', 118, 29, 'Biaya Gaji Karyawan', 0.00, 12044722.00, 515242674.00, '2025-04-26 20:21:28', '2025-04-26 20:21:39'),
	(571, '2025-01-31', 66, 30, 'Biaya Insentif Pengurus & Pengawas', 3200000.00, 0.00, 3200000.00, '2025-04-26 20:21:28', '2025-04-26 20:21:34'),
	(572, '2025-01-31', 118, 30, 'Biaya Insentif Pengurus & Pengawas', 0.00, 3200000.00, 512042674.00, '2025-04-26 20:21:28', '2025-04-26 20:21:39'),
	(573, '2025-01-31', 67, 31, 'Biaya IPTW (Insentif Pekerja Tidak Tetap Wajib)', 390000.00, 0.00, 390000.00, '2025-04-26 20:21:28', '2025-04-26 20:21:34'),
	(574, '2025-01-31', 118, 31, 'Biaya IPTW (Insentif Pekerja Tidak Tetap Wajib)', 0.00, 390000.00, 511652674.00, '2025-04-26 20:21:28', '2025-04-26 20:21:39'),
	(575, '2025-01-31', 68, 32, 'Biaya Koordinator', 445000.00, 0.00, 445000.00, '2025-04-26 20:21:28', '2025-04-26 20:21:34'),
	(576, '2025-01-31', 118, 32, 'Biaya Koordinator', 0.00, 445000.00, 511207674.00, '2025-04-26 20:21:28', '2025-04-26 20:21:39'),
	(577, '2025-01-31', 76, 33, 'Biaya Lembur', 375000.00, 0.00, 375000.00, '2025-04-26 20:21:28', '2025-04-26 20:21:35'),
	(578, '2025-01-31', 118, 33, 'Biaya Lembur', 0.00, 375000.00, 510832674.00, '2025-04-26 20:21:28', '2025-04-26 20:21:39'),
	(579, '2025-01-31', 69, 34, 'Biaya Minum', 250000.00, 0.00, 250000.00, '2025-04-26 20:21:28', '2025-04-26 20:21:34'),
	(580, '2025-01-31', 118, 34, 'Biaya Minum', 0.00, 250000.00, 510582674.00, '2025-04-26 20:21:28', '2025-04-26 20:21:39'),
	(581, '2025-01-31', 77, 35, 'Biaya Non-Saham', 2222000.00, 0.00, 2222000.00, '2025-04-26 20:21:28', '2025-04-26 20:21:35'),
	(582, '2025-01-31', 118, 35, 'Biaya Non-Saham', 0.00, 2222000.00, 508360674.00, '2025-04-26 20:21:28', '2025-04-26 20:21:39'),
	(583, '2025-01-31', 61, 36, 'Biaya Organisasi', 303000.00, 0.00, 303000.00, '2025-04-26 20:21:28', '2025-04-26 20:21:33'),
	(584, '2025-01-31', 118, 36, 'Biaya Organisasi', 0.00, 303000.00, 508057674.00, '2025-04-26 20:21:28', '2025-04-26 20:21:39'),
	(585, '2025-01-31', 111, 37, 'Biaya Pajak Listrik', 175000.00, 0.00, 175000.00, '2025-04-26 20:21:28', '2025-04-26 20:21:38'),
	(586, '2025-01-31', 118, 37, 'Biaya Pajak Listrik', 0.00, 175000.00, 507882674.00, '2025-04-26 20:21:28', '2025-04-26 20:21:39'),
	(587, '2025-01-31', 115, 38, 'Biaya Pajak Wi-Fi', 150000.00, 0.00, 150000.00, '2025-04-26 20:21:28', '2025-04-26 20:21:39'),
	(588, '2025-01-31', 118, 38, 'Biaya Pajak Wi-Fi', 0.00, 150000.00, 507732674.00, '2025-04-26 20:21:28', '2025-04-26 20:21:39'),
	(589, '2025-01-31', 96, 39, 'Biaya Pemilihan Pengawas/Pengurus', 250000.00, 0.00, 250000.00, '2025-04-26 20:21:28', '2025-04-26 20:21:37'),
	(590, '2025-01-31', 118, 39, 'Biaya Pemilihan Pengawas/Pengurus', 0.00, 250000.00, 507482674.00, '2025-04-26 20:21:28', '2025-04-26 20:21:39'),
	(591, '2025-01-31', 70, 40, 'Biaya Penjaga/Kebersihan', 850000.00, 0.00, 850000.00, '2025-04-26 20:21:28', '2025-04-26 20:21:34'),
	(592, '2025-01-31', 118, 40, 'Biaya Penjaga/Kebersihan', 0.00, 850000.00, 506632674.00, '2025-04-26 20:21:28', '2025-04-26 20:21:39'),
	(593, '2025-01-31', 118, 41, 'Dana Cadangan RAT', 1200000.00, 0.00, 507832674.00, '2025-04-26 20:21:28', '2025-04-26 20:21:39'),
	(594, '2025-01-31', 12, 41, 'Dana Cadangan RAT', 0.00, 1200000.00, 1200000.00, '2025-04-26 20:21:28', '2025-04-26 20:21:29'),
	(595, '2025-01-31', 110, 42, 'Biaya Penyusutan Inventaris Komputer', 200000.00, 0.00, 200000.00, '2025-04-26 20:21:28', '2025-04-26 20:21:38'),
	(596, '2025-01-31', 118, 42, 'Biaya Penyusutan Inventaris Komputer', 0.00, 200000.00, 507632674.00, '2025-04-26 20:21:28', '2025-04-26 20:21:39'),
	(597, '2025-01-31', 108, 43, 'Biaya Penyusutan Inventaris Gedung', 500000.00, 0.00, 500000.00, '2025-04-26 20:21:28', '2025-04-26 20:21:38'),
	(598, '2025-01-31', 118, 43, 'Biaya Penyusutan Inventaris Gedung', 0.00, 500000.00, 507132674.00, '2025-04-26 20:21:28', '2025-04-26 20:21:39'),
	(599, '2025-01-31', 107, 44, 'Biaya Penyusutan Inventaris Mebel', 150000.00, 0.00, 150000.00, '2025-04-26 20:21:28', '2025-04-26 20:21:38'),
	(600, '2025-01-31', 118, 44, 'Biaya Penyusutan Inventaris Mebel', 0.00, 150000.00, 506982674.00, '2025-04-26 20:21:28', '2025-04-26 20:21:39'),
	(601, '2025-01-31', 64, 45, 'Biaya Tunjangan Anak', 233331.00, 0.00, 233331.00, '2025-04-26 20:21:28', '2025-04-26 20:21:34'),
	(602, '2025-01-31', 118, 45, 'Biaya Tunjangan Anak', 0.00, 233331.00, 506749343.00, '2025-04-26 20:21:28', '2025-04-26 20:21:39'),
	(603, '2025-01-31', 63, 46, 'Biaya Tunjangan Istri', 646094.00, 0.00, 646094.00, '2025-04-26 20:21:28', '2025-04-26 20:21:34'),
	(604, '2025-01-31', 118, 46, 'Biaya Tunjangan Istri', 0.00, 646094.00, 506103249.00, '2025-04-26 20:21:28', '2025-04-26 20:21:39'),
	(605, '2025-01-31', 60, 47, 'Biaya Administrasi', 152500.00, 0.00, 152500.00, '2025-04-26 20:21:28', '2025-04-26 20:21:33'),
	(606, '2025-01-31', 118, 47, 'Biaya Administrasi', 0.00, 152500.00, 505950749.00, '2025-04-26 20:21:28', '2025-04-26 20:21:39'),
	(607, '2025-01-31', 6, 48, 'Cadangan Aktiva Produktif (CAP)', 500000.00, 0.00, 0.00, '2025-04-26 20:21:28', '2025-04-26 20:21:28'),
	(608, '2025-01-31', 118, 48, 'Cadangan Aktiva Produktif (CAP)', 0.00, 500000.00, 505450749.00, '2025-04-26 20:21:28', '2025-04-26 20:21:39'),
	(609, '2025-01-31', 101, 49, 'Penyisihan Dana Kesejahteraan', 2500000.00, 0.00, 2500000.00, '2025-04-26 20:21:28', '2025-04-26 20:21:37'),
	(610, '2025-01-31', 118, 49, 'Penyisihan Dana Kesejahteraan', 0.00, 2500000.00, 502950749.00, '2025-04-26 20:21:28', '2025-04-26 20:21:39'),
	(611, '2025-01-31', 98, 50, 'Penyisihan Tunjangan Pensiun Karyawan', 300000.00, 0.00, 300000.00, '2025-04-26 20:21:28', '2025-04-26 20:21:37'),
	(612, '2025-01-31', 118, 50, 'Penyisihan Tunjangan Pensiun Karyawan', 0.00, 300000.00, 502650749.00, '2025-04-26 20:21:28', '2025-04-26 20:21:39'),
	(613, '2025-01-31', 35, 51, 'Pinjaman Anggota', 215000000.00, 0.00, 215000000.00, '2025-04-26 20:21:28', '2025-04-26 20:21:31'),
	(614, '2025-01-31', 118, 51, 'Pinjaman Anggota', 0.00, 215000000.00, 287650749.00, '2025-04-26 20:21:28', '2025-04-26 20:21:39'),
	(615, '2025-01-31', 36, 52, 'Simpanan di Bank', 199340000.00, 0.00, 199340000.00, '2025-04-26 20:21:28', '2025-04-26 20:21:31'),
	(616, '2025-01-31', 118, 52, 'Simpanan di Bank', 0.00, 199340000.00, 88310749.00, '2025-04-26 20:21:28', '2025-04-26 20:21:39'),
	(617, '2025-01-31', 47, 53, 'Tarik Dana Karyawan', 6300000.00, 0.00, 6300000.00, '2025-04-26 20:21:28', '2025-04-26 20:21:32'),
	(618, '2025-01-31', 118, 53, 'Tarik Dana Karyawan', 0.00, 6300000.00, 82010749.00, '2025-04-26 20:21:28', '2025-04-26 20:21:39'),
	(619, '2025-01-31', 58, 54, 'Tarik Dana Kesejahteraan', 22000000.00, 0.00, 22000000.00, '2025-04-26 20:21:28', '2025-04-26 20:21:33'),
	(620, '2025-01-31', 118, 54, 'Tarik Dana Kesejahteraan', 0.00, 22000000.00, 60010749.00, '2025-04-26 20:21:28', '2025-04-26 20:21:39'),
	(621, '2025-01-31', 46, 55, 'Tarik Dana Pengurus', 12500000.00, 0.00, 12500000.00, '2025-04-26 20:21:28', '2025-04-26 20:21:32'),
	(622, '2025-01-31', 118, 55, 'Tarik Dana Pengurus', 0.00, 12500000.00, 47510749.00, '2025-04-26 20:21:28', '2025-04-26 20:21:39'),
	(623, '2025-01-31', 49, 56, 'Tarik Dana Sosial', 50000.00, 0.00, 50000.00, '2025-04-26 20:21:28', '2025-04-26 20:21:32'),
	(624, '2025-01-31', 118, 56, 'Tarik Dana Sosial', 0.00, 50000.00, 47460749.00, '2025-04-26 20:21:28', '2025-04-26 20:21:39'),
	(625, '2025-01-31', 44, 57, 'Tarik Jasa Simpanan Non-Saham', 1600000.00, 0.00, 1600000.00, '2025-04-26 20:21:28', '2025-04-26 20:21:32'),
	(626, '2025-01-31', 118, 57, 'Tarik Jasa Simpanan Non-Saham', 0.00, 1600000.00, 45860749.00, '2025-04-26 20:21:28', '2025-04-26 20:21:39'),
	(627, '2025-01-31', 55, 58, 'Tarik Sisa Hasil Usaha (SHU)', 2213800.00, 0.00, 2213800.00, '2025-04-26 20:21:28', '2025-04-26 20:21:33'),
	(628, '2025-01-31', 118, 58, 'Tarik Sisa Hasil Usaha (SHU)', 0.00, 2213800.00, 43646949.00, '2025-04-26 20:21:28', '2025-04-26 20:21:39'),
	(629, '2025-01-31', 43, 59, 'Tarik Simpanan Non-Saham', 9000000.00, 0.00, 9000000.00, '2025-04-26 20:21:28', '2025-04-26 20:21:32'),
	(630, '2025-01-31', 118, 59, 'Tarik Simpanan Non-Saham', 0.00, 9000000.00, 34646949.00, '2025-04-26 20:21:28', '2025-04-26 20:21:39'),
	(631, '2025-01-31', 39, 60, 'Tarik Simpanan Pokok (SP)', 30000.00, 0.00, 30000.00, '2025-04-26 20:21:28', '2025-04-26 20:21:31'),
	(632, '2025-01-31', 118, 60, 'Tarik Simpanan Pokok (SP)', 0.00, 30000.00, 34616949.00, '2025-04-26 20:21:28', '2025-04-26 20:21:39'),
	(633, '2025-01-31', 42, 61, 'Tarik Simpanan Sukarela (SS)', 56823300.00, 0.00, 56823300.00, '2025-04-26 20:21:28', '2025-04-26 20:21:32'),
	(634, '2025-01-31', 118, 61, 'Tarik Simpanan Sukarela (SS)', 0.00, 56823300.00, -22206351.00, '2025-04-26 20:21:28', '2025-04-26 20:21:39'),
	(635, '2025-01-31', 40, 62, 'Tarik Simpanan Wajib (SW)', 491550.00, 0.00, 491550.00, '2025-04-26 20:21:28', '2025-04-26 20:21:31'),
	(636, '2025-01-31', 118, 62, 'Tarik Simpanan Wajib (SW)', 0.00, 491550.00, -22697901.00, '2025-04-26 20:21:28', '2025-04-26 20:21:39'),
	(637, '2025-01-31', 41, 63, 'Tarik Simpanan Wajib Penyertaan (SWP)', 940000.00, 0.00, 940000.00, '2025-04-26 20:21:28', '2025-04-26 20:21:31'),
	(638, '2025-01-31', 118, 63, 'Tarik Simpanan Wajib Penyertaan (SWP)', 0.00, 940000.00, -23637901.00, '2025-04-26 20:21:28', '2025-04-26 20:21:39'),
	(639, '2025-01-31', 51, 64, 'Tarik Titipan Dana RAT', 11125000.00, 0.00, 11125000.00, '2025-04-26 20:21:28', '2025-04-26 20:21:32'),
	(640, '2025-01-31', 118, 64, 'Tarik Titipan Dana RAT', 0.00, 11125000.00, -34762901.00, '2025-04-26 20:21:28', '2025-04-26 20:21:39');

-- membuang struktur untuk table sikopdit.detail_neraca
CREATE TABLE IF NOT EXISTS `detail_neraca` (
  `id_detail` int unsigned NOT NULL AUTO_INCREMENT,
  `id_neraca_awal` int unsigned NOT NULL,
  `id_kategori` int unsigned NOT NULL,
  `uraian` varchar(255) COLLATE utf8mb4_general_ci NOT NULL,
  `nilai` decimal(15,2) NOT NULL DEFAULT '0.00',
  `created_at` datetime DEFAULT NULL,
  `updated_at` datetime DEFAULT NULL,
  PRIMARY KEY (`id_detail`),
  KEY `detail_neraca_id_neraca_awal_foreign` (`id_neraca_awal`),
  KEY `detail_neraca_id_kategori_foreign` (`id_kategori`),
  CONSTRAINT `detail_neraca_id_kategori_foreign` FOREIGN KEY (`id_kategori`) REFERENCES `kategori_neraca` (`id_kategori`) ON DELETE CASCADE ON UPDATE CASCADE,
  CONSTRAINT `detail_neraca_id_neraca_awal_foreign` FOREIGN KEY (`id_neraca_awal`) REFERENCES `neraca_awal` (`id_neraca_awal`) ON DELETE CASCADE ON UPDATE CASCADE
) ENGINE=InnoDB DEFAULT CHARSET=utf8mb4 COLLATE=utf8mb4_general_ci;

-- Membuang data untuk tabel sikopdit.detail_neraca: ~0 rows (lebih kurang)

-- membuang struktur untuk table sikopdit.jenis_simpanan
CREATE TABLE IF NOT EXISTS `jenis_simpanan` (
  `id_jenis_simpanan` int unsigned NOT NULL AUTO_INCREMENT,
  `nama_simpanan` varchar(50) COLLATE utf8mb4_general_ci NOT NULL,
  `created_at` datetime DEFAULT NULL,
  `updated_at` datetime DEFAULT NULL,
  PRIMARY KEY (`id_jenis_simpanan`)
) ENGINE=InnoDB DEFAULT CHARSET=utf8mb4 COLLATE=utf8mb4_general_ci;

-- Membuang data untuk tabel sikopdit.jenis_simpanan: ~0 rows (lebih kurang)

-- membuang struktur untuk table sikopdit.jurnal_kas
CREATE TABLE IF NOT EXISTS `jurnal_kas` (
  `id` int unsigned NOT NULL AUTO_INCREMENT,
  `tanggal` date NOT NULL,
  `uraian` varchar(255) COLLATE utf8mb4_general_ci NOT NULL,
  `kategori` enum('DUM','DUK') COLLATE utf8mb4_general_ci NOT NULL,
  `jumlah` decimal(15,2) NOT NULL,
  PRIMARY KEY (`id`)
) ENGINE=InnoDB AUTO_INCREMENT=68 DEFAULT CHARSET=utf8mb4 COLLATE=utf8mb4_general_ci;

-- Membuang data untuk tabel sikopdit.jurnal_kas: ~64 rows (lebih kurang)
INSERT INTO `jurnal_kas` (`id`, `tanggal`, `uraian`, `kategori`, `jumlah`) VALUES
	(1, '2025-01-31', 'Akumulasi Penyusutan Inventaris Komputer', 'DUM', 200000.00),
	(2, '2025-01-31', 'Akumulasi Penyusutan Inventaris Mebel', 'DUM', 150000.00),
	(3, '2025-01-31', 'Akumulasi Penyusutan Inventaris Gedung', 'DUM', 500000.00),
	(4, '2025-01-31', 'Angsuran Pinjaman', 'DUM', 150596000.00),
	(5, '2025-01-31', 'Cadangan Aktiva Produktif (CAP)', 'DUM', 500000.00),
	(6, '2025-01-31', 'Denda', 'DUM', 350000.00),
	(7, '2025-01-31', 'Fee (Anggota Keluar)', 'DUM', 30000.00),
	(8, '2025-01-31', 'Fee Persentase (Profisi) 1%', 'DUM', 2150000.00),
	(9, '2025-01-31', 'Jasa Piutang', 'DUM', 31103700.00),
	(10, '2025-01-31', 'Penyisihan Dana Rapat Tahunan (RAT)', 'DUM', 1200000.00),
	(11, '2025-01-31', 'Penyisihan Dana Pemilihan Pengurus', 'DUM', 250000.00),
	(12, '2025-01-31', 'Pinjaman dari Bank Pembangunan Daerah (BPD)', 'DUM', 200000000.00),
	(13, '2025-01-31', 'Risiko (Re) 0,5%', 'DUM', 1075000.00),
	(14, '2025-01-31', 'Jasa Simpanan Non-Saham', 'DUM', 2222000.00),
	(15, '2025-01-31', 'Simpanan Non-Saham', 'DUM', 4000000.00),
	(16, '2025-01-31', 'Simpanan Pokok (SP)', 'DUM', 40000.00),
	(17, '2025-01-31', 'Simpanan Sukarela (SS)', 'DUM', 45816450.00),
	(18, '2025-01-31', 'Simpanan Wajib (SW)', 'DUM', 2000000.00),
	(19, '2025-01-31', 'Simpanan Wajib Penyertaan (SWP)', 'DUM', 5375000.00),
	(20, '2025-01-31', 'Tarik Dana dari Bank', 'DUM', 100000000.00),
	(21, '2025-01-31', 'Titipan Dana Kesejahteraan', 'DUM', 2500000.00),
	(22, '2025-01-31', 'Titipan Tunjangan Pesangon Karyawan', 'DUM', 300000.00),
	(23, '2025-01-31', 'Uang Pangkal', 'DUM', 40000.00),
	(24, '2025-01-31', 'Angsuran Pinjaman ke BPD', 'DUK', 20233385.00),
	(25, '2025-01-31', 'Biaya Administrasi/Pajak Bank', 'DUK', 660000.00),
	(26, '2025-01-31', 'Biaya Bensin', 'DUK', 60000.00),
	(27, '2025-01-31', 'Biaya BPJS', 'DUK', 2022214.00),
	(28, '2025-01-31', 'Biaya Bunga Hutang Bank', 'DUK', 135155.00),
	(29, '2025-01-31', 'Biaya Gaji Karyawan', 'DUK', 12044722.00),
	(30, '2025-01-31', 'Biaya Insentif Pengurus & Pengawas', 'DUK', 3200000.00),
	(31, '2025-01-31', 'Biaya IPTW (Insentif Pekerja Tidak Tetap Wajib)', 'DUK', 390000.00),
	(32, '2025-01-31', 'Biaya Koordinator', 'DUK', 445000.00),
	(33, '2025-01-31', 'Biaya Lembur', 'DUK', 375000.00),
	(34, '2025-01-31', 'Biaya Minum', 'DUK', 250000.00),
	(35, '2025-01-31', 'Biaya Non-Saham', 'DUK', 2222000.00),
	(36, '2025-01-31', 'Biaya Organisasi', 'DUK', 303000.00),
	(37, '2025-01-31', 'Biaya Pajak Listrik', 'DUK', 175000.00),
	(38, '2025-01-31', 'Biaya Pajak Wi-Fi', 'DUK', 150000.00),
	(39, '2025-01-31', 'Biaya Pemilihan Pengawas/Pengurus', 'DUK', 250000.00),
	(40, '2025-01-31', 'Biaya Penjaga/Kebersihan', 'DUK', 850000.00),
	(41, '2025-01-31', 'Dana Cadangan RAT', 'DUK', 1200000.00),
	(42, '2025-01-31', 'Biaya Penyusutan Inventaris Komputer', 'DUK', 200000.00),
	(43, '2025-01-31', 'Biaya Penyusutan Inventaris Gedung', 'DUK', 500000.00),
	(44, '2025-01-31', 'Biaya Penyusutan Inventaris Mebel', 'DUK', 150000.00),
	(45, '2025-01-31', 'Biaya Tunjangan Anak', 'DUK', 233331.00),
	(46, '2025-01-31', 'Biaya Tunjangan Istri', 'DUK', 646094.00),
	(47, '2025-01-31', 'Biaya Administrasi', 'DUK', 152500.00),
	(48, '2025-01-31', 'Cadangan Aktiva Produktif (CAP)', 'DUK', 500000.00),
	(49, '2025-01-31', 'Penyisihan Dana Kesejahteraan', 'DUK', 2500000.00),
	(50, '2025-01-31', 'Penyisihan Tunjangan Pensiun Karyawan', 'DUK', 300000.00),
	(51, '2025-01-31', 'Pinjaman Anggota', 'DUK', 215000000.00),
	(52, '2025-01-31', 'Simpanan di Bank', 'DUK', 199340000.00),
	(53, '2025-01-31', 'Tarik Dana Karyawan', 'DUK', 6300000.00),
	(54, '2025-01-31', 'Tarik Dana Kesejahteraan', 'DUK', 22000000.00),
	(55, '2025-01-31', 'Tarik Dana Pengurus', 'DUK', 12500000.00),
	(56, '2025-01-31', 'Tarik Dana Sosial', 'DUK', 50000.00),
	(57, '2025-01-31', 'Tarik Jasa Simpanan Non-Saham', 'DUK', 1600000.00),
	(58, '2025-01-31', 'Tarik Sisa Hasil Usaha (SHU)', 'DUK', 2213800.00),
	(59, '2025-01-31', 'Tarik Simpanan Non-Saham', 'DUK', 9000000.00),
	(60, '2025-01-31', 'Tarik Simpanan Pokok (SP)', 'DUK', 30000.00),
	(61, '2025-01-31', 'Tarik Simpanan Sukarela (SS)', 'DUK', 56823300.00),
	(62, '2025-01-31', 'Tarik Simpanan Wajib (SW)', 'DUK', 491550.00),
	(63, '2025-01-31', 'Tarik Simpanan Wajib Penyertaan (SWP)', 'DUK', 940000.00),
	(64, '2025-01-31', 'Tarik Titipan Dana RAT', 'DUK', 11125000.00);

-- membuang struktur untuk table sikopdit.kategori_neraca
CREATE TABLE IF NOT EXISTS `kategori_neraca` (
  `id_kategori` int unsigned NOT NULL AUTO_INCREMENT,
  `nama_kategori` varchar(100) COLLATE utf8mb4_general_ci NOT NULL,
  `created_at` datetime DEFAULT NULL,
  `updated_at` datetime DEFAULT NULL,
  PRIMARY KEY (`id_kategori`)
) ENGINE=InnoDB DEFAULT CHARSET=utf8mb4 COLLATE=utf8mb4_general_ci;

-- Membuang data untuk tabel sikopdit.kategori_neraca: ~0 rows (lebih kurang)

-- membuang struktur untuk table sikopdit.keuangan_koperasi
CREATE TABLE IF NOT EXISTS `keuangan_koperasi` (
  `id_keuangan` int unsigned NOT NULL AUTO_INCREMENT,
  `id_anggota` int unsigned NOT NULL,
  `keterangan` varchar(255) COLLATE utf8mb4_general_ci NOT NULL,
  `jumlah` int NOT NULL,
  `jenis` enum('penerimaan','pengeluaran') COLLATE utf8mb4_general_ci NOT NULL DEFAULT 'penerimaan',
  `tanggal` datetime DEFAULT NULL,
  PRIMARY KEY (`id_keuangan`),
  KEY `keuangan_koperasi_id_anggota_foreign` (`id_anggota`),
  CONSTRAINT `keuangan_koperasi_id_anggota_foreign` FOREIGN KEY (`id_anggota`) REFERENCES `anggota` (`id_anggota`) ON DELETE CASCADE ON UPDATE CASCADE
) ENGINE=InnoDB DEFAULT CHARSET=utf8mb4 COLLATE=utf8mb4_general_ci;

-- Membuang data untuk tabel sikopdit.keuangan_koperasi: ~0 rows (lebih kurang)

-- membuang struktur untuk table sikopdit.migrations
CREATE TABLE IF NOT EXISTS `migrations` (
  `id` bigint unsigned NOT NULL AUTO_INCREMENT,
  `version` varchar(255) COLLATE utf8mb4_general_ci NOT NULL,
  `class` varchar(255) COLLATE utf8mb4_general_ci NOT NULL,
  `group` varchar(255) COLLATE utf8mb4_general_ci NOT NULL,
  `namespace` varchar(255) COLLATE utf8mb4_general_ci NOT NULL,
  `time` int NOT NULL,
  `batch` int unsigned NOT NULL,
  PRIMARY KEY (`id`)
) ENGINE=InnoDB AUTO_INCREMENT=14 DEFAULT CHARSET=utf8mb4 COLLATE=utf8mb4_general_ci;

-- Membuang data untuk tabel sikopdit.migrations: ~0 rows (lebih kurang)
INSERT INTO `migrations` (`id`, `version`, `class`, `group`, `namespace`, `time`, `batch`) VALUES
	(1, '2025-03-19-023245', 'App\\Database\\Migrations\\Users', 'default', 'App', 1745666979, 1),
	(2, '2025-03-19-023327', 'App\\Database\\Migrations\\Anggota', 'default', 'App', 1745666980, 1),
	(3, '2025-03-19-023724', 'App\\Database\\Migrations\\JenisSimpanan', 'default', 'App', 1745666980, 1),
	(4, '2025-03-19-030906', 'App\\Database\\Migrations\\TransaksiPinjaman', 'default', 'App', 1745666980, 1),
	(5, '2025-03-19-030926', 'App\\Database\\Migrations\\TransaksiSimpanan', 'default', 'App', 1745666980, 1),
	(6, '2025-03-19-030944', 'App\\Database\\Migrations\\KeuanganKoperasi', 'default', 'App', 1745666981, 1),
	(7, '2025-03-19-031007', 'App\\Database\\Migrations\\Angsuran', 'default', 'App', 1745666981, 1),
	(8, '2025-03-19-031023', 'App\\Database\\Migrations\\JurnalKas', 'default', 'App', 1745666981, 1),
	(9, '2025-03-19-031035', 'App\\Database\\Migrations\\CreateNeracaTables', 'default', 'App', 1745666981, 1),
	(10, '2025-04-10-141506', 'App\\Database\\Migrations\\Akun', 'default', 'App', 1745666982, 1),
	(11, '2025-04-10-142233', 'App\\Database\\Migrations\\PemetaanAkun', 'default', 'App', 1745666982, 1),
	(12, '2025-04-10-142703', 'App\\Database\\Migrations\\SaldoAkun', 'default', 'App', 1745666982, 1),
	(13, '2025-04-10-160846', 'App\\Database\\Migrations\\BukuBesar', 'default', 'App', 1745666983, 1);

-- membuang struktur untuk table sikopdit.neraca_awal
CREATE TABLE IF NOT EXISTS `neraca_awal` (
  `id_neraca_awal` int unsigned NOT NULL AUTO_INCREMENT,
  `bulan` tinyint NOT NULL,
  `tahun` year NOT NULL,
  `created_at` datetime DEFAULT NULL,
  `updated_at` datetime DEFAULT NULL,
  PRIMARY KEY (`id_neraca_awal`)
) ENGINE=InnoDB DEFAULT CHARSET=utf8mb4 COLLATE=utf8mb4_general_ci;

-- Membuang data untuk tabel sikopdit.neraca_awal: ~0 rows (lebih kurang)

-- membuang struktur untuk table sikopdit.pemetaan_akun
CREATE TABLE IF NOT EXISTS `pemetaan_akun` (
  `id` int unsigned NOT NULL AUTO_INCREMENT,
  `pola_uraian` varchar(255) COLLATE utf8mb4_general_ci NOT NULL COMMENT 'Gunakan % sebagai wildcard LIKE',
  `kategori_jurnal` enum('DUM','DUK') COLLATE utf8mb4_general_ci NOT NULL COMMENT 'Harus cocok dgn Jurnal Kas',
  `id_akun_debit` int unsigned NOT NULL COMMENT 'FK ke tabel akun',
  `id_akun_kredit` int unsigned NOT NULL COMMENT 'FK ke tabel akun',
  `prioritas` int NOT NULL DEFAULT '0' COMMENT 'Angka lebih tinggi diproses dulu jika pola sama',
  `deskripsi` text COLLATE utf8mb4_general_ci COMMENT 'Penjelasan aturan (opsional)',
  `created_at` datetime DEFAULT NULL,
  `updated_at` datetime DEFAULT NULL,
  PRIMARY KEY (`id`),
  KEY `fk_pemetaan_debit_akun` (`id_akun_debit`),
  KEY `fk_pemetaan_kredit_akun` (`id_akun_kredit`),
  KEY `idx_pola_kategori` (`pola_uraian`,`kategori_jurnal`),
  CONSTRAINT `fk_pemetaan_debit_akun` FOREIGN KEY (`id_akun_debit`) REFERENCES `akun` (`id`) ON DELETE CASCADE ON UPDATE CASCADE,
  CONSTRAINT `fk_pemetaan_kredit_akun` FOREIGN KEY (`id_akun_kredit`) REFERENCES `akun` (`id`) ON DELETE CASCADE ON UPDATE CASCADE
) ENGINE=InnoDB AUTO_INCREMENT=118 DEFAULT CHARSET=utf8mb4 COLLATE=utf8mb4_general_ci;

-- Membuang data untuk tabel sikopdit.pemetaan_akun: ~117 rows (lebih kurang)
INSERT INTO `pemetaan_akun` (`id`, `pola_uraian`, `kategori_jurnal`, `id_akun_debit`, `id_akun_kredit`, `prioritas`, `deskripsi`, `created_at`, `updated_at`) VALUES
	(1, 'Angsuran Pinjaman%', 'DUM', 118, 5, 0, '', '2025-04-26 11:56:53', '2025-04-26 11:56:53'),
	(2, 'Cadangan Aktiva Produktif (CAP)%', 'DUM', 118, 6, 0, '', '2025-04-26 11:56:53', '2025-04-26 11:56:53'),
	(3, 'Denda%', 'DUM', 118, 7, 0, '', '2025-04-26 11:56:53', '2025-04-26 11:56:53'),
	(4, 'Fee (Anggota Keluar)%', 'DUM', 118, 8, 0, '', '2025-04-26 11:56:53', '2025-04-26 11:56:53'),
	(5, 'Fee Persentase (Profisi) 1\\%%', 'DUM', 118, 9, 0, '', '2025-04-26 11:56:53', '2025-04-26 11:56:53'),
	(6, 'Jasa Piutang%', 'DUM', 118, 11, 0, '', '2025-04-26 11:56:53', '2025-04-26 11:56:53'),
	(7, 'Penyisihan Dana Rapat Tahunan (RAT)%', 'DUM', 118, 100, 0, '', '2025-04-26 11:56:53', '2025-04-26 11:56:53'),
	(8, 'Penyisihan Dana Pemilihan Pengurus%', 'DUM', 118, 13, 0, '', '2025-04-26 11:56:53', '2025-04-26 11:56:53'),
	(9, 'Pinjaman dari Bank Pembangunan Daerah (BPD)%', 'DUM', 118, 14, 0, '', '2025-04-26 11:56:53', '2025-04-26 11:56:53'),
	(10, 'Risiko (Re) 0,5\\%%', 'DUM', 118, 15, 0, '', '2025-04-26 11:56:53', '2025-04-26 11:56:53'),
	(11, 'Jasa Simpanan Non-Saham%', 'DUM', 118, 17, 0, '', '2025-04-26 11:56:53', '2025-04-26 11:56:53'),
	(12, 'Simpanan Non-Saham%', 'DUM', 118, 16, 0, '', '2025-04-26 11:56:53', '2025-04-26 11:56:53'),
	(13, 'Simpanan Pokok (SP)%', 'DUM', 118, 18, 0, '', '2025-04-26 11:56:53', '2025-04-27 03:15:26'),
	(14, 'Simpanan Sukarela (SS)%', 'DUM', 118, 19, 0, '', '2025-04-26 11:56:53', '2025-04-26 11:56:53'),
	(15, 'Simpanan Wajib (SW)%', 'DUM', 118, 20, 0, '', '2025-04-26 11:56:53', '2025-04-26 11:56:53'),
	(16, 'Simpanan Wajib Penyertaan (SWP)%', 'DUM', 118, 21, 0, '', '2025-04-26 11:56:53', '2025-04-26 11:56:53'),
	(17, 'Tarik Dana dari Bank%', 'DUM', 118, 22, 0, '', '2025-04-26 11:56:53', '2025-04-26 11:56:53'),
	(18, 'Titipan Dana Kesejahteraan%', 'DUM', 118, 23, 0, '', '2025-04-26 11:56:53', '2025-04-26 11:56:53'),
	(19, 'Titipan Tunjangan Pesangon Karyawan%', 'DUM', 118, 24, 0, '', '2025-04-26 11:56:53', '2025-04-26 11:56:53'),
	(20, 'Uang Pangkal%', 'DUM', 118, 25, 0, '', '2025-04-26 11:56:53', '2025-04-26 11:56:53'),
	(21, 'Biaya Administrasi/Pajak Bank%', 'DUK', 92, 118, 0, '', '2025-04-26 11:56:53', '2025-04-26 11:56:53'),
	(22, 'Biaya Bensin%', 'DUK', 75, 118, 0, '', '2025-04-26 11:56:53', '2025-04-26 11:56:53'),
	(23, 'Biaya BPJS%', 'DUK', 97, 118, 0, '', '2025-04-26 11:56:53', '2025-04-26 11:56:53'),
	(24, 'Biaya Bunga Hutang Bank%', 'DUK', 91, 118, 0, '', '2025-04-26 11:56:53', '2025-04-26 11:56:53'),
	(25, 'Biaya Gaji Karyawan%', 'DUK', 62, 118, 0, '', '2025-04-26 11:56:53', '2025-04-26 11:56:53'),
	(26, 'Biaya IPTW (Insentif Pekerja Tidak Tetap Wajib)%', 'DUK', 67, 118, 0, '', '2025-04-26 11:56:53', '2025-04-26 11:56:53'),
	(27, 'Biaya Koordinator%', 'DUK', 68, 118, 0, '', '2025-04-26 11:56:53', '2025-04-26 11:56:53'),
	(28, 'Biaya Lembur%', 'DUK', 76, 118, 0, '', '2025-04-26 11:56:53', '2025-04-26 11:56:53'),
	(29, 'Biaya Minum%', 'DUK', 69, 118, 0, '', '2025-04-26 11:56:53', '2025-04-26 11:56:53'),
	(30, 'Biaya Non-Saham%', 'DUK', 77, 118, 0, '', '2025-04-26 11:56:53', '2025-04-26 11:56:53'),
	(31, 'Biaya Organisasi%', 'DUK', 61, 118, 0, '', '2025-04-26 11:56:53', '2025-04-26 11:56:53'),
	(32, 'Biaya Pajak Listrik%', 'DUK', 111, 118, 0, '', '2025-04-26 11:56:53', '2025-04-26 11:56:53'),
	(33, 'Biaya Pajak Wi-Fi%', 'DUK', 115, 118, 0, '', '2025-04-26 11:56:53', '2025-04-26 11:56:53'),
	(34, 'Biaya Pemilihan Pengawas/Pengurus%', 'DUK', 96, 118, 0, '', '2025-04-26 11:56:53', '2025-04-26 11:56:53'),
	(35, 'Biaya Tunjangan Anak%', 'DUK', 64, 118, 0, '', '2025-04-26 11:56:53', '2025-04-26 11:56:53'),
	(36, 'Biaya Tunjangan Istri%', 'DUK', 63, 118, 0, '', '2025-04-26 11:56:53', '2025-04-26 11:56:53'),
	(37, 'Biaya Administrasi%', 'DUK', 60, 118, 0, '', '2025-04-26 11:56:53', '2025-04-26 11:56:53'),
	(38, 'Cadangan Aktiva Produktif (CAP)%', 'DUK', 6, 118, 0, '', '2025-04-26 11:56:53', '2025-04-26 11:56:53'),
	(39, 'Penyisihan Dana Kesejahteraan%', 'DUK', 101, 118, 0, '', '2025-04-26 11:56:53', '2025-04-26 11:56:53'),
	(40, 'Penyisihan Tunjangan Pensiun Karyawan%', 'DUK', 98, 118, 0, '', '2025-04-26 11:56:53', '2025-04-26 11:56:53'),
	(41, 'Pinjaman Anggota%', 'DUK', 35, 118, 0, '', '2025-04-26 11:56:53', '2025-04-26 11:56:53'),
	(42, 'Tarik Dana Karyawan%', 'DUK', 47, 118, 0, '', '2025-04-26 11:56:53', '2025-04-26 11:56:53'),
	(43, 'Tarik Dana Kesejahteraan%', 'DUK', 58, 118, 0, '', '2025-04-26 11:56:53', '2025-04-26 11:56:53'),
	(44, 'Tarik Dana Pengurus%', 'DUK', 46, 118, 0, '', '2025-04-26 11:56:53', '2025-04-26 11:56:53'),
	(45, 'Tarik Dana Sosial%', 'DUK', 49, 118, 0, '', '2025-04-26 11:56:53', '2025-04-26 11:56:53'),
	(46, 'Tarik Jasa Simpanan Non-Saham%', 'DUK', 44, 118, 0, '', '2025-04-26 11:56:53', '2025-04-26 11:56:53'),
	(47, 'Tarik Sisa Hasil Usaha (SHU)%', 'DUK', 55, 118, 0, '', '2025-04-26 11:56:53', '2025-04-26 11:56:53'),
	(48, 'Tarik Simpanan Non-Saham%', 'DUK', 43, 118, 0, '', '2025-04-26 11:56:53', '2025-04-26 11:56:53'),
	(49, 'Tarik Simpanan Pokok (SP)%', 'DUK', 39, 118, 0, '', '2025-04-26 11:56:53', '2025-04-26 11:56:53'),
	(50, 'Tarik Simpanan Sukarela (SS)%', 'DUK', 42, 118, 0, '', '2025-04-26 11:56:53', '2025-04-26 11:56:53'),
	(51, 'Tarik Simpanan Wajib (SW)%', 'DUK', 40, 118, 0, '', '2025-04-26 11:56:53', '2025-04-26 11:56:53'),
	(52, 'Tarik Simpanan Wajib Penyertaan (SWP)%', 'DUK', 41, 118, 0, '', '2025-04-26 11:56:53', '2025-04-26 11:56:53'),
	(53, 'Tarik Titipan Dana RAT%', 'DUK', 51, 118, 0, '', '2025-04-26 11:56:53', '2025-04-26 11:56:53'),
	(54, 'Akumulasi Penyusutan Inventaris Komputer%', 'DUM', 118, 1, 0, '', '2025-04-26 11:56:53', '2025-04-26 11:56:53'),
	(55, 'Akumulasi Penyusutan Inventaris Mebel%', 'DUM', 118, 2, 0, '', '2025-04-26 11:56:53', '2025-04-26 11:56:53'),
	(56, 'Akumulasi Penyusutan Inventaris Kendaraan%', 'DUM', 118, 4, 0, '', '2025-04-26 11:56:53', '2025-04-26 11:56:53'),
	(57, 'Akumulasi Penyusutan Inventaris Gedung%', 'DUM', 118, 3, 0, '', '2025-04-26 11:56:53', '2025-04-26 11:56:53'),
	(58, 'Pendapatan Jasa Pinjaman%', 'DUM', 118, 10, 0, '', '2025-04-26 11:56:53', '2025-04-26 11:56:53'),
	(59, 'Dana Cadangan RAT%', 'DUM', 118, 12, 0, '', '2025-04-26 11:56:53', '2025-04-26 11:56:53'),
	(60, 'Titipan Dana RAT%', 'DUM', 118, 26, 0, '', '2025-04-26 11:56:53', '2025-04-26 11:56:53'),
	(61, 'Titipan Dana Pendampingan%', 'DUM', 118, 27, 0, '', '2025-04-26 11:56:53', '2025-04-26 11:56:53'),
	(62, 'Titipan Penyisihan Pajak SHU%', 'DUM', 118, 28, 0, '', '2025-04-26 11:56:53', '2025-04-26 11:56:53'),
	(63, 'Modal Tetap%', 'DUK', 29, 118, 0, '', '2025-04-26 11:56:53', '2025-04-26 11:56:53'),
	(64, 'Pendapatan Lain-lain%', 'DUK', 118, 30, 0, '', '2025-04-26 11:56:53', '2025-04-26 11:56:53'),
	(65, 'Pendapatan Hibah%', 'DUM', 118, 31, 0, '', '2025-04-26 11:56:53', '2025-04-26 11:56:53'),
	(66, 'Pendapatan Jasa Simpanan Bank%', 'DUM', 118, 32, 0, '', '2025-04-26 11:56:53', '2025-04-26 11:56:53'),
	(67, 'Pendapatan Jasa Deposito%', 'DUM', 118, 33, 0, '', '2025-04-26 11:56:53', '2025-04-26 11:56:53'),
	(68, 'Titipan Pajak Jasa Non Saham%', 'DUM', 118, 34, 0, '', '2025-04-26 11:56:53', '2025-04-26 11:56:53'),
	(69, 'Simpanan di Bank%', 'DUK', 36, 118, 0, '', '2025-04-26 11:56:53', '2025-04-27 03:08:31'),
	(70, 'Simpanan Deposito%', 'DUK', 37, 118, 0, '', '2025-04-26 11:56:53', '2025-04-26 11:56:53'),
	(71, 'Angsuran pinjaman ke BPD%', 'DUK', 38, 118, 0, '', '2025-04-26 11:56:53', '2025-04-26 11:56:53'),
	(72, 'Tarik titip (SP, SW, SWP, SS)%', 'DUK', 45, 118, 0, '', '2025-04-26 11:56:53', '2025-04-26 11:56:53'),
	(73, 'Tarik Dana Pendidikan%', 'DUK', 48, 118, 0, '', '2025-04-26 11:56:53', '2025-04-26 11:56:53'),
	(74, 'Tarik Dana PDK%', 'DUK', 50, 118, 0, '', '2025-04-26 11:56:53', '2025-04-26 11:56:53'),
	(75, 'Tarik Dana Risiko%', 'DUK', 52, 118, 0, '', '2025-04-26 11:56:53', '2025-04-26 11:56:53'),
	(76, 'Tarik Dana Pemupukan Modal Tetap%', 'DUK', 53, 118, 0, '', '2025-04-26 11:56:53', '2025-04-26 11:56:53'),
	(77, 'Tarik Dana CAP%', 'DUK', 54, 118, 0, '', '2025-04-26 11:56:53', '2025-04-26 11:56:53'),
	(78, 'Tarik THT%', 'DUK', 56, 118, 0, '', '2025-04-26 11:56:53', '2025-04-26 11:56:53'),
	(79, 'Tarik Titipan Pajak%', 'DUK', 57, 118, 0, '', '2025-04-26 11:56:53', '2025-04-26 11:56:53'),
	(80, 'Tarik Dana Pendampingan%', 'DUK', 59, 118, 0, '', '2025-04-26 11:56:53', '2025-04-26 11:56:53'),
	(81, 'THR (karyawan)%', 'DUK', 65, 118, 0, '', '2025-04-26 11:56:53', '2025-04-26 11:56:53'),
	(82, 'Biaya insentif pengurus & pengawas%', 'DUK', 66, 118, 0, '', '2025-04-26 11:56:53', '2025-04-26 11:56:53'),
	(83, 'Biaya penjaga/kebersihan%', 'DUK', 70, 118, 0, '', '2025-04-26 11:56:53', '2025-04-26 11:56:53'),
	(84, 'THR Penjaga%', 'DUK', 71, 118, 0, '', '2025-04-26 11:56:53', '2025-04-26 11:56:53'),
	(85, 'Biaya Harkop/Besar Nasional%', 'DUK', 72, 118, 0, '', '2025-04-26 11:56:53', '2025-04-26 11:56:53'),
	(86, 'Biaya Transportasi%', 'DUK', 73, 118, 0, '', '2025-04-26 11:56:53', '2025-04-26 11:56:53'),
	(87, 'Biaya Transportasi rapat%', 'DUK', 74, 118, 0, '', '2025-04-26 11:56:53', '2025-04-26 11:56:53'),
	(88, 'Biaya Perawatan Inventaris%', 'DUK', 78, 118, 0, '', '2025-04-26 11:56:53', '2025-04-26 11:56:53'),
	(89, 'Biaya kalender/promosi%', 'DUK', 79, 118, 0, '', '2025-04-26 11:56:53', '2025-04-26 11:56:53'),
	(90, 'Biaya pendidikan%', 'DUK', 80, 118, 0, '', '2025-04-26 11:56:53', '2025-04-26 11:56:53'),
	(91, 'Perawatan gedung%', 'DUK', 81, 118, 0, '', '2025-04-26 11:56:53', '2025-04-26 11:56:53'),
	(92, 'Biaya Dana Sosial%', 'DUK', 82, 118, 0, '', '2025-04-26 11:56:53', '2025-04-26 11:56:53'),
	(93, 'Bonus pencapaian target%', 'DUK', 83, 118, 0, '', '2025-04-26 11:56:53', '2025-04-26 11:56:53'),
	(94, 'Biaya kesejahteraan%', 'DUK', 84, 118, 0, '', '2025-04-26 11:56:53', '2025-04-26 11:56:53'),
	(95, 'Biaya audit pengawas%', 'DUK', 85, 118, 0, '', '2025-04-26 11:56:53', '2025-04-26 11:56:53'),
	(96, 'Biaya supervisi pengurus%', 'DUK', 86, 118, 0, '', '2025-04-26 11:56:53', '2025-04-26 11:56:53'),
	(97, 'Insentif koordinator%', 'DUK', 87, 118, 0, '', '2025-04-26 11:56:53', '2025-04-26 11:56:53'),
	(98, 'Biaya syawalan%', 'DUK', 88, 118, 0, '', '2025-04-26 11:56:53', '2025-04-26 11:56:53'),
	(99, 'Bingkisan lebaran%', 'DUK', 89, 118, 0, '', '2025-04-26 11:56:53', '2025-04-26 11:56:53'),
	(100, 'Seragam%', 'DUK', 90, 118, 0, '', '2025-04-26 11:56:53', '2025-04-26 11:56:53'),
	(101, 'Pesangon purna karyawan%', 'DUK', 93, 118, 0, '', '2025-04-26 11:56:53', '2025-04-26 11:56:53'),
	(102, 'Denda pajak%', 'DUK', 95, 118, 0, '', '2025-04-26 11:56:53', '2025-04-26 11:56:53'),
	(104, 'Penyertaan Modal Tetap%', 'DUK', 102, 118, 0, '', '2025-04-26 11:56:53', '2025-04-26 11:56:53'),
	(105, 'Proyektor%', 'DUK', 103, 118, 0, '', '2025-04-26 11:56:53', '2025-04-26 11:56:53'),
	(106, 'Penyisihan pendampingan%', 'DUK', 104, 118, 0, '', '2025-04-26 11:56:53', '2025-04-26 11:56:53'),
	(107, 'Penyusutan tertagih%', 'DUK', 106, 118, 0, '', '2025-04-26 11:56:53', '2025-04-26 11:56:53'),
	(108, 'Biaya Penyusutan Inventaris Mebel%', 'DUK', 107, 118, 0, '', '2025-04-26 11:56:53', '2025-04-26 11:56:53'),
	(109, 'Biaya Penyusutan Inventaris Gedung%', 'DUK', 108, 118, 0, '', '2025-04-26 11:56:53', '2025-04-26 11:56:53'),
	(110, 'Biaya Penyusutan Inventaris Kendaraan%', 'DUK', 109, 118, 0, '', '2025-04-26 11:56:53', '2025-04-26 11:56:53'),
	(111, 'Biaya Penyusutan Inventaris Komputer%', 'DUK', 110, 118, 0, '', '2025-04-26 11:56:53', '2025-04-26 11:56:53'),
	(112, 'Pajak PPh%', 'DUK', 112, 118, 0, '', '2025-04-26 11:56:53', '2025-04-26 11:56:53'),
	(113, 'Pajak PBB%', 'DUK', 113, 118, 0, '', '2025-04-26 11:56:53', '2025-04-26 11:56:53'),
	(114, 'Pajak SHU%', 'DUK', 114, 118, 0, '', '2025-04-26 11:56:53', '2025-04-26 11:56:53'),
	(115, 'Pajak jasa simpanan bank%', 'DUK', 116, 118, 0, '', '2025-04-26 11:56:53', '2025-04-26 11:56:53'),
	(116, 'Pajak kendaraan%', 'DUK', 117, 118, 0, '', '2025-04-26 11:56:53', '2025-04-26 11:56:53'),
	(117, 'Dana Cadangan RAT%', 'DUK', 118, 12, 0, '', '2025-04-26 11:56:53', '2025-04-26 12:01:26');

-- membuang struktur untuk table sikopdit.saldo_akun
CREATE TABLE IF NOT EXISTS `saldo_akun` (
  `id` int unsigned NOT NULL AUTO_INCREMENT,
  `id_akun` int unsigned NOT NULL,
  `bulan` int NOT NULL,
  `tahun` int NOT NULL,
  `saldo_awal` decimal(15,2) NOT NULL DEFAULT '0.00',
  `total_debit` decimal(15,2) NOT NULL DEFAULT '0.00',
  `total_kredit` decimal(15,2) NOT NULL DEFAULT '0.00',
  `saldo_akhir` decimal(15,2) NOT NULL DEFAULT '0.00',
  `created_at` timestamp NULL DEFAULT CURRENT_TIMESTAMP,
  `updated_at` timestamp NULL DEFAULT NULL,
  PRIMARY KEY (`id`),
  UNIQUE KEY `id_akun_bulan_tahun` (`id_akun`,`bulan`,`tahun`),
  CONSTRAINT `saldo_akun_id_akun_foreign` FOREIGN KEY (`id_akun`) REFERENCES `akun` (`id`) ON DELETE CASCADE ON UPDATE CASCADE
) ENGINE=InnoDB AUTO_INCREMENT=120 DEFAULT CHARSET=utf8mb4 COLLATE=utf8mb4_general_ci;

-- Membuang data untuk tabel sikopdit.saldo_akun: ~119 rows (lebih kurang)
INSERT INTO `saldo_akun` (`id`, `id_akun`, `bulan`, `tahun`, `saldo_awal`, `total_debit`, `total_kredit`, `saldo_akhir`, `created_at`, `updated_at`) VALUES
	(1, 1, 1, 2025, 0.00, 0.00, 200000.00, 200000.00, '2025-04-26 05:01:38', '2025-04-26 20:21:28'),
	(2, 2, 1, 2025, 0.00, 0.00, 150000.00, 150000.00, '2025-04-26 05:01:38', '2025-04-26 20:21:28'),
	(3, 3, 1, 2025, 0.00, 0.00, 500000.00, 500000.00, '2025-04-26 05:01:38', '2025-04-26 20:21:28'),
	(4, 4, 1, 2025, 0.00, 0.00, 0.00, 0.00, '2025-04-26 05:01:38', '2025-04-26 20:21:28'),
	(5, 5, 1, 2025, 0.00, 0.00, 150596000.00, -150596000.00, '2025-04-26 05:01:38', '2025-04-26 20:21:28'),
	(6, 6, 1, 2025, 0.00, 500000.00, 500000.00, 0.00, '2025-04-26 05:01:38', '2025-04-26 20:21:29'),
	(7, 7, 1, 2025, 0.00, 0.00, 350000.00, 350000.00, '2025-04-26 05:01:38', '2025-04-26 20:21:29'),
	(8, 8, 1, 2025, 0.00, 0.00, 30000.00, 30000.00, '2025-04-26 05:01:38', '2025-04-26 20:21:29'),
	(9, 9, 1, 2025, 0.00, 0.00, 2150000.00, 2150000.00, '2025-04-26 05:01:38', '2025-04-26 20:21:29'),
	(10, 10, 1, 2025, 0.00, 0.00, 0.00, 0.00, '2025-04-26 05:01:38', '2025-04-26 20:21:29'),
	(11, 11, 1, 2025, 0.00, 0.00, 31103700.00, 31103700.00, '2025-04-26 05:01:39', '2025-04-26 20:21:29'),
	(12, 12, 1, 2025, 0.00, 0.00, 1200000.00, 1200000.00, '2025-04-26 05:01:39', '2025-04-26 20:21:29'),
	(13, 13, 1, 2025, 0.00, 0.00, 250000.00, 250000.00, '2025-04-26 05:01:39', '2025-04-26 20:21:29'),
	(14, 14, 1, 2025, 0.00, 0.00, 200000000.00, 200000000.00, '2025-04-26 05:01:39', '2025-04-26 20:21:29'),
	(15, 15, 1, 2025, 0.00, 0.00, 1075000.00, -1075000.00, '2025-04-26 05:01:39', '2025-04-26 20:21:29'),
	(16, 16, 1, 2025, 0.00, 0.00, 4000000.00, 4000000.00, '2025-04-26 05:01:39', '2025-04-26 20:21:29'),
	(17, 17, 1, 2025, 0.00, 0.00, 2222000.00, 2222000.00, '2025-04-26 05:01:39', '2025-04-26 20:21:29'),
	(18, 18, 1, 2025, 0.00, 0.00, 40000.00, 40000.00, '2025-04-26 05:01:39', '2025-04-26 20:21:30'),
	(19, 19, 1, 2025, 0.00, 0.00, 45816450.00, 45816450.00, '2025-04-26 05:01:39', '2025-04-26 20:21:30'),
	(20, 20, 1, 2025, 0.00, 0.00, 2000000.00, 2000000.00, '2025-04-26 05:01:39', '2025-04-26 20:21:30'),
	(21, 21, 1, 2025, 0.00, 0.00, 5375000.00, 5375000.00, '2025-04-26 05:01:39', '2025-04-26 20:21:30'),
	(22, 22, 1, 2025, 0.00, 0.00, 100000000.00, -100000000.00, '2025-04-26 05:01:39', '2025-04-26 20:21:30'),
	(23, 23, 1, 2025, 0.00, 0.00, 2500000.00, 2500000.00, '2025-04-26 05:01:39', '2025-04-26 20:21:30'),
	(24, 24, 1, 2025, 0.00, 0.00, 300000.00, 300000.00, '2025-04-26 05:01:39', '2025-04-26 20:21:30'),
	(25, 25, 1, 2025, 0.00, 0.00, 40000.00, -40000.00, '2025-04-26 05:01:39', '2025-04-26 20:21:30'),
	(26, 26, 1, 2025, 0.00, 0.00, 0.00, 0.00, '2025-04-26 05:01:40', '2025-04-26 20:21:30'),
	(27, 27, 1, 2025, 0.00, 0.00, 0.00, 0.00, '2025-04-26 05:01:40', '2025-04-26 20:21:30'),
	(28, 28, 1, 2025, 0.00, 0.00, 0.00, 0.00, '2025-04-26 05:01:40', '2025-04-26 20:21:30'),
	(29, 29, 1, 2025, 0.00, 0.00, 0.00, 0.00, '2025-04-26 05:01:40', '2025-04-26 20:21:30'),
	(30, 30, 1, 2025, 0.00, 0.00, 0.00, 0.00, '2025-04-26 05:01:40', '2025-04-26 20:21:31'),
	(31, 31, 1, 2025, 0.00, 0.00, 0.00, 0.00, '2025-04-26 05:01:40', '2025-04-26 20:21:31'),
	(32, 32, 1, 2025, 0.00, 0.00, 0.00, 0.00, '2025-04-26 05:01:40', '2025-04-26 20:21:31'),
	(33, 33, 1, 2025, 0.00, 0.00, 0.00, 0.00, '2025-04-26 05:01:40', '2025-04-26 20:21:31'),
	(34, 34, 1, 2025, 0.00, 0.00, 0.00, 0.00, '2025-04-26 05:01:40', '2025-04-26 20:21:31'),
	(35, 35, 1, 2025, 0.00, 215000000.00, 0.00, 215000000.00, '2025-04-26 05:01:40', '2025-04-26 20:21:31'),
	(36, 36, 1, 2025, 0.00, 199340000.00, 0.00, 199340000.00, '2025-04-26 05:01:40', '2025-04-26 20:21:31'),
	(37, 37, 1, 2025, 0.00, 0.00, 0.00, 0.00, '2025-04-26 05:01:40', '2025-04-26 20:21:31'),
	(38, 38, 1, 2025, 0.00, 20233385.00, 0.00, 20233385.00, '2025-04-26 05:01:40', '2025-04-26 20:21:31'),
	(39, 39, 1, 2025, 0.00, 30000.00, 0.00, 30000.00, '2025-04-26 05:01:40', '2025-04-26 20:21:31'),
	(40, 40, 1, 2025, 0.00, 491550.00, 0.00, 491550.00, '2025-04-26 05:01:40', '2025-04-26 20:21:31'),
	(41, 41, 1, 2025, 0.00, 940000.00, 0.00, 940000.00, '2025-04-26 05:01:41', '2025-04-26 20:21:32'),
	(42, 42, 1, 2025, 0.00, 56823300.00, 0.00, 56823300.00, '2025-04-26 05:01:41', '2025-04-26 20:21:32'),
	(43, 43, 1, 2025, 0.00, 9000000.00, 0.00, 9000000.00, '2025-04-26 05:01:41', '2025-04-26 20:21:32'),
	(44, 44, 1, 2025, 0.00, 1600000.00, 0.00, 1600000.00, '2025-04-26 05:01:41', '2025-04-26 20:21:32'),
	(45, 45, 1, 2025, 0.00, 0.00, 0.00, 0.00, '2025-04-26 05:01:41', '2025-04-26 20:21:32'),
	(46, 46, 1, 2025, 0.00, 12500000.00, 0.00, 12500000.00, '2025-04-26 05:01:41', '2025-04-26 20:21:32'),
	(47, 47, 1, 2025, 0.00, 6300000.00, 0.00, 6300000.00, '2025-04-26 05:01:41', '2025-04-26 20:21:32'),
	(48, 48, 1, 2025, 0.00, 0.00, 0.00, 0.00, '2025-04-26 05:01:41', '2025-04-26 20:21:32'),
	(49, 49, 1, 2025, 0.00, 50000.00, 0.00, 50000.00, '2025-04-26 05:01:41', '2025-04-26 20:21:32'),
	(50, 50, 1, 2025, 0.00, 0.00, 0.00, 0.00, '2025-04-26 05:01:41', '2025-04-26 20:21:32'),
	(51, 51, 1, 2025, 0.00, 11125000.00, 0.00, 11125000.00, '2025-04-26 05:01:41', '2025-04-26 20:21:33'),
	(52, 52, 1, 2025, 0.00, 0.00, 0.00, 0.00, '2025-04-26 05:01:41', '2025-04-26 20:21:33'),
	(53, 53, 1, 2025, 0.00, 0.00, 0.00, 0.00, '2025-04-26 05:01:41', '2025-04-26 20:21:33'),
	(54, 54, 1, 2025, 0.00, 0.00, 0.00, 0.00, '2025-04-26 05:01:41', '2025-04-26 20:21:33'),
	(55, 55, 1, 2025, 0.00, 2213800.00, 0.00, 2213800.00, '2025-04-26 05:01:42', '2025-04-26 20:21:33'),
	(56, 56, 1, 2025, 0.00, 0.00, 0.00, 0.00, '2025-04-26 05:01:42', '2025-04-26 20:21:33'),
	(57, 57, 1, 2025, 0.00, 0.00, 0.00, 0.00, '2025-04-26 05:01:42', '2025-04-26 20:21:33'),
	(58, 58, 1, 2025, 0.00, 22000000.00, 0.00, 22000000.00, '2025-04-26 05:01:42', '2025-04-26 20:21:33'),
	(59, 59, 1, 2025, 0.00, 0.00, 0.00, 0.00, '2025-04-26 05:01:42', '2025-04-26 20:21:33'),
	(60, 60, 1, 2025, 0.00, 152500.00, 0.00, 152500.00, '2025-04-26 05:01:42', '2025-04-26 20:21:33'),
	(61, 61, 1, 2025, 0.00, 303000.00, 0.00, 303000.00, '2025-04-26 05:01:42', '2025-04-26 20:21:33'),
	(62, 62, 1, 2025, 0.00, 12044722.00, 0.00, 12044722.00, '2025-04-26 05:01:42', '2025-04-26 20:21:34'),
	(63, 63, 1, 2025, 0.00, 646094.00, 0.00, 646094.00, '2025-04-26 05:01:42', '2025-04-26 20:21:34'),
	(64, 64, 1, 2025, 0.00, 233331.00, 0.00, 233331.00, '2025-04-26 05:01:42', '2025-04-26 20:21:34'),
	(65, 65, 1, 2025, 0.00, 0.00, 0.00, 0.00, '2025-04-26 05:01:42', '2025-04-26 20:21:34'),
	(66, 66, 1, 2025, 0.00, 3200000.00, 0.00, 3200000.00, '2025-04-26 05:01:42', '2025-04-26 20:21:34'),
	(67, 67, 1, 2025, 0.00, 390000.00, 0.00, 390000.00, '2025-04-26 05:01:42', '2025-04-26 20:21:34'),
	(68, 68, 1, 2025, 0.00, 445000.00, 0.00, 445000.00, '2025-04-26 05:01:42', '2025-04-26 20:21:34'),
	(69, 69, 1, 2025, 0.00, 250000.00, 0.00, 250000.00, '2025-04-26 05:01:42', '2025-04-26 20:21:34'),
	(70, 70, 1, 2025, 0.00, 850000.00, 0.00, 850000.00, '2025-04-26 05:01:43', '2025-04-26 20:21:34'),
	(71, 71, 1, 2025, 0.00, 0.00, 0.00, 0.00, '2025-04-26 05:01:43', '2025-04-26 20:21:34'),
	(72, 72, 1, 2025, 0.00, 0.00, 0.00, 0.00, '2025-04-26 05:01:43', '2025-04-26 20:21:34'),
	(73, 73, 1, 2025, 0.00, 0.00, 0.00, 0.00, '2025-04-26 05:01:43', '2025-04-26 20:21:35'),
	(74, 74, 1, 2025, 0.00, 0.00, 0.00, 0.00, '2025-04-26 05:01:43', '2025-04-26 20:21:35'),
	(75, 75, 1, 2025, 0.00, 60000.00, 0.00, 60000.00, '2025-04-26 05:01:43', '2025-04-26 20:21:35'),
	(76, 76, 1, 2025, 0.00, 375000.00, 0.00, 375000.00, '2025-04-26 05:01:43', '2025-04-26 20:21:35'),
	(77, 77, 1, 2025, 0.00, 2222000.00, 0.00, 2222000.00, '2025-04-26 05:01:43', '2025-04-26 20:21:35'),
	(78, 78, 1, 2025, 0.00, 0.00, 0.00, 0.00, '2025-04-26 05:01:43', '2025-04-26 20:21:35'),
	(79, 79, 1, 2025, 0.00, 0.00, 0.00, 0.00, '2025-04-26 05:01:43', '2025-04-26 20:21:35'),
	(80, 80, 1, 2025, 0.00, 0.00, 0.00, 0.00, '2025-04-26 05:01:44', '2025-04-26 20:21:35'),
	(81, 81, 1, 2025, 0.00, 0.00, 0.00, 0.00, '2025-04-26 05:01:44', '2025-04-26 20:21:35'),
	(82, 82, 1, 2025, 0.00, 0.00, 0.00, 0.00, '2025-04-26 05:01:44', '2025-04-26 20:21:35'),
	(83, 83, 1, 2025, 0.00, 0.00, 0.00, 0.00, '2025-04-26 05:01:44', '2025-04-26 20:21:35'),
	(84, 84, 1, 2025, 0.00, 0.00, 0.00, 0.00, '2025-04-26 05:01:44', '2025-04-26 20:21:36'),
	(85, 85, 1, 2025, 0.00, 0.00, 0.00, 0.00, '2025-04-26 05:01:44', '2025-04-26 20:21:36'),
	(86, 86, 1, 2025, 0.00, 0.00, 0.00, 0.00, '2025-04-26 05:01:44', '2025-04-26 20:21:36'),
	(87, 87, 1, 2025, 0.00, 0.00, 0.00, 0.00, '2025-04-26 05:01:44', '2025-04-26 20:21:36'),
	(88, 88, 1, 2025, 0.00, 0.00, 0.00, 0.00, '2025-04-26 05:01:44', '2025-04-26 20:21:36'),
	(89, 89, 1, 2025, 0.00, 0.00, 0.00, 0.00, '2025-04-26 05:01:44', '2025-04-26 20:21:36'),
	(90, 90, 1, 2025, 0.00, 0.00, 0.00, 0.00, '2025-04-26 05:01:44', '2025-04-26 20:21:36'),
	(91, 91, 1, 2025, 0.00, 135155.00, 0.00, 135155.00, '2025-04-26 05:01:44', '2025-04-26 20:21:36'),
	(92, 92, 1, 2025, 0.00, 660000.00, 0.00, 660000.00, '2025-04-26 05:01:44', '2025-04-26 20:21:37'),
	(93, 93, 1, 2025, 0.00, 0.00, 0.00, 0.00, '2025-04-26 05:01:44', '2025-04-26 20:21:37'),
	(94, 94, 1, 2025, 0.00, 0.00, 0.00, 0.00, '2025-04-26 05:01:45', '2025-04-26 20:21:37'),
	(95, 95, 1, 2025, 0.00, 0.00, 0.00, 0.00, '2025-04-26 05:01:45', '2025-04-26 20:21:37'),
	(96, 96, 1, 2025, 0.00, 250000.00, 0.00, 250000.00, '2025-04-26 05:01:45', '2025-04-26 20:21:37'),
	(97, 97, 1, 2025, 0.00, 2022214.00, 0.00, 2022214.00, '2025-04-26 05:01:45', '2025-04-26 20:21:37'),
	(98, 98, 1, 2025, 0.00, 300000.00, 0.00, 300000.00, '2025-04-26 05:01:45', '2025-04-26 20:21:37'),
	(99, 99, 1, 2025, 0.00, 0.00, 0.00, 0.00, '2025-04-26 05:01:45', '2025-04-26 20:21:37'),
	(100, 100, 1, 2025, 0.00, 0.00, 1200000.00, -1200000.00, '2025-04-26 05:01:45', '2025-04-26 20:21:37'),
	(101, 101, 1, 2025, 0.00, 2500000.00, 0.00, 2500000.00, '2025-04-26 05:01:45', '2025-04-26 20:21:37'),
	(102, 102, 1, 2025, 0.00, 0.00, 0.00, 0.00, '2025-04-26 05:01:45', '2025-04-26 20:21:38'),
	(103, 103, 1, 2025, 0.00, 0.00, 0.00, 0.00, '2025-04-26 05:01:45', '2025-04-26 20:21:38'),
	(104, 104, 1, 2025, 0.00, 0.00, 0.00, 0.00, '2025-04-26 05:01:45', '2025-04-26 20:21:38'),
	(105, 105, 1, 2025, 0.00, 0.00, 0.00, 0.00, '2025-04-26 05:01:45', '2025-04-26 20:21:38'),
	(106, 106, 1, 2025, 0.00, 0.00, 0.00, 0.00, '2025-04-26 05:01:45', '2025-04-26 20:21:38'),
	(107, 107, 1, 2025, 0.00, 150000.00, 0.00, 150000.00, '2025-04-26 05:01:46', '2025-04-26 20:21:38'),
	(108, 108, 1, 2025, 0.00, 500000.00, 0.00, 500000.00, '2025-04-26 05:01:46', '2025-04-26 20:21:38'),
	(109, 109, 1, 2025, 0.00, 0.00, 0.00, 0.00, '2025-04-26 05:01:46', '2025-04-26 20:21:38'),
	(110, 110, 1, 2025, 0.00, 200000.00, 0.00, 200000.00, '2025-04-26 05:01:46', '2025-04-26 20:21:38'),
	(111, 111, 1, 2025, 0.00, 175000.00, 0.00, 175000.00, '2025-04-26 05:01:46', '2025-04-26 20:21:38'),
	(112, 112, 1, 2025, 0.00, 0.00, 0.00, 0.00, '2025-04-26 05:01:46', '2025-04-26 20:21:38'),
	(113, 113, 1, 2025, 0.00, 0.00, 0.00, 0.00, '2025-04-26 05:01:46', '2025-04-26 20:21:39'),
	(114, 114, 1, 2025, 0.00, 0.00, 0.00, 0.00, '2025-04-26 05:01:46', '2025-04-26 20:21:39'),
	(115, 115, 1, 2025, 0.00, 150000.00, 0.00, 150000.00, '2025-04-26 05:01:46', '2025-04-26 20:21:39'),
	(116, 116, 1, 2025, 0.00, 0.00, 0.00, 0.00, '2025-04-26 05:01:46', '2025-04-26 20:21:39'),
	(117, 117, 1, 2025, 0.00, 0.00, 0.00, 0.00, '2025-04-26 05:01:46', '2025-04-26 20:21:39'),
	(118, 118, 1, 2025, 0.00, 551598150.00, 586361051.00, -34762901.00, '2025-04-26 05:01:46', '2025-04-26 20:21:39'),
	(119, 119, 1, 2025, 0.00, 0.00, 0.00, 0.00, '2025-04-26 05:01:46', '2025-04-26 20:21:39');

-- membuang struktur untuk table sikopdit.transaksi_pinjaman
CREATE TABLE IF NOT EXISTS `transaksi_pinjaman` (
  `id_pinjaman` int unsigned NOT NULL AUTO_INCREMENT,
  `id_anggota` int unsigned NOT NULL,
  `tanggal_pinjaman` date NOT NULL,
  `jumlah_pinjaman` decimal(10,2) NOT NULL,
  `jangka_waktu` int NOT NULL,
  `jaminan` varchar(255) COLLATE utf8mb4_general_ci DEFAULT NULL,
  `status` enum('aktif','lunas') COLLATE utf8mb4_general_ci NOT NULL DEFAULT 'aktif',
  `created_at` datetime DEFAULT NULL,
  `updated_at` datetime DEFAULT NULL,
  PRIMARY KEY (`id_pinjaman`),
  KEY `transaksi_pinjaman_id_anggota_foreign` (`id_anggota`),
  CONSTRAINT `transaksi_pinjaman_id_anggota_foreign` FOREIGN KEY (`id_anggota`) REFERENCES `anggota` (`id_anggota`) ON DELETE CASCADE ON UPDATE CASCADE
) ENGINE=InnoDB AUTO_INCREMENT=7 DEFAULT CHARSET=utf8mb4 COLLATE=utf8mb4_general_ci;

-- Membuang data untuk tabel sikopdit.transaksi_pinjaman: ~2 rows (lebih kurang)
INSERT INTO `transaksi_pinjaman` (`id_pinjaman`, `id_anggota`, `tanggal_pinjaman`, `jumlah_pinjaman`, `jangka_waktu`, `jaminan`, `status`, `created_at`, `updated_at`) VALUES
	(5, 1, '2025-04-30', 2000000.00, 6, 'Tidak ada', 'aktif', '2025-05-02 12:57:30', '2025-05-02 12:57:30'),
	(6, 2, '2025-05-03', 2000000.00, 10, 'Tidak ada', 'aktif', '2025-05-03 01:35:14', '2025-05-03 01:35:14');

-- membuang struktur untuk table sikopdit.transaksi_simpanan
CREATE TABLE IF NOT EXISTS `transaksi_simpanan` (
  `id_simpanan` int unsigned NOT NULL AUTO_INCREMENT,
  `id_anggota` int unsigned NOT NULL,
  `id_pinjaman` int unsigned DEFAULT NULL,
  `tanggal` date NOT NULL,
  `setor_sw` decimal(10,2) NOT NULL DEFAULT '0.00',
  `tarik_sw` decimal(10,2) NOT NULL DEFAULT '0.00',
  `setor_swp` decimal(10,2) NOT NULL DEFAULT '0.00',
  `tarik_swp` decimal(10,2) NOT NULL DEFAULT '0.00',
  `setor_ss` decimal(10,2) NOT NULL DEFAULT '0.00',
  `tarik_ss` decimal(10,2) NOT NULL DEFAULT '0.00',
  `setor_sp` decimal(10,2) NOT NULL DEFAULT '0.00',
  `tarik_sp` decimal(10,2) NOT NULL DEFAULT '0.00',
  `created_at` datetime DEFAULT NULL,
  `updated_at` datetime DEFAULT NULL,
  PRIMARY KEY (`id_simpanan`),
  KEY `transaksi_simpanan_id_anggota_foreign` (`id_anggota`),
  KEY `transaksi_simpanan_id_pinjaman_foreign` (`id_pinjaman`),
  CONSTRAINT `transaksi_simpanan_id_anggota_foreign` FOREIGN KEY (`id_anggota`) REFERENCES `anggota` (`id_anggota`) ON DELETE CASCADE ON UPDATE CASCADE,
  CONSTRAINT `transaksi_simpanan_id_pinjaman_foreign` FOREIGN KEY (`id_pinjaman`) REFERENCES `transaksi_pinjaman` (`id_pinjaman`) ON DELETE CASCADE ON UPDATE CASCADE
) ENGINE=InnoDB AUTO_INCREMENT=11 DEFAULT CHARSET=utf8mb4 COLLATE=utf8mb4_general_ci;

-- Membuang data untuk tabel sikopdit.transaksi_simpanan: ~3 rows (lebih kurang)
INSERT INTO `transaksi_simpanan` (`id_simpanan`, `id_anggota`, `id_pinjaman`, `tanggal`, `setor_sw`, `tarik_sw`, `setor_swp`, `tarik_swp`, `setor_ss`, `tarik_ss`, `setor_sp`, `tarik_sp`, `created_at`, `updated_at`) VALUES
	(7, 1, NULL, '2025-05-02', 75000.00, 0.00, 0.00, 0.00, 5000.00, 0.00, 10000.00, 0.00, '2025-05-02 12:56:21', '2025-05-02 12:56:21'),
	(8, 2, NULL, '2025-05-02', 75000.00, 0.00, 0.00, 0.00, 5000.00, 0.00, 10000.00, 0.00, '2025-05-02 12:56:21', '2025-05-02 12:56:21'),
	(9, 1, 5, '2025-05-02', 0.00, 0.00, 50000.00, 0.00, 0.00, 0.00, 0.00, 0.00, '2025-05-02 12:57:30', '2025-05-02 12:57:30'),
	(10, 2, 6, '2025-05-03', 0.00, 0.00, 50000.00, 0.00, 0.00, 0.00, 0.00, 0.00, '2025-05-03 01:35:14', '2025-05-03 01:35:14');

-- membuang struktur untuk table sikopdit.users
CREATE TABLE IF NOT EXISTS `users` (
  `id_user` int unsigned NOT NULL AUTO_INCREMENT,
  `nama` varchar(100) COLLATE utf8mb4_general_ci NOT NULL,
  `email` varchar(100) COLLATE utf8mb4_general_ci NOT NULL,
  `password` varchar(255) COLLATE utf8mb4_general_ci NOT NULL,
  `role` enum('admin','karyawan') COLLATE utf8mb4_general_ci NOT NULL DEFAULT 'karyawan',
  `status` enum('aktif','nonaktif') COLLATE utf8mb4_general_ci NOT NULL DEFAULT 'aktif',
  `deleted_at` datetime DEFAULT NULL,
  `created_at` datetime DEFAULT NULL,
  `updated_at` datetime DEFAULT NULL,
  PRIMARY KEY (`id_user`),
  UNIQUE KEY `email` (`email`)
) ENGINE=InnoDB AUTO_INCREMENT=3 DEFAULT CHARSET=utf8mb4 COLLATE=utf8mb4_general_ci;

-- Membuang data untuk tabel sikopdit.users: ~2 rows (lebih kurang)
INSERT INTO `users` (`id_user`, `nama`, `email`, `password`, `role`, `status`, `deleted_at`, `created_at`, `updated_at`) VALUES
	(1, 'Admin Koperasi', 'admin@koperasi.com', '$2y$10$L3K1WTPXarURvoZ2lFPTjuEiIvNN3KysZ4JYbiw3oFkNwNy7RqguS', 'admin', 'aktif', NULL, '2025-04-26 11:30:13', '2025-04-26 11:30:13'),
	(2, 'Karyawan Koperasi', 'karyawan@koperasi.com', '$2y$10$sOhETxgIAZ4Ps5EehqJ5aeW5OZVqqYdC4VPGYVqJDrmlp88dL3is2', 'karyawan', 'aktif', NULL, '2025-04-26 11:30:14', '2025-04-26 11:30:14');

/*!40103 SET TIME_ZONE=IFNULL(@OLD_TIME_ZONE, 'system') */;
/*!40101 SET SQL_MODE=IFNULL(@OLD_SQL_MODE, '') */;
/*!40014 SET FOREIGN_KEY_CHECKS=IFNULL(@OLD_FOREIGN_KEY_CHECKS, 1) */;
/*!40101 SET CHARACTER_SET_CLIENT=@OLD_CHARACTER_SET_CLIENT */;
/*!40111 SET SQL_NOTES=IFNULL(@OLD_SQL_NOTES, 1) */;
