-- phpMyAdmin SQL Dump
-- version 5.2.1
-- https://www.phpmyadmin.net/
--
-- Host: 127.0.0.1
-- Waktu pembuatan: 10 Apr 2025 pada 10.45
-- Versi server: 10.4.32-MariaDB
-- Versi PHP: 8.2.12

SET SQL_MODE = "NO_AUTO_VALUE_ON_ZERO";
START TRANSACTION;
SET time_zone = "+00:00";


/*!40101 SET @OLD_CHARACTER_SET_CLIENT=@@CHARACTER_SET_CLIENT */;
/*!40101 SET @OLD_CHARACTER_SET_RESULTS=@@CHARACTER_SET_RESULTS */;
/*!40101 SET @OLD_COLLATION_CONNECTION=@@COLLATION_CONNECTION */;
/*!40101 SET NAMES utf8mb4 */;

--
-- Database: `sikopdit`
--

-- --------------------------------------------------------

--
-- Struktur dari tabel `akun`
--

CREATE TABLE `akun` (
  `id` int(11) NOT NULL,
  `kode_akun` varchar(20) NOT NULL,
  `nama_akun` varchar(100) NOT NULL,
  `kategori` enum('Aktiva','Pasiva','Modal','Pendapatan','Beban') NOT NULL,
  `jenis` enum('Debit','Kredit') NOT NULL,
  `saldo_awal` decimal(15,2) NOT NULL DEFAULT 0.00,
  `created_at` timestamp NULL DEFAULT current_timestamp(),
  `updated_at` timestamp NULL DEFAULT NULL ON UPDATE current_timestamp()
) ENGINE=InnoDB DEFAULT CHARSET=utf8mb4 COLLATE=utf8mb4_general_ci;

--
-- Dumping data untuk tabel `akun`
--

INSERT INTO `akun` (`id`, `kode_akun`, `nama_akun`, `kategori`, `jenis`, `saldo_awal`, `created_at`, `updated_at`) VALUES
(1, '1-1000', 'Kas', 'Aktiva', 'Debit', 0.00, '2025-04-10 07:54:20', NULL),
(2, '1-1100', 'Bank', 'Aktiva', 'Debit', 0.00, '2025-04-10 07:54:20', NULL),
(3, '1-1200', 'Piutang Anggota', 'Aktiva', 'Debit', 0.00, '2025-04-10 07:54:20', NULL),
(4, '1-1300', 'Piutang Non-Anggota', 'Aktiva', 'Debit', 0.00, '2025-04-10 07:54:20', NULL),
(5, '1-1400', 'Penyisihan Piutang Tak Tertagih', 'Aktiva', 'Kredit', 0.00, '2025-04-10 07:54:20', NULL),
(6, '1-1500', 'Persediaan', 'Aktiva', 'Debit', 0.00, '2025-04-10 07:54:20', NULL),
(7, '1-1600', 'Biaya Dibayar Dimuka', 'Aktiva', 'Debit', 0.00, '2025-04-10 07:54:20', NULL),
(8, '1-2000', 'Inventaris', 'Aktiva', 'Debit', 0.00, '2025-04-10 07:54:20', NULL),
(9, '1-2100', 'Akumulasi Penyusutan Inventaris', 'Aktiva', 'Kredit', 0.00, '2025-04-10 07:54:20', NULL),
(10, '1-2200', 'Gedung', 'Aktiva', 'Debit', 0.00, '2025-04-10 07:54:20', NULL),
(11, '1-2300', 'Akumulasi Penyusutan Gedung', 'Aktiva', 'Kredit', 0.00, '2025-04-10 07:54:20', NULL),
(12, '1-2400', 'Tanah', 'Aktiva', 'Debit', 0.00, '2025-04-10 07:54:20', NULL),
(13, '2-1000', 'Simpanan Pokok', 'Pasiva', 'Kredit', 0.00, '2025-04-10 07:54:20', NULL),
(14, '2-1100', 'Simpanan Wajib', 'Pasiva', 'Kredit', 0.00, '2025-04-10 07:54:20', NULL),
(15, '2-1200', 'Simpanan Sukarela', 'Pasiva', 'Kredit', 0.00, '2025-04-10 07:54:20', NULL),
(16, '2-1300', 'Hutang Bank', 'Pasiva', 'Kredit', 0.00, '2025-04-10 07:54:20', NULL),
(17, '2-1400', 'Hutang Pihak Ketiga', 'Pasiva', 'Kredit', 0.00, '2025-04-10 07:54:20', NULL),
(18, '2-1500', 'Dana Cadangan', 'Pasiva', 'Kredit', 0.00, '2025-04-10 07:54:20', NULL),
(19, '2-1600', 'Dana Pendidikan', 'Pasiva', 'Kredit', 0.00, '2025-04-10 07:54:20', NULL),
(20, '2-1700', 'Dana Sosial', 'Pasiva', 'Kredit', 0.00, '2025-04-10 07:54:20', NULL),
(21, '2-1800', 'Dana Pengurus', 'Pasiva', 'Kredit', 0.00, '2025-04-10 07:54:20', NULL),
(22, '2-1900', 'Dana Karyawan', 'Pasiva', 'Kredit', 0.00, '2025-04-10 07:54:20', NULL),
(23, '3-1000', 'Modal Awal', 'Modal', 'Kredit', 0.00, '2025-04-10 07:54:20', NULL),
(24, '3-1100', 'SHU Tahun Berjalan', 'Modal', 'Kredit', 0.00, '2025-04-10 07:54:20', NULL),
(25, '3-1200', 'SHU Tahun Lalu', 'Modal', 'Kredit', 0.00, '2025-04-10 07:54:20', NULL),
(26, '4-1000', 'Pendapatan Jasa Pinjaman', 'Pendapatan', 'Kredit', 0.00, '2025-04-10 07:54:20', NULL),
(27, '4-1100', 'Pendapatan Administrasi', 'Pendapatan', 'Kredit', 0.00, '2025-04-10 07:54:20', NULL),
(28, '4-1200', 'Pendapatan Provisi', 'Pendapatan', 'Kredit', 0.00, '2025-04-10 07:54:20', NULL),
(29, '4-1300', 'Pendapatan Denda', 'Pendapatan', 'Kredit', 0.00, '2025-04-10 07:54:20', NULL),
(30, '4-1400', 'Pendapatan Lain-lain', 'Pendapatan', 'Kredit', 0.00, '2025-04-10 07:54:20', NULL),
(31, '5-1000', 'Beban Gaji Karyawan', 'Beban', 'Debit', 0.00, '2025-04-10 07:54:20', NULL),
(32, '5-1100', 'Beban Insentif Pengurus', 'Beban', 'Debit', 0.00, '2025-04-10 07:54:20', NULL),
(33, '5-1200', 'Beban Listrik dan Air', 'Beban', 'Debit', 0.00, '2025-04-10 07:54:20', NULL),
(34, '5-1300', 'Beban Telepon dan Internet', 'Beban', 'Debit', 0.00, '2025-04-10 07:54:20', NULL),
(35, '5-1400', 'Beban ATK', 'Beban', 'Debit', 0.00, '2025-04-10 07:54:20', NULL),
(36, '5-1500', 'Beban Penyusutan Inventaris', 'Beban', 'Debit', 0.00, '2025-04-10 07:54:20', NULL),
(37, '5-1600', 'Beban Penyusutan Gedung', 'Beban', 'Debit', 0.00, '2025-04-10 07:54:20', NULL),
(38, '5-1700', 'Beban Bunga Bank', 'Beban', 'Debit', 0.00, '2025-04-10 07:54:20', NULL),
(39, '5-1800', 'Beban Operasional Lainnya', 'Beban', 'Debit', 0.00, '2025-04-10 07:54:20', NULL),
(40, '5-1900', 'Beban Non-Operasional', 'Beban', 'Debit', 0.00, '2025-04-10 07:54:20', NULL);

-- --------------------------------------------------------

--
-- Struktur dari tabel `akun_keuangan`
--

CREATE TABLE `akun_keuangan` (
  `id_akun` int(11) NOT NULL,
  `kode_akun` varchar(20) NOT NULL,
  `nama_akun` varchar(255) NOT NULL,
  `jenis` enum('aktiva','pasiva','pendapatan','biaya') NOT NULL DEFAULT 'aktiva',
  `created_at` datetime DEFAULT NULL,
  `updated_at` datetime DEFAULT NULL
) ENGINE=InnoDB DEFAULT CHARSET=utf8mb4 COLLATE=utf8mb4_general_ci;

-- --------------------------------------------------------

--
-- Struktur dari tabel `anggota`
--

CREATE TABLE `anggota` (
  `id_anggota` int(11) UNSIGNED NOT NULL,
  `no_ba` varchar(50) NOT NULL,
  `nama` varchar(100) NOT NULL,
  `nik` varchar(16) NOT NULL,
  `dusun` enum('Sapon','Jekeling','Gerjen','Tubin','Senden','Karang','Kwarakan','Diran','Geden','Bekelan','Sedan','Jurug','Ledok','Gentan','Pleret','Tuksono','Kelompok','Luar') NOT NULL,
  `alamat` text NOT NULL,
  `pekerjaan` varchar(100) NOT NULL,
  `tgl_lahir` date NOT NULL,
  `nama_pasangan` varchar(100) DEFAULT NULL,
  `status` enum('aktif','nonaktif') NOT NULL DEFAULT 'aktif',
  `created_at` datetime DEFAULT NULL,
  `updated_at` datetime DEFAULT NULL
) ENGINE=InnoDB DEFAULT CHARSET=utf8mb4 COLLATE=utf8mb4_general_ci;

--
-- Dumping data untuk tabel `anggota`
--

INSERT INTO `anggota` (`id_anggota`, `no_ba`, `nama`, `nik`, `dusun`, `alamat`, `pekerjaan`, `tgl_lahir`, `nama_pasangan`, `status`, `created_at`, `updated_at`) VALUES
(3, '001', 'Andi Saputra', '1234567890123456', 'Sapon', 'Jl. Merdeka No. 1', 'Petani', '1990-05-10', 'Siti Aisyah', 'aktif', '2025-03-20 00:13:49', '2025-03-20 00:13:49'),
(4, '002', 'Budi Santoso', '2345678901234567', 'Jekeling', 'Jl. Pahlawan No. 2', 'Wiraswasta', '1985-08-15', 'Rina Kusuma', 'aktif', '2025-03-20 00:13:49', '2025-03-20 00:13:49');

-- --------------------------------------------------------

--
-- Struktur dari tabel `angsuran`
--

CREATE TABLE `angsuran` (
  `id_angsuran` int(11) UNSIGNED NOT NULL,
  `id_pinjaman` int(11) UNSIGNED NOT NULL,
  `tanggal_angsuran` date NOT NULL,
  `bunga` decimal(5,2) NOT NULL DEFAULT 5.00,
  `jumlah_angsuran` decimal(10,2) NOT NULL,
  `sisa_pinjaman` decimal(10,2) NOT NULL,
  `status` enum('belum lunas','lunas') NOT NULL DEFAULT 'belum lunas',
  `created_at` datetime DEFAULT NULL,
  `updated_at` datetime DEFAULT NULL
) ENGINE=InnoDB DEFAULT CHARSET=utf8mb4 COLLATE=utf8mb4_general_ci;

--
-- Dumping data untuk tabel `angsuran`
--

INSERT INTO `angsuran` (`id_angsuran`, `id_pinjaman`, `tanggal_angsuran`, `bunga`, `jumlah_angsuran`, `sisa_pinjaman`, `status`, `created_at`, `updated_at`) VALUES
(17, 9, '2025-03-20', 2.00, 100000.00, 900000.00, 'belum lunas', '2025-03-20 15:25:59', '2025-03-20 15:25:59'),
(18, 9, '2025-03-20', 2.00, 100000.00, 800000.00, 'belum lunas', '2025-03-20 15:28:29', '2025-03-20 15:28:29'),
(20, 9, '2025-03-20', 2.00, 100000.00, 700000.00, 'belum lunas', '2025-03-20 16:03:02', '2025-03-20 16:03:02'),
(21, 9, '2025-03-20', 2.00, 100000.00, 600000.00, 'belum lunas', '2025-03-20 16:16:07', '2025-03-20 16:16:07'),
(22, 10, '2025-03-21', 2.00, 100000.00, 900000.00, 'belum lunas', '2025-03-21 07:11:44', '2025-03-21 07:11:44');

-- --------------------------------------------------------

--
-- Struktur dari tabel `buku_besar`
--

CREATE TABLE `buku_besar` (
  `id` int(11) NOT NULL,
  `tanggal` date NOT NULL,
  `id_akun` int(11) NOT NULL,
  `id_jurnal` int(11) DEFAULT NULL,
  `keterangan` text DEFAULT NULL,
  `debit` decimal(15,2) NOT NULL DEFAULT 0.00,
  `kredit` decimal(15,2) NOT NULL DEFAULT 0.00,
  `saldo` decimal(15,2) NOT NULL DEFAULT 0.00,
  `created_at` timestamp NULL DEFAULT current_timestamp(),
  `updated_at` timestamp NULL DEFAULT NULL ON UPDATE current_timestamp()
) ENGINE=InnoDB DEFAULT CHARSET=utf8mb4 COLLATE=utf8mb4_general_ci;

--
-- Dumping data untuk tabel `buku_besar`
--

INSERT INTO `buku_besar` (`id`, `tanggal`, `id_akun`, `id_jurnal`, `keterangan`, `debit`, `kredit`, `saldo`, `created_at`, `updated_at`) VALUES
(1281, '2025-01-28', 1, 65, 'akum penyusutan investasi komputer', 200000.00, 0.00, 200000.00, '2025-04-10 01:43:49', '2025-04-10 01:43:49'),
(1282, '2025-01-28', 9, 65, 'akum penyusutan investasi komputer', 0.00, 200000.00, -200000.00, '2025-04-10 01:43:49', '2025-04-10 01:43:49'),
(1283, '2025-01-28', 1, 66, 'akum.penyust barang invest mebeler', 150000.00, 0.00, 350000.00, '2025-04-10 01:43:49', '2025-04-10 01:43:49'),
(1284, '2025-01-28', 9, 66, 'akum.penyust barang invest mebeler', 0.00, 150000.00, -350000.00, '2025-04-10 01:43:49', '2025-04-10 01:43:49'),
(1285, '2025-01-28', 1, 67, 'akum.penyusutan inventaris gedung', 500000.00, 0.00, 850000.00, '2025-04-10 01:43:49', '2025-04-10 01:43:49'),
(1286, '2025-01-28', 11, 67, 'akum.penyusutan inventaris gedung', 0.00, 500000.00, -500000.00, '2025-04-10 01:43:49', '2025-04-10 01:43:49'),
(1287, '2025-01-28', 1, 68, 'angsuran pinjaman', 150596000.00, 0.00, 151446000.00, '2025-04-10 01:43:49', '2025-04-10 01:43:49'),
(1288, '2025-01-28', 3, 68, 'angsuran pinjaman', 0.00, 150596000.00, -150596000.00, '2025-04-10 01:43:49', '2025-04-10 01:43:49'),
(1289, '2025-01-28', 1, 69, 'cap(cad. aktiva prodoktif)', 500000.00, 0.00, 151946000.00, '2025-04-10 01:43:49', '2025-04-10 01:43:49'),
(1290, '2025-01-28', 15, 69, 'cap(cad. aktiva prodoktif)', 0.00, 500000.00, -500000.00, '2025-04-10 01:43:49', '2025-04-10 01:43:49'),
(1291, '2025-01-28', 1, 70, 'denda', 350000.00, 0.00, 152296000.00, '2025-04-10 01:43:49', '2025-04-10 01:43:49'),
(1292, '2025-01-28', 29, 70, 'denda', 0.00, 350000.00, -350000.00, '2025-04-10 01:43:49', '2025-04-10 01:43:49'),
(1293, '2025-01-28', 1, 71, 'fe (anggota keluar)', 30000.00, 0.00, 152326000.00, '2025-04-10 01:43:49', '2025-04-10 01:43:49'),
(1294, '2025-01-28', 30, 71, 'fe (anggota keluar)', 0.00, 30000.00, -30000.00, '2025-04-10 01:43:49', '2025-04-10 01:43:49'),
(1295, '2025-01-28', 1, 72, 'fe% (profisi) 1%', 2150000.00, 0.00, 154476000.00, '2025-04-10 01:43:49', '2025-04-10 01:43:49'),
(1296, '2025-01-28', 28, 72, 'fe% (profisi) 1%', 0.00, 2150000.00, -2150000.00, '2025-04-10 01:43:49', '2025-04-10 01:43:49'),
(1297, '2025-01-28', 1, 73, 'jasa piutang', 31103700.00, 0.00, 185579700.00, '2025-04-10 01:43:49', '2025-04-10 01:43:49'),
(1298, '2025-01-28', 27, 73, 'jasa piutang', 0.00, 31103700.00, -31103700.00, '2025-04-10 01:43:49', '2025-04-10 01:43:49'),
(1299, '2025-01-28', 1, 74, 'penyisihan data rat', 1200000.00, 0.00, 186779700.00, '2025-04-10 01:43:49', '2025-04-10 01:43:49'),
(1300, '2025-01-28', 16, 74, 'penyisihan data rat', 0.00, 1200000.00, -1200000.00, '2025-04-10 01:43:49', '2025-04-10 01:43:49'),
(1301, '2025-01-28', 1, 75, 'penyisihan pemilihan pengurus', 250000.00, 0.00, 187029700.00, '2025-04-10 01:43:49', '2025-04-10 01:43:49'),
(1302, '2025-01-28', 16, 75, 'penyisihan pemilihan pengurus', 0.00, 250000.00, -1450000.00, '2025-04-10 01:43:49', '2025-04-10 01:43:49'),
(1303, '2025-01-28', 1, 76, 'pinjaman dari bpd', 200000000.00, 0.00, 387029700.00, '2025-04-10 01:43:49', '2025-04-10 01:43:49'),
(1304, '2025-01-28', 16, 76, 'pinjaman dari bpd', 0.00, 200000000.00, -201450000.00, '2025-04-10 01:43:49', '2025-04-10 01:43:49'),
(1305, '2025-01-28', 1, 77, 're (resiko) 0,5%', 1075000.00, 0.00, 388104700.00, '2025-04-10 01:43:49', '2025-04-10 01:43:49'),
(1306, '2025-01-28', 15, 77, 're (resiko) 0,5%', 0.00, 1075000.00, -1575000.00, '2025-04-10 01:43:49', '2025-04-10 01:43:49'),
(1307, '2025-01-28', 1, 78, 's jasa non saham', 2222000.00, 0.00, 390326700.00, '2025-04-10 01:43:49', '2025-04-10 01:43:49'),
(1308, '2025-01-28', 14, 78, 's jasa non saham', 0.00, 2222000.00, -2222000.00, '2025-04-10 01:43:49', '2025-04-10 01:43:49'),
(1309, '2025-01-28', 1, 79, 's non saham', 4000000.00, 0.00, 394326700.00, '2025-04-10 01:43:49', '2025-04-10 01:43:49'),
(1310, '2025-01-28', 14, 79, 's non saham', 0.00, 4000000.00, -6222000.00, '2025-04-10 01:43:49', '2025-04-10 01:43:49'),
(1311, '2025-01-28', 1, 80, 'SP', 40000.00, 0.00, 394366700.00, '2025-04-10 01:43:49', '2025-04-10 01:43:49'),
(1312, '2025-01-28', 13, 80, 'SP', 0.00, 40000.00, -40000.00, '2025-04-10 01:43:49', '2025-04-10 01:43:49'),
(1313, '2025-01-28', 1, 81, 'SS', 45816450.00, 0.00, 440183150.00, '2025-04-10 01:43:49', '2025-04-10 01:43:49'),
(1314, '2025-01-28', 14, 81, 'SS', 0.00, 45816450.00, -52038450.00, '2025-04-10 01:43:49', '2025-04-10 01:43:49'),
(1315, '2025-01-28', 1, 82, 'SW', 2000000.00, 0.00, 442183150.00, '2025-04-10 01:43:49', '2025-04-10 01:43:49'),
(1316, '2025-01-28', 14, 82, 'SW', 0.00, 2000000.00, -54038450.00, '2025-04-10 01:43:49', '2025-04-10 01:43:49'),
(1317, '2025-01-28', 1, 83, 'swp', 5375000.00, 0.00, 447558150.00, '2025-04-10 01:43:49', '2025-04-10 01:43:49'),
(1318, '2025-01-28', 14, 83, 'swp', 0.00, 5375000.00, -59413450.00, '2025-04-10 01:43:49', '2025-04-10 01:43:49'),
(1319, '2025-01-28', 1, 84, 'tarik dari bank', 100000000.00, 0.00, 547558150.00, '2025-04-10 01:43:49', '2025-04-10 01:43:49'),
(1320, '2025-01-28', 2, 84, 'tarik dari bank', 0.00, 100000000.00, -100000000.00, '2025-04-10 01:43:49', '2025-04-10 01:43:49'),
(1321, '2025-01-28', 1, 85, 'titip dana kesejahteraan', 2500000.00, 0.00, 550058150.00, '2025-04-10 01:43:49', '2025-04-10 01:43:49'),
(1322, '2025-01-28', 19, 85, 'titip dana kesejahteraan', 0.00, 2500000.00, -2500000.00, '2025-04-10 01:43:49', '2025-04-10 01:43:49'),
(1323, '2025-01-28', 1, 86, 'titipan tunj pesangon karyawan', 300000.00, 0.00, 550358150.00, '2025-04-10 01:43:49', '2025-04-10 01:43:49'),
(1324, '2025-01-28', 21, 86, 'titipan tunj pesangon karyawan', 0.00, 300000.00, -300000.00, '2025-04-10 01:43:49', '2025-04-10 01:43:49'),
(1325, '2025-01-28', 1, 87, 'uang pangkal', 40000.00, 0.00, 550398150.00, '2025-04-10 01:43:49', '2025-04-10 01:43:49'),
(1326, '2025-01-28', 13, 87, 'uang pangkal', 0.00, 40000.00, -80000.00, '2025-04-10 01:43:49', '2025-04-10 01:43:49'),
(1327, '2025-01-28', 16, 88, 'angsuran pinjaman ke bpd', 20233385.00, 0.00, -181216615.00, '2025-04-10 01:43:49', '2025-04-10 01:43:49'),
(1328, '2025-01-28', 1, 88, 'angsuran pinjaman ke bpd', 0.00, 20233385.00, 530164765.00, '2025-04-10 01:43:49', '2025-04-10 01:43:49'),
(1329, '2025-01-28', 34, 89, 'by administrasi/pajak bank', 660000.00, 0.00, 660000.00, '2025-04-10 01:43:49', '2025-04-10 01:43:49'),
(1330, '2025-01-28', 1, 89, 'by administrasi/pajak bank', 0.00, 660000.00, 529504765.00, '2025-04-10 01:43:49', '2025-04-10 01:43:49'),
(1331, '2025-01-28', 39, 90, 'by bensin', 60000.00, 0.00, 60000.00, '2025-04-10 01:43:49', '2025-04-10 01:43:49'),
(1332, '2025-01-28', 1, 90, 'by bensin', 0.00, 60000.00, 529444765.00, '2025-04-10 01:43:49', '2025-04-10 01:43:49'),
(1333, '2025-01-28', 31, 91, 'by BPJS', 2022214.00, 0.00, 2022214.00, '2025-04-10 01:43:49', '2025-04-10 01:43:49'),
(1334, '2025-01-28', 1, 91, 'by BPJS', 0.00, 2022214.00, 527422551.00, '2025-04-10 01:43:49', '2025-04-10 01:43:49'),
(1335, '2025-01-28', 38, 92, 'by bunga hutang bank', 135155.00, 0.00, 135155.00, '2025-04-10 01:43:49', '2025-04-10 01:43:49'),
(1336, '2025-01-28', 1, 92, 'by bunga hutang bank', 0.00, 135155.00, 527287396.00, '2025-04-10 01:43:49', '2025-04-10 01:43:49'),
(1337, '2025-01-28', 31, 93, 'by gaji karyawan', 12044722.00, 0.00, 14066936.00, '2025-04-10 01:43:49', '2025-04-10 01:43:49'),
(1338, '2025-01-28', 1, 93, 'by gaji karyawan', 0.00, 12044722.00, 515242674.00, '2025-04-10 01:43:49', '2025-04-10 01:43:49'),
(1339, '2025-01-28', 32, 94, 'by insentip pengurus dan pengawas', 3200000.00, 0.00, 3200000.00, '2025-04-10 01:43:49', '2025-04-10 01:43:49'),
(1340, '2025-01-28', 1, 94, 'by insentip pengurus dan pengawas', 0.00, 3200000.00, 512042674.00, '2025-04-10 01:43:49', '2025-04-10 01:43:49'),
(1341, '2025-01-28', 39, 95, 'by IPTW', 390000.00, 0.00, 450000.00, '2025-04-10 01:43:49', '2025-04-10 01:43:49'),
(1342, '2025-01-28', 1, 95, 'by IPTW', 0.00, 390000.00, 511652674.00, '2025-04-10 01:43:49', '2025-04-10 01:43:49'),
(1343, '2025-01-28', 39, 96, 'by koordinator', 445000.00, 0.00, 895000.00, '2025-04-10 01:43:49', '2025-04-10 01:43:49'),
(1344, '2025-01-28', 1, 96, 'by koordinator', 0.00, 445000.00, 511207674.00, '2025-04-10 01:43:49', '2025-04-10 01:43:49'),
(1345, '2025-01-28', 31, 97, 'by lembur', 375000.00, 0.00, 14441936.00, '2025-04-10 01:43:49', '2025-04-10 01:43:49'),
(1346, '2025-01-28', 1, 97, 'by lembur', 0.00, 375000.00, 510832674.00, '2025-04-10 01:43:49', '2025-04-10 01:43:49'),
(1347, '2025-01-28', 39, 98, 'by minum', 250000.00, 0.00, 1145000.00, '2025-04-10 01:43:49', '2025-04-10 01:43:49'),
(1348, '2025-01-28', 1, 98, 'by minum', 0.00, 250000.00, 510582674.00, '2025-04-10 01:43:49', '2025-04-10 01:43:49'),
(1349, '2025-01-28', 39, 99, 'by non saham', 2222000.00, 0.00, 3367000.00, '2025-04-10 01:43:49', '2025-04-10 01:43:49'),
(1350, '2025-01-28', 1, 99, 'by non saham', 0.00, 2222000.00, 508360674.00, '2025-04-10 01:43:49', '2025-04-10 01:43:49'),
(1351, '2025-01-28', 39, 100, 'by organisasi', 303000.00, 0.00, 3670000.00, '2025-04-10 01:43:49', '2025-04-10 01:43:49'),
(1352, '2025-01-28', 1, 100, 'by organisasi', 0.00, 303000.00, 508057674.00, '2025-04-10 01:43:49', '2025-04-10 01:43:49'),
(1353, '2025-01-28', 33, 101, 'by pajak listrik', 175000.00, 0.00, 175000.00, '2025-04-10 01:43:49', '2025-04-10 01:43:49'),
(1354, '2025-01-28', 1, 101, 'by pajak listrik', 0.00, 175000.00, 507882674.00, '2025-04-10 01:43:49', '2025-04-10 01:43:49'),
(1355, '2025-01-28', 33, 102, 'by pajak wifi', 150000.00, 0.00, 325000.00, '2025-04-10 01:43:49', '2025-04-10 01:43:49'),
(1356, '2025-01-28', 1, 102, 'by pajak wifi', 0.00, 150000.00, 507732674.00, '2025-04-10 01:43:49', '2025-04-10 01:43:49'),
(1357, '2025-01-28', 39, 103, 'by pemilihan pengawas/pengurus', 250000.00, 0.00, 3920000.00, '2025-04-10 01:43:49', '2025-04-10 01:43:49'),
(1358, '2025-01-28', 1, 103, 'by pemilihan pengawas/pengurus', 0.00, 250000.00, 507482674.00, '2025-04-10 01:43:49', '2025-04-10 01:43:49'),
(1359, '2025-01-28', 31, 104, 'by penjaga/kebersihan', 850000.00, 0.00, 15291936.00, '2025-04-10 01:43:49', '2025-04-10 01:43:49'),
(1360, '2025-01-28', 1, 104, 'by penjaga/kebersihan', 0.00, 850000.00, 506632674.00, '2025-04-10 01:43:49', '2025-04-10 01:43:49'),
(1361, '2025-01-28', 16, 105, 'by penyish dana rat', 1200000.00, 0.00, -180016615.00, '2025-04-10 01:43:49', '2025-04-10 01:43:49'),
(1362, '2025-01-28', 1, 105, 'by penyish dana rat', 0.00, 1200000.00, 505432674.00, '2025-04-10 01:43:49', '2025-04-10 01:43:49'),
(1363, '2025-01-28', 36, 106, 'by penyust komputer', 200000.00, 0.00, 200000.00, '2025-04-10 01:43:49', '2025-04-10 01:43:49'),
(1364, '2025-01-28', 1, 106, 'by penyust komputer', 0.00, 200000.00, 505232674.00, '2025-04-10 01:43:49', '2025-04-10 01:43:49'),
(1365, '2025-01-28', 37, 107, 'by penyusutan bangunan', 500000.00, 0.00, 500000.00, '2025-04-10 01:43:49', '2025-04-10 01:43:49'),
(1366, '2025-01-28', 1, 107, 'by penyusutan bangunan', 0.00, 500000.00, 504732674.00, '2025-04-10 01:43:49', '2025-04-10 01:43:49'),
(1367, '2025-01-28', 36, 108, 'by penyusutan inventaris mebeler', 150000.00, 0.00, 350000.00, '2025-04-10 01:43:49', '2025-04-10 01:43:49'),
(1368, '2025-01-28', 1, 108, 'by penyusutan inventaris mebeler', 0.00, 150000.00, 504582674.00, '2025-04-10 01:43:49', '2025-04-10 01:43:49'),
(1369, '2025-01-28', 31, 109, 'by tunjangan anak', 233331.00, 0.00, 15525267.00, '2025-04-10 01:43:49', '2025-04-10 01:43:49'),
(1370, '2025-01-28', 1, 109, 'by tunjangan anak', 0.00, 233331.00, 504349343.00, '2025-04-10 01:43:49', '2025-04-10 01:43:49'),
(1371, '2025-01-28', 31, 110, 'by tunjangan istri', 646094.00, 0.00, 16171361.00, '2025-04-10 01:43:49', '2025-04-10 01:43:49'),
(1372, '2025-01-28', 1, 110, 'by tunjangan istri', 0.00, 646094.00, 503703249.00, '2025-04-10 01:43:49', '2025-04-10 01:43:49'),
(1373, '2025-01-28', 34, 111, 'by. administrasi', 152500.00, 0.00, 812500.00, '2025-04-10 01:43:49', '2025-04-10 01:43:49'),
(1374, '2025-01-28', 1, 111, 'by. administrasi', 0.00, 152500.00, 503550749.00, '2025-04-10 01:43:49', '2025-04-10 01:43:49'),
(1375, '2025-01-28', 15, 112, 'cap(cad aktiva produktif)', 500000.00, 0.00, -1075000.00, '2025-04-10 01:43:49', '2025-04-10 01:43:49'),
(1376, '2025-01-28', 1, 112, 'cap(cad aktiva produktif)', 0.00, 500000.00, 503050749.00, '2025-04-10 01:43:49', '2025-04-10 01:43:49'),
(1377, '2025-01-28', 19, 113, 'penyish dana kesejahteraan', 2500000.00, 0.00, 0.00, '2025-04-10 01:43:49', '2025-04-10 01:43:49'),
(1378, '2025-01-28', 1, 113, 'penyish dana kesejahteraan', 0.00, 2500000.00, 500550749.00, '2025-04-10 01:43:49', '2025-04-10 01:43:49'),
(1379, '2025-01-28', 21, 114, 'penyish tunj pengsiun karyawan', 300000.00, 0.00, 0.00, '2025-04-10 01:43:49', '2025-04-10 01:43:49'),
(1380, '2025-01-28', 1, 114, 'penyish tunj pengsiun karyawan', 0.00, 300000.00, 500250749.00, '2025-04-10 01:43:49', '2025-04-10 01:43:49'),
(1381, '2025-01-28', 3, 115, 'pinjaman anggota', 215000000.00, 0.00, 64404000.00, '2025-04-10 01:43:49', '2025-04-10 01:43:49'),
(1382, '2025-01-28', 1, 115, 'pinjaman anggota', 0.00, 215000000.00, 285250749.00, '2025-04-10 01:43:49', '2025-04-10 01:43:49'),
(1383, '2025-01-28', 2, 116, 'simpanan di bank', 199340000.00, 0.00, 99340000.00, '2025-04-10 01:43:49', '2025-04-10 01:43:49'),
(1384, '2025-01-28', 1, 116, 'simpanan di bank', 0.00, 199340000.00, 85910749.00, '2025-04-10 01:43:49', '2025-04-10 01:43:49'),
(1385, '2025-01-28', 21, 117, 'tarik dana karyawan', 6300000.00, 0.00, 6300000.00, '2025-04-10 01:43:49', '2025-04-10 01:43:49'),
(1386, '2025-01-28', 1, 117, 'tarik dana karyawan', 0.00, 6300000.00, 79610749.00, '2025-04-10 01:43:49', '2025-04-10 01:43:49'),
(1387, '2025-01-28', 19, 118, 'tarik dana kesejahteraan', 22000000.00, 0.00, 22000000.00, '2025-04-10 01:43:49', '2025-04-10 01:43:49'),
(1388, '2025-01-28', 1, 118, 'tarik dana kesejahteraan', 0.00, 22000000.00, 57610749.00, '2025-04-10 01:43:49', '2025-04-10 01:43:49'),
(1389, '2025-01-28', 20, 119, 'tarik dana pengurus', 12500000.00, 0.00, 12500000.00, '2025-04-10 01:43:49', '2025-04-10 01:43:49'),
(1390, '2025-01-28', 1, 119, 'tarik dana pengurus', 0.00, 12500000.00, 45110749.00, '2025-04-10 01:43:49', '2025-04-10 01:43:49'),
(1391, '2025-01-28', 18, 120, 'tarik dana sosial', 50000.00, 0.00, 50000.00, '2025-04-10 01:43:49', '2025-04-10 01:43:49'),
(1392, '2025-01-28', 1, 120, 'tarik dana sosial', 0.00, 50000.00, 45060749.00, '2025-04-10 01:43:49', '2025-04-10 01:43:49'),
(1393, '2025-01-28', 14, 121, 'tarik jasa simpanan non saham', 1600000.00, 0.00, -57813450.00, '2025-04-10 01:43:49', '2025-04-10 01:43:49'),
(1394, '2025-01-28', 1, 121, 'tarik jasa simpanan non saham', 0.00, 1600000.00, 43460749.00, '2025-04-10 01:43:49', '2025-04-10 01:43:49'),
(1395, '2025-01-28', 23, 122, 'tarik shu', 2213800.00, 0.00, 2213800.00, '2025-04-10 01:43:49', '2025-04-10 01:43:49'),
(1396, '2025-01-28', 1, 122, 'tarik shu', 0.00, 2213800.00, 41246949.00, '2025-04-10 01:43:49', '2025-04-10 01:43:49'),
(1397, '2025-01-28', 14, 123, 'tarik simp non saham', 9000000.00, 0.00, -48813450.00, '2025-04-10 01:43:49', '2025-04-10 01:43:49'),
(1398, '2025-01-28', 1, 123, 'tarik simp non saham', 0.00, 9000000.00, 32246949.00, '2025-04-10 01:43:49', '2025-04-10 01:43:49'),
(1399, '2025-01-28', 13, 124, 'tarik sp', 30000.00, 0.00, -50000.00, '2025-04-10 01:43:49', '2025-04-10 01:43:49'),
(1400, '2025-01-28', 1, 124, 'tarik sp', 0.00, 30000.00, 32216949.00, '2025-04-10 01:43:49', '2025-04-10 01:43:49'),
(1401, '2025-01-28', 14, 125, 'tarik ss', 56823300.00, 0.00, 8009850.00, '2025-04-10 01:43:49', '2025-04-10 01:43:49'),
(1402, '2025-01-28', 1, 125, 'tarik ss', 0.00, 56823300.00, -24606351.00, '2025-04-10 01:43:49', '2025-04-10 01:43:49'),
(1403, '2025-01-28', 14, 126, 'tarik sw', 491550.00, 0.00, 8501400.00, '2025-04-10 01:43:49', '2025-04-10 01:43:49'),
(1404, '2025-01-28', 1, 126, 'tarik sw', 0.00, 491550.00, -25097901.00, '2025-04-10 01:43:49', '2025-04-10 01:43:49'),
(1405, '2025-01-28', 14, 127, 'tarik swp', 940000.00, 0.00, 9441400.00, '2025-04-10 01:43:49', '2025-04-10 01:43:49'),
(1406, '2025-01-28', 1, 127, 'tarik swp', 0.00, 940000.00, -26037901.00, '2025-04-10 01:43:49', '2025-04-10 01:43:49'),
(1407, '2025-01-28', 16, 128, 'tarik titiapn dana rat', 11125000.00, 0.00, -168891615.00, '2025-04-10 01:43:49', '2025-04-10 01:43:49'),
(1408, '2025-01-28', 1, 128, 'tarik titiapn dana rat', 0.00, 11125000.00, -37162901.00, '2025-04-10 01:43:49', '2025-04-10 01:43:49'),
(1409, '2025-01-31', 1, 1, 'akum penyusutan investasi komputer', 400000.00, 0.00, -36762901.00, '2025-04-10 01:43:49', '2025-04-10 01:43:49'),
(1410, '2025-01-31', 9, 1, 'akum penyusutan investasi komputer', 0.00, 400000.00, -750000.00, '2025-04-10 01:43:49', '2025-04-10 01:43:49'),
(1411, '2025-01-31', 1, 2, 'akum.penyust barang invest mebeler', 300000.00, 0.00, -36462901.00, '2025-04-10 01:43:49', '2025-04-10 01:43:49'),
(1412, '2025-01-31', 9, 2, 'akum.penyust barang invest mebeler', 0.00, 300000.00, -1050000.00, '2025-04-10 01:43:49', '2025-04-10 01:43:49'),
(1413, '2025-01-31', 1, 3, 'akum.penyusutan inventaris gedung', 1000000.00, 0.00, -35462901.00, '2025-04-10 01:43:49', '2025-04-10 01:43:49'),
(1414, '2025-01-31', 11, 3, 'akum.penyusutan inventaris gedung', 0.00, 1000000.00, -1500000.00, '2025-04-10 01:43:49', '2025-04-10 01:43:49'),
(1415, '2025-01-31', 1, 4, 'angsuran pinjaman', 301192000.00, 0.00, 265729099.00, '2025-04-10 01:43:49', '2025-04-10 01:43:49'),
(1416, '2025-01-31', 3, 4, 'angsuran pinjaman', 0.00, 301192000.00, -236788000.00, '2025-04-10 01:43:49', '2025-04-10 01:43:49'),
(1417, '2025-01-31', 1, 5, 'cap(cad. aktiva prodoktif)', 1000000.00, 0.00, 266729099.00, '2025-04-10 01:43:49', '2025-04-10 01:43:49'),
(1418, '2025-01-31', 15, 5, 'cap(cad. aktiva prodoktif)', 0.00, 1000000.00, -2075000.00, '2025-04-10 01:43:49', '2025-04-10 01:43:49'),
(1419, '2025-01-31', 1, 6, 'denda', 700000.00, 0.00, 267429099.00, '2025-04-10 01:43:49', '2025-04-10 01:43:49'),
(1420, '2025-01-31', 29, 6, 'denda', 0.00, 700000.00, -1050000.00, '2025-04-10 01:43:49', '2025-04-10 01:43:49'),
(1421, '2025-01-31', 1, 7, 'fe (anggota keluar)', 60000.00, 0.00, 267489099.00, '2025-04-10 01:43:49', '2025-04-10 01:43:49'),
(1422, '2025-01-31', 30, 7, 'fe (anggota keluar)', 0.00, 60000.00, -90000.00, '2025-04-10 01:43:49', '2025-04-10 01:43:49'),
(1423, '2025-01-31', 1, 8, 'fe% (profisi) 1%', 4300000.00, 0.00, 271789099.00, '2025-04-10 01:43:49', '2025-04-10 01:43:49'),
(1424, '2025-01-31', 28, 8, 'fe% (profisi) 1%', 0.00, 4300000.00, -6450000.00, '2025-04-10 01:43:49', '2025-04-10 01:43:49'),
(1425, '2025-01-31', 1, 9, 'jasa piutang', 62207400.00, 0.00, 333996499.00, '2025-04-10 01:43:49', '2025-04-10 01:43:49'),
(1426, '2025-01-31', 27, 9, 'jasa piutang', 0.00, 62207400.00, -93311100.00, '2025-04-10 01:43:49', '2025-04-10 01:43:49'),
(1427, '2025-01-31', 1, 10, 'penyisihan data rat', 2400000.00, 0.00, 336396499.00, '2025-04-10 01:43:49', '2025-04-10 01:43:49'),
(1428, '2025-01-31', 16, 10, 'penyisihan data rat', 0.00, 2400000.00, -171291615.00, '2025-04-10 01:43:49', '2025-04-10 01:43:49'),
(1429, '2025-01-31', 1, 11, 'penyisihan pemilihan pengurus', 500000.00, 0.00, 336896499.00, '2025-04-10 01:43:49', '2025-04-10 01:43:49'),
(1430, '2025-01-31', 16, 11, 'penyisihan pemilihan pengurus', 0.00, 500000.00, -171791615.00, '2025-04-10 01:43:49', '2025-04-10 01:43:49'),
(1431, '2025-01-31', 1, 12, 'pinjaman dari bpd', 400000000.00, 0.00, 736896499.00, '2025-04-10 01:43:49', '2025-04-10 01:43:49'),
(1432, '2025-01-31', 16, 12, 'pinjaman dari bpd', 0.00, 400000000.00, -571791615.00, '2025-04-10 01:43:49', '2025-04-10 01:43:49'),
(1433, '2025-01-31', 1, 13, 're (resiko) 0,5%', 2150000.00, 0.00, 739046499.00, '2025-04-10 01:43:49', '2025-04-10 01:43:49'),
(1434, '2025-01-31', 15, 13, 're (resiko) 0,5%', 0.00, 2150000.00, -4225000.00, '2025-04-10 01:43:49', '2025-04-10 01:43:49'),
(1435, '2025-01-31', 1, 14, 's jasa non saham', 4444000.00, 0.00, 743490499.00, '2025-04-10 01:43:49', '2025-04-10 01:43:49'),
(1436, '2025-01-31', 14, 14, 's jasa non saham', 0.00, 4444000.00, 4997400.00, '2025-04-10 01:43:49', '2025-04-10 01:43:49'),
(1437, '2025-01-31', 1, 15, 's non saham', 8000000.00, 0.00, 751490499.00, '2025-04-10 01:43:49', '2025-04-10 01:43:49'),
(1438, '2025-01-31', 14, 15, 's non saham', 0.00, 8000000.00, -3002600.00, '2025-04-10 01:43:49', '2025-04-10 01:43:49'),
(1439, '2025-01-31', 1, 16, 'SP', 80000.00, 0.00, 751570499.00, '2025-04-10 01:43:49', '2025-04-10 01:43:49'),
(1440, '2025-01-31', 13, 16, 'SP', 0.00, 80000.00, -130000.00, '2025-04-10 01:43:49', '2025-04-10 01:43:49'),
(1441, '2025-01-31', 1, 17, 'SS', 91632900.00, 0.00, 843203399.00, '2025-04-10 01:43:49', '2025-04-10 01:43:49'),
(1442, '2025-01-31', 14, 17, 'SS', 0.00, 91632900.00, -94635500.00, '2025-04-10 01:43:49', '2025-04-10 01:43:49'),
(1443, '2025-01-31', 1, 18, 'SW', 4000000.00, 0.00, 847203399.00, '2025-04-10 01:43:49', '2025-04-10 01:43:49'),
(1444, '2025-01-31', 14, 18, 'SW', 0.00, 4000000.00, -98635500.00, '2025-04-10 01:43:49', '2025-04-10 01:43:49'),
(1445, '2025-01-31', 1, 19, 'swp', 10750000.00, 0.00, 857953399.00, '2025-04-10 01:43:49', '2025-04-10 01:43:49'),
(1446, '2025-01-31', 14, 19, 'swp', 0.00, 10750000.00, -109385500.00, '2025-04-10 01:43:49', '2025-04-10 01:43:49'),
(1447, '2025-01-31', 1, 20, 'tarik dari bank', 200000000.00, 0.00, 1057953399.00, '2025-04-10 01:43:49', '2025-04-10 01:43:49'),
(1448, '2025-01-31', 2, 20, 'tarik dari bank', 0.00, 200000000.00, -100660000.00, '2025-04-10 01:43:49', '2025-04-10 01:43:49'),
(1449, '2025-01-31', 1, 21, 'titip dana kesejahteraan', 5000000.00, 0.00, 1062953399.00, '2025-04-10 01:43:49', '2025-04-10 01:43:49'),
(1450, '2025-01-31', 19, 21, 'titip dana kesejahteraan', 0.00, 5000000.00, 17000000.00, '2025-04-10 01:43:49', '2025-04-10 01:43:49'),
(1451, '2025-01-31', 1, 22, 'titipan tunj pesangon karyawan', 600000.00, 0.00, 1063553399.00, '2025-04-10 01:43:49', '2025-04-10 01:43:49'),
(1452, '2025-01-31', 21, 22, 'titipan tunj pesangon karyawan', 0.00, 600000.00, 5700000.00, '2025-04-10 01:43:49', '2025-04-10 01:43:49'),
(1453, '2025-01-31', 1, 23, 'uang pangkal', 80000.00, 0.00, 1063633399.00, '2025-04-10 01:43:49', '2025-04-10 01:43:49'),
(1454, '2025-01-31', 13, 23, 'uang pangkal', 0.00, 80000.00, -210000.00, '2025-04-10 01:43:49', '2025-04-10 01:43:49'),
(1455, '2025-01-31', 16, 24, 'angsuran pinjaman ke bpd', 40466770.00, 0.00, -531324845.00, '2025-04-10 01:43:49', '2025-04-10 01:43:49'),
(1456, '2025-01-31', 1, 24, 'angsuran pinjaman ke bpd', 0.00, 40466770.00, 1023166629.00, '2025-04-10 01:43:49', '2025-04-10 01:43:49'),
(1457, '2025-01-31', 34, 25, 'by administrasi/pajak bank', 1320000.00, 0.00, 2132500.00, '2025-04-10 01:43:49', '2025-04-10 01:43:49'),
(1458, '2025-01-31', 1, 25, 'by administrasi/pajak bank', 0.00, 1320000.00, 1021846629.00, '2025-04-10 01:43:49', '2025-04-10 01:43:49'),
(1459, '2025-01-31', 39, 26, 'by bensin', 120000.00, 0.00, 4040000.00, '2025-04-10 01:43:49', '2025-04-10 01:43:49'),
(1460, '2025-01-31', 1, 26, 'by bensin', 0.00, 120000.00, 1021726629.00, '2025-04-10 01:43:49', '2025-04-10 01:43:49'),
(1461, '2025-01-31', 31, 27, 'by BPJS', 4044428.00, 0.00, 20215789.00, '2025-04-10 01:43:49', '2025-04-10 01:43:49'),
(1462, '2025-01-31', 1, 27, 'by BPJS', 0.00, 4044428.00, 1017682201.00, '2025-04-10 01:43:49', '2025-04-10 01:43:49'),
(1463, '2025-01-31', 38, 28, 'by bunga hutang bank', 270310.00, 0.00, 405465.00, '2025-04-10 01:43:49', '2025-04-10 01:43:49'),
(1464, '2025-01-31', 1, 28, 'by bunga hutang bank', 0.00, 270310.00, 1017411891.00, '2025-04-10 01:43:49', '2025-04-10 01:43:49'),
(1465, '2025-01-31', 31, 29, 'by gaji karyawan', 24089444.00, 0.00, 44305233.00, '2025-04-10 01:43:49', '2025-04-10 01:43:49'),
(1466, '2025-01-31', 1, 29, 'by gaji karyawan', 0.00, 24089444.00, 993322447.00, '2025-04-10 01:43:49', '2025-04-10 01:43:49'),
(1467, '2025-01-31', 32, 30, 'by insentip pengurus dan pengawas', 6400000.00, 0.00, 9600000.00, '2025-04-10 01:43:49', '2025-04-10 01:43:49'),
(1468, '2025-01-31', 1, 30, 'by insentip pengurus dan pengawas', 0.00, 6400000.00, 986922447.00, '2025-04-10 01:43:49', '2025-04-10 01:43:49'),
(1469, '2025-01-31', 39, 31, 'by IPTW', 780000.00, 0.00, 4820000.00, '2025-04-10 01:43:49', '2025-04-10 01:43:49'),
(1470, '2025-01-31', 1, 31, 'by IPTW', 0.00, 780000.00, 986142447.00, '2025-04-10 01:43:49', '2025-04-10 01:43:49'),
(1471, '2025-01-31', 39, 32, 'by koordinator', 890000.00, 0.00, 5710000.00, '2025-04-10 01:43:49', '2025-04-10 01:43:49'),
(1472, '2025-01-31', 1, 32, 'by koordinator', 0.00, 890000.00, 985252447.00, '2025-04-10 01:43:49', '2025-04-10 01:43:49'),
(1473, '2025-01-31', 31, 33, 'by lembur', 750000.00, 0.00, 45055233.00, '2025-04-10 01:43:49', '2025-04-10 01:43:49'),
(1474, '2025-01-31', 1, 33, 'by lembur', 0.00, 750000.00, 984502447.00, '2025-04-10 01:43:49', '2025-04-10 01:43:49'),
(1475, '2025-01-31', 39, 34, 'by minum', 500000.00, 0.00, 6210000.00, '2025-04-10 01:43:49', '2025-04-10 01:43:49'),
(1476, '2025-01-31', 1, 34, 'by minum', 0.00, 500000.00, 984002447.00, '2025-04-10 01:43:49', '2025-04-10 01:43:49'),
(1477, '2025-01-31', 39, 35, 'by non saham', 4444000.00, 0.00, 10654000.00, '2025-04-10 01:43:49', '2025-04-10 01:43:49'),
(1478, '2025-01-31', 1, 35, 'by non saham', 0.00, 4444000.00, 979558447.00, '2025-04-10 01:43:49', '2025-04-10 01:43:49'),
(1479, '2025-01-31', 39, 36, 'by organisasi', 606000.00, 0.00, 11260000.00, '2025-04-10 01:43:49', '2025-04-10 01:43:49'),
(1480, '2025-01-31', 1, 36, 'by organisasi', 0.00, 606000.00, 978952447.00, '2025-04-10 01:43:49', '2025-04-10 01:43:49'),
(1481, '2025-01-31', 33, 37, 'by pajak listrik', 350000.00, 0.00, 675000.00, '2025-04-10 01:43:49', '2025-04-10 01:43:49'),
(1482, '2025-01-31', 1, 37, 'by pajak listrik', 0.00, 350000.00, 978602447.00, '2025-04-10 01:43:49', '2025-04-10 01:43:49'),
(1483, '2025-01-31', 33, 38, 'by pajak wifi', 300000.00, 0.00, 975000.00, '2025-04-10 01:43:49', '2025-04-10 01:43:49'),
(1484, '2025-01-31', 1, 38, 'by pajak wifi', 0.00, 300000.00, 978302447.00, '2025-04-10 01:43:49', '2025-04-10 01:43:49'),
(1485, '2025-01-31', 39, 39, 'by pemilihan pengawas/pengurus', 500000.00, 0.00, 11760000.00, '2025-04-10 01:43:49', '2025-04-10 01:43:49'),
(1486, '2025-01-31', 1, 39, 'by pemilihan pengawas/pengurus', 0.00, 500000.00, 977802447.00, '2025-04-10 01:43:49', '2025-04-10 01:43:49'),
(1487, '2025-01-31', 31, 40, 'by penjaga/kebersihan', 1700000.00, 0.00, 46755233.00, '2025-04-10 01:43:49', '2025-04-10 01:43:49'),
(1488, '2025-01-31', 1, 40, 'by penjaga/kebersihan', 0.00, 1700000.00, 976102447.00, '2025-04-10 01:43:49', '2025-04-10 01:43:49'),
(1489, '2025-01-31', 16, 41, 'by penyish dana rat', 2400000.00, 0.00, -528924845.00, '2025-04-10 01:43:49', '2025-04-10 01:43:49'),
(1490, '2025-01-31', 1, 41, 'by penyish dana rat', 0.00, 2400000.00, 973702447.00, '2025-04-10 01:43:49', '2025-04-10 01:43:49'),
(1491, '2025-01-31', 36, 42, 'by penyust komputer', 400000.00, 0.00, 750000.00, '2025-04-10 01:43:49', '2025-04-10 01:43:49'),
(1492, '2025-01-31', 1, 42, 'by penyust komputer', 0.00, 400000.00, 973302447.00, '2025-04-10 01:43:49', '2025-04-10 01:43:49'),
(1493, '2025-01-31', 37, 43, 'by penyusutan bangunan', 1000000.00, 0.00, 1500000.00, '2025-04-10 01:43:49', '2025-04-10 01:43:49'),
(1494, '2025-01-31', 1, 43, 'by penyusutan bangunan', 0.00, 1000000.00, 972302447.00, '2025-04-10 01:43:49', '2025-04-10 01:43:49'),
(1495, '2025-01-31', 36, 44, 'by penyusutan inventaris mebeler', 300000.00, 0.00, 1050000.00, '2025-04-10 01:43:49', '2025-04-10 01:43:49'),
(1496, '2025-01-31', 1, 44, 'by penyusutan inventaris mebeler', 0.00, 300000.00, 972002447.00, '2025-04-10 01:43:49', '2025-04-10 01:43:49'),
(1497, '2025-01-31', 31, 45, 'by tunjangan anak', 466662.00, 0.00, 47221895.00, '2025-04-10 01:43:49', '2025-04-10 01:43:49'),
(1498, '2025-01-31', 1, 45, 'by tunjangan anak', 0.00, 466662.00, 971535785.00, '2025-04-10 01:43:49', '2025-04-10 01:43:49'),
(1499, '2025-01-31', 31, 46, 'by tunjangan istri', 1292188.00, 0.00, 48514083.00, '2025-04-10 01:43:49', '2025-04-10 01:43:49'),
(1500, '2025-01-31', 1, 46, 'by tunjangan istri', 0.00, 1292188.00, 970243597.00, '2025-04-10 01:43:49', '2025-04-10 01:43:49'),
(1501, '2025-01-31', 34, 47, 'by. administrasi', 305000.00, 0.00, 2437500.00, '2025-04-10 01:43:49', '2025-04-10 01:43:49'),
(1502, '2025-01-31', 1, 47, 'by. administrasi', 0.00, 305000.00, 969938597.00, '2025-04-10 01:43:49', '2025-04-10 01:43:49'),
(1503, '2025-01-31', 15, 48, 'cap(cad aktiva produktif)', 1000000.00, 0.00, -3225000.00, '2025-04-10 01:43:49', '2025-04-10 01:43:49'),
(1504, '2025-01-31', 1, 48, 'cap(cad aktiva produktif)', 0.00, 1000000.00, 968938597.00, '2025-04-10 01:43:49', '2025-04-10 01:43:49'),
(1505, '2025-01-31', 19, 49, 'penyish dana kesejahteraan', 5000000.00, 0.00, 22000000.00, '2025-04-10 01:43:49', '2025-04-10 01:43:49'),
(1506, '2025-01-31', 1, 49, 'penyish dana kesejahteraan', 0.00, 5000000.00, 963938597.00, '2025-04-10 01:43:49', '2025-04-10 01:43:49'),
(1507, '2025-01-31', 21, 50, 'penyish tunj pengsiun karyawan', 600000.00, 0.00, 6300000.00, '2025-04-10 01:43:49', '2025-04-10 01:43:49'),
(1508, '2025-01-31', 1, 50, 'penyish tunj pengsiun karyawan', 0.00, 600000.00, 963338597.00, '2025-04-10 01:43:49', '2025-04-10 01:43:49'),
(1509, '2025-01-31', 3, 51, 'pinjaman anggota', 430000000.00, 0.00, 193212000.00, '2025-04-10 01:43:49', '2025-04-10 01:43:49'),
(1510, '2025-01-31', 1, 51, 'pinjaman anggota', 0.00, 430000000.00, 533338597.00, '2025-04-10 01:43:49', '2025-04-10 01:43:49'),
(1511, '2025-01-31', 2, 52, 'simpanan di bank', 398680000.00, 0.00, 298020000.00, '2025-04-10 01:43:49', '2025-04-10 01:43:49'),
(1512, '2025-01-31', 1, 52, 'simpanan di bank', 0.00, 398680000.00, 134658597.00, '2025-04-10 01:43:49', '2025-04-10 01:43:49'),
(1513, '2025-01-31', 21, 53, 'tarik dana karyawan', 12600000.00, 0.00, 18900000.00, '2025-04-10 01:43:49', '2025-04-10 01:43:49'),
(1514, '2025-01-31', 1, 53, 'tarik dana karyawan', 0.00, 12600000.00, 122058597.00, '2025-04-10 01:43:49', '2025-04-10 01:43:49'),
(1515, '2025-01-31', 19, 54, 'tarik dana kesejahteraan', 44000000.00, 0.00, 66000000.00, '2025-04-10 01:43:49', '2025-04-10 01:43:49'),
(1516, '2025-01-31', 1, 54, 'tarik dana kesejahteraan', 0.00, 44000000.00, 78058597.00, '2025-04-10 01:43:49', '2025-04-10 01:43:49'),
(1517, '2025-01-31', 20, 55, 'tarik dana pengurus', 25000000.00, 0.00, 37500000.00, '2025-04-10 01:43:49', '2025-04-10 01:43:49'),
(1518, '2025-01-31', 1, 55, 'tarik dana pengurus', 0.00, 25000000.00, 53058597.00, '2025-04-10 01:43:49', '2025-04-10 01:43:49'),
(1519, '2025-01-31', 18, 56, 'tarik dana sosial', 100000.00, 0.00, 150000.00, '2025-04-10 01:43:49', '2025-04-10 01:43:49'),
(1520, '2025-01-31', 1, 56, 'tarik dana sosial', 0.00, 100000.00, 52958597.00, '2025-04-10 01:43:49', '2025-04-10 01:43:49'),
(1521, '2025-01-31', 14, 57, 'tarik jasa simpanan non saham', 3200000.00, 0.00, -106185500.00, '2025-04-10 01:43:49', '2025-04-10 01:43:49'),
(1522, '2025-01-31', 1, 57, 'tarik jasa simpanan non saham', 0.00, 3200000.00, 49758597.00, '2025-04-10 01:43:49', '2025-04-10 01:43:49'),
(1523, '2025-01-31', 23, 58, 'tarik shu', 4427600.00, 0.00, 6641400.00, '2025-04-10 01:43:49', '2025-04-10 01:43:49'),
(1524, '2025-01-31', 1, 58, 'tarik shu', 0.00, 4427600.00, 45330997.00, '2025-04-10 01:43:49', '2025-04-10 01:43:49'),
(1525, '2025-01-31', 14, 59, 'tarik simp non saham', 18000000.00, 0.00, -88185500.00, '2025-04-10 01:43:49', '2025-04-10 01:43:49'),
(1526, '2025-01-31', 1, 59, 'tarik simp non saham', 0.00, 18000000.00, 27330997.00, '2025-04-10 01:43:49', '2025-04-10 01:43:49'),
(1527, '2025-01-31', 13, 60, 'tarik sp', 60000.00, 0.00, -150000.00, '2025-04-10 01:43:49', '2025-04-10 01:43:49'),
(1528, '2025-01-31', 1, 60, 'tarik sp', 0.00, 60000.00, 27270997.00, '2025-04-10 01:43:49', '2025-04-10 01:43:49'),
(1529, '2025-01-31', 14, 61, 'tarik ss', 113646600.00, 0.00, 25461100.00, '2025-04-10 01:43:49', '2025-04-10 01:43:49'),
(1530, '2025-01-31', 1, 61, 'tarik ss', 0.00, 113646600.00, -86375603.00, '2025-04-10 01:43:49', '2025-04-10 01:43:49'),
(1531, '2025-01-31', 14, 62, 'tarik sw', 983100.00, 0.00, 26444200.00, '2025-04-10 01:43:49', '2025-04-10 01:43:49'),
(1532, '2025-01-31', 1, 62, 'tarik sw', 0.00, 983100.00, -87358703.00, '2025-04-10 01:43:49', '2025-04-10 01:43:49'),
(1533, '2025-01-31', 14, 63, 'tarik swp', 1880000.00, 0.00, 28324200.00, '2025-04-10 01:43:49', '2025-04-10 01:43:49'),
(1534, '2025-01-31', 1, 63, 'tarik swp', 0.00, 1880000.00, -89238703.00, '2025-04-10 01:43:49', '2025-04-10 01:43:49'),
(1535, '2025-01-31', 16, 64, 'tarik titiapn dana rat', 22250000.00, 0.00, -506674845.00, '2025-04-10 01:43:49', '2025-04-10 01:43:49'),
(1536, '2025-01-31', 1, 64, 'tarik titiapn dana rat', 0.00, 22250000.00, -111488703.00, '2025-04-10 01:43:49', '2025-04-10 01:43:49');

-- --------------------------------------------------------

--
-- Struktur dari tabel `detail_neraca`
--

CREATE TABLE `detail_neraca` (
  `id_detail` int(11) UNSIGNED NOT NULL,
  `id_neraca_awal` int(11) UNSIGNED NOT NULL,
  `id_kategori` int(11) UNSIGNED NOT NULL,
  `uraian` varchar(255) NOT NULL,
  `nilai` decimal(15,2) NOT NULL DEFAULT 0.00,
  `created_at` datetime DEFAULT NULL,
  `updated_at` datetime DEFAULT NULL
) ENGINE=InnoDB DEFAULT CHARSET=utf8mb4 COLLATE=utf8mb4_general_ci;

-- --------------------------------------------------------

--
-- Struktur dari tabel `jenis_simpanan`
--

CREATE TABLE `jenis_simpanan` (
  `id_jenis_simpanan` int(11) UNSIGNED NOT NULL,
  `nama_simpanan` varchar(50) NOT NULL,
  `created_at` datetime DEFAULT NULL,
  `updated_at` datetime DEFAULT NULL
) ENGINE=InnoDB DEFAULT CHARSET=utf8mb4 COLLATE=utf8mb4_general_ci;

--
-- Dumping data untuk tabel `jenis_simpanan`
--

INSERT INTO `jenis_simpanan` (`id_jenis_simpanan`, `nama_simpanan`, `created_at`, `updated_at`) VALUES
(1, 'Simpanan Wajib', '2025-03-19 03:46:11', '2025-03-19 03:46:11'),
(2, 'Simpanan Wajib Penyertaan', '2025-03-19 03:46:11', '2025-03-19 03:46:11'),
(3, 'Simpanan Sukarela', '2025-03-19 03:46:11', '2025-03-19 03:46:11'),
(4, 'Simpanan Pokok', '2025-03-19 03:46:11', '2025-03-19 03:46:11');

-- --------------------------------------------------------

--
-- Struktur dari tabel `jurnal_kas`
--

CREATE TABLE `jurnal_kas` (
  `id` int(11) UNSIGNED NOT NULL,
  `tanggal` date NOT NULL,
  `uraian` varchar(255) NOT NULL,
  `kategori` enum('DUM','DUK') NOT NULL,
  `jumlah` decimal(15,2) NOT NULL
) ENGINE=InnoDB DEFAULT CHARSET=utf8mb4 COLLATE=utf8mb4_general_ci;

--
-- Dumping data untuk tabel `jurnal_kas`
--

INSERT INTO `jurnal_kas` (`id`, `tanggal`, `uraian`, `kategori`, `jumlah`) VALUES
(1, '2025-01-31', 'akum penyusutan investasi komputer', 'DUM', 400000.00),
(2, '2025-01-31', 'akum.penyust barang invest mebeler', 'DUM', 300000.00),
(3, '2025-01-31', 'akum.penyusutan inventaris gedung', 'DUM', 1000000.00),
(4, '2025-01-31', 'angsuran pinjaman', 'DUM', 301192000.00),
(5, '2025-01-31', 'cap(cad. aktiva prodoktif)', 'DUM', 1000000.00),
(6, '2025-01-31', 'denda', 'DUM', 700000.00),
(7, '2025-01-31', 'fe (anggota keluar)', 'DUM', 60000.00),
(8, '2025-01-31', 'fe% (profisi) 1%', 'DUM', 4300000.00),
(9, '2025-01-31', 'jasa piutang', 'DUM', 62207400.00),
(10, '2025-01-31', 'penyisihan data rat', 'DUM', 2400000.00),
(11, '2025-01-31', 'penyisihan pemilihan pengurus', 'DUM', 500000.00),
(12, '2025-01-31', 'pinjaman dari bpd', 'DUM', 400000000.00),
(13, '2025-01-31', 're (resiko) 0,5%', 'DUM', 2150000.00),
(14, '2025-01-31', 's jasa non saham', 'DUM', 4444000.00),
(15, '2025-01-31', 's non saham', 'DUM', 8000000.00),
(16, '2025-01-31', 'SP', 'DUM', 80000.00),
(17, '2025-01-31', 'SS', 'DUM', 91632900.00),
(18, '2025-01-31', 'SW', 'DUM', 4000000.00),
(19, '2025-01-31', 'swp', 'DUM', 10750000.00),
(20, '2025-01-31', 'tarik dari bank', 'DUM', 200000000.00),
(21, '2025-01-31', 'titip dana kesejahteraan', 'DUM', 5000000.00),
(22, '2025-01-31', 'titipan tunj pesangon karyawan', 'DUM', 600000.00),
(23, '2025-01-31', 'uang pangkal', 'DUM', 80000.00),
(24, '2025-01-31', 'angsuran pinjaman ke bpd', 'DUK', 40466770.00),
(25, '2025-01-31', 'by administrasi/pajak bank', 'DUK', 1320000.00),
(26, '2025-01-31', 'by bensin', 'DUK', 120000.00),
(27, '2025-01-31', 'by BPJS', 'DUK', 4044428.00),
(28, '2025-01-31', 'by bunga hutang bank', 'DUK', 270310.00),
(29, '2025-01-31', 'by gaji karyawan', 'DUK', 24089444.00),
(30, '2025-01-31', 'by insentip pengurus dan pengawas', 'DUK', 6400000.00),
(31, '2025-01-31', 'by IPTW', 'DUK', 780000.00),
(32, '2025-01-31', 'by koordinator', 'DUK', 890000.00),
(33, '2025-01-31', 'by lembur', 'DUK', 750000.00),
(34, '2025-01-31', 'by minum', 'DUK', 500000.00),
(35, '2025-01-31', 'by non saham', 'DUK', 4444000.00),
(36, '2025-01-31', 'by organisasi', 'DUK', 606000.00),
(37, '2025-01-31', 'by pajak listrik', 'DUK', 350000.00),
(38, '2025-01-31', 'by pajak wifi', 'DUK', 300000.00),
(39, '2025-01-31', 'by pemilihan pengawas/pengurus', 'DUK', 500000.00),
(40, '2025-01-31', 'by penjaga/kebersihan', 'DUK', 1700000.00),
(41, '2025-01-31', 'by penyish dana rat', 'DUK', 2400000.00),
(42, '2025-01-31', 'by penyust komputer', 'DUK', 400000.00),
(43, '2025-01-31', 'by penyusutan bangunan', 'DUK', 1000000.00),
(44, '2025-01-31', 'by penyusutan inventaris mebeler', 'DUK', 300000.00),
(45, '2025-01-31', 'by tunjangan anak', 'DUK', 466662.00),
(46, '2025-01-31', 'by tunjangan istri', 'DUK', 1292188.00),
(47, '2025-01-31', 'by. administrasi', 'DUK', 305000.00),
(48, '2025-01-31', 'cap(cad aktiva produktif)', 'DUK', 1000000.00),
(49, '2025-01-31', 'penyish dana kesejahteraan', 'DUK', 5000000.00),
(50, '2025-01-31', 'penyish tunj pengsiun karyawan', 'DUK', 600000.00),
(51, '2025-01-31', 'pinjaman anggota', 'DUK', 430000000.00),
(52, '2025-01-31', 'simpanan di bank', 'DUK', 398680000.00),
(53, '2025-01-31', 'tarik dana karyawan', 'DUK', 12600000.00),
(54, '2025-01-31', 'tarik dana kesejahteraan', 'DUK', 44000000.00),
(55, '2025-01-31', 'tarik dana pengurus', 'DUK', 25000000.00),
(56, '2025-01-31', 'tarik dana sosial', 'DUK', 100000.00),
(57, '2025-01-31', 'tarik jasa simpanan non saham', 'DUK', 3200000.00),
(58, '2025-01-31', 'tarik shu', 'DUK', 4427600.00),
(59, '2025-01-31', 'tarik simp non saham', 'DUK', 18000000.00),
(60, '2025-01-31', 'tarik sp', 'DUK', 60000.00),
(61, '2025-01-31', 'tarik ss', 'DUK', 113646600.00),
(62, '2025-01-31', 'tarik sw', 'DUK', 983100.00),
(63, '2025-01-31', 'tarik swp', 'DUK', 1880000.00),
(64, '2025-01-31', 'tarik titiapn dana rat', 'DUK', 22250000.00),
(65, '2025-01-28', 'akum penyusutan investasi komputer', 'DUM', 200000.00),
(66, '2025-01-28', 'akum.penyust barang invest mebeler', 'DUM', 150000.00),
(67, '2025-01-28', 'akum.penyusutan inventaris gedung', 'DUM', 500000.00),
(68, '2025-01-28', 'angsuran pinjaman', 'DUM', 150596000.00),
(69, '2025-01-28', 'cap(cad. aktiva prodoktif)', 'DUM', 500000.00),
(70, '2025-01-28', 'denda', 'DUM', 350000.00),
(71, '2025-01-28', 'fe (anggota keluar)', 'DUM', 30000.00),
(72, '2025-01-28', 'fe% (profisi) 1%', 'DUM', 2150000.00),
(73, '2025-01-28', 'jasa piutang', 'DUM', 31103700.00),
(74, '2025-01-28', 'penyisihan data rat', 'DUM', 1200000.00),
(75, '2025-01-28', 'penyisihan pemilihan pengurus', 'DUM', 250000.00),
(76, '2025-01-28', 'pinjaman dari bpd', 'DUM', 200000000.00),
(77, '2025-01-28', 're (resiko) 0,5%', 'DUM', 1075000.00),
(78, '2025-01-28', 's jasa non saham', 'DUM', 2222000.00),
(79, '2025-01-28', 's non saham', 'DUM', 4000000.00),
(80, '2025-01-28', 'SP', 'DUM', 40000.00),
(81, '2025-01-28', 'SS', 'DUM', 45816450.00),
(82, '2025-01-28', 'SW', 'DUM', 2000000.00),
(83, '2025-01-28', 'swp', 'DUM', 5375000.00),
(84, '2025-01-28', 'tarik dari bank', 'DUM', 100000000.00),
(85, '2025-01-28', 'titip dana kesejahteraan', 'DUM', 2500000.00),
(86, '2025-01-28', 'titipan tunj pesangon karyawan', 'DUM', 300000.00),
(87, '2025-01-28', 'uang pangkal', 'DUM', 40000.00),
(88, '2025-01-28', 'angsuran pinjaman ke bpd', 'DUK', 20233385.00),
(89, '2025-01-28', 'by administrasi/pajak bank', 'DUK', 660000.00),
(90, '2025-01-28', 'by bensin', 'DUK', 60000.00),
(91, '2025-01-28', 'by BPJS', 'DUK', 2022214.00),
(92, '2025-01-28', 'by bunga hutang bank', 'DUK', 135155.00),
(93, '2025-01-28', 'by gaji karyawan', 'DUK', 12044722.00),
(94, '2025-01-28', 'by insentip pengurus dan pengawas', 'DUK', 3200000.00),
(95, '2025-01-28', 'by IPTW', 'DUK', 390000.00),
(96, '2025-01-28', 'by koordinator', 'DUK', 445000.00),
(97, '2025-01-28', 'by lembur', 'DUK', 375000.00),
(98, '2025-01-28', 'by minum', 'DUK', 250000.00),
(99, '2025-01-28', 'by non saham', 'DUK', 2222000.00),
(100, '2025-01-28', 'by organisasi', 'DUK', 303000.00),
(101, '2025-01-28', 'by pajak listrik', 'DUK', 175000.00),
(102, '2025-01-28', 'by pajak wifi', 'DUK', 150000.00),
(103, '2025-01-28', 'by pemilihan pengawas/pengurus', 'DUK', 250000.00),
(104, '2025-01-28', 'by penjaga/kebersihan', 'DUK', 850000.00),
(105, '2025-01-28', 'by penyish dana rat', 'DUK', 1200000.00),
(106, '2025-01-28', 'by penyust komputer', 'DUK', 200000.00),
(107, '2025-01-28', 'by penyusutan bangunan', 'DUK', 500000.00),
(108, '2025-01-28', 'by penyusutan inventaris mebeler', 'DUK', 150000.00),
(109, '2025-01-28', 'by tunjangan anak', 'DUK', 233331.00),
(110, '2025-01-28', 'by tunjangan istri', 'DUK', 646094.00),
(111, '2025-01-28', 'by. administrasi', 'DUK', 152500.00),
(112, '2025-01-28', 'cap(cad aktiva produktif)', 'DUK', 500000.00),
(113, '2025-01-28', 'penyish dana kesejahteraan', 'DUK', 2500000.00),
(114, '2025-01-28', 'penyish tunj pengsiun karyawan', 'DUK', 300000.00),
(115, '2025-01-28', 'pinjaman anggota', 'DUK', 215000000.00),
(116, '2025-01-28', 'simpanan di bank', 'DUK', 199340000.00),
(117, '2025-01-28', 'tarik dana karyawan', 'DUK', 6300000.00),
(118, '2025-01-28', 'tarik dana kesejahteraan', 'DUK', 22000000.00),
(119, '2025-01-28', 'tarik dana pengurus', 'DUK', 12500000.00),
(120, '2025-01-28', 'tarik dana sosial', 'DUK', 50000.00),
(121, '2025-01-28', 'tarik jasa simpanan non saham', 'DUK', 1600000.00),
(122, '2025-01-28', 'tarik shu', 'DUK', 2213800.00),
(123, '2025-01-28', 'tarik simp non saham', 'DUK', 9000000.00),
(124, '2025-01-28', 'tarik sp', 'DUK', 30000.00),
(125, '2025-01-28', 'tarik ss', 'DUK', 56823300.00),
(126, '2025-01-28', 'tarik sw', 'DUK', 491550.00),
(127, '2025-01-28', 'tarik swp', 'DUK', 940000.00),
(128, '2025-01-28', 'tarik titiapn dana rat', 'DUK', 11125000.00),
(129, '2026-02-28', 'akum penyusutan investasi komputer', 'DUM', 200000.00),
(130, '2026-02-28', 'akum.penyust barang invest mebeler', 'DUM', 150000.00),
(131, '2026-02-28', 'akum.penyusutan inventaris gedung', 'DUM', 500000.00),
(132, '2026-02-28', 'angsuran pinjaman', 'DUM', 150596000.00),
(133, '2026-02-28', 'cap(cad. aktiva prodoktif)', 'DUM', 500000.00),
(134, '2026-02-28', 'denda', 'DUM', 350000.00),
(135, '2026-02-28', 'fe (anggota keluar)', 'DUM', 30000.00),
(136, '2026-02-28', 'fe% (profisi) 1%', 'DUM', 2150000.00),
(137, '2026-02-28', 'jasa piutang', 'DUM', 31103700.00),
(138, '2026-02-28', 'penyisihan data rat', 'DUM', 1200000.00),
(139, '2026-02-28', 'penyisihan pemilihan pengurus', 'DUM', 250000.00),
(140, '2026-02-28', 'pinjaman dari bpd', 'DUM', 200000000.00),
(141, '2026-02-28', 're (resiko) 0,5%', 'DUM', 1075000.00),
(142, '2026-02-28', 's jasa non saham', 'DUM', 2222000.00),
(143, '2026-02-28', 's non saham', 'DUM', 4000000.00),
(144, '2026-02-28', 'SP', 'DUM', 40000.00),
(145, '2026-02-28', 'SS', 'DUM', 45816450.00),
(146, '2026-02-28', 'SW', 'DUM', 2000000.00),
(147, '2026-02-28', 'swp', 'DUM', 5375000.00),
(148, '2026-02-28', 'tarik dari bank', 'DUM', 100000000.00),
(149, '2026-02-28', 'titip dana kesejahteraan', 'DUM', 2500000.00),
(150, '2026-02-28', 'titipan tunj pesangon karyawan', 'DUM', 300000.00),
(151, '2026-02-28', 'uang pangkal', 'DUM', 40000.00),
(152, '2026-02-28', 'angsuran pinjaman ke bpd', 'DUK', 20233385.00),
(153, '2026-02-28', 'by administrasi/pajak bank', 'DUK', 660000.00),
(154, '2026-02-28', 'by bensin', 'DUK', 60000.00),
(155, '2026-02-28', 'by BPJS', 'DUK', 2022214.00),
(156, '2026-02-28', 'by bunga hutang bank', 'DUK', 135155.00),
(157, '2026-02-28', 'by gaji karyawan', 'DUK', 12044722.00),
(158, '2026-02-28', 'by insentip pengurus dan pengawas', 'DUK', 3200000.00),
(159, '2026-02-28', 'by IPTW', 'DUK', 390000.00),
(160, '2026-02-28', 'by koordinator', 'DUK', 445000.00),
(161, '2026-02-28', 'by lembur', 'DUK', 375000.00),
(162, '2026-02-28', 'by minum', 'DUK', 250000.00),
(163, '2026-02-28', 'by non saham', 'DUK', 2222000.00),
(164, '2026-02-28', 'by organisasi', 'DUK', 303000.00),
(165, '2026-02-28', 'by pajak listrik', 'DUK', 175000.00),
(166, '2026-02-28', 'by pajak wifi', 'DUK', 150000.00),
(167, '2026-02-28', 'by pemilihan pengawas/pengurus', 'DUK', 250000.00),
(168, '2026-02-28', 'by penjaga/kebersihan', 'DUK', 850000.00),
(169, '2026-02-28', 'by penyish dana rat', 'DUK', 1200000.00),
(170, '2026-02-28', 'by penyust komputer', 'DUK', 200000.00),
(171, '2026-02-28', 'by penyusutan bangunan', 'DUK', 500000.00),
(172, '2026-02-28', 'by penyusutan inventaris mebeler', 'DUK', 150000.00),
(173, '2026-02-28', 'by tunjangan anak', 'DUK', 233331.00),
(174, '2026-02-28', 'by tunjangan istri', 'DUK', 646094.00),
(175, '2026-02-28', 'by. administrasi', 'DUK', 152500.00),
(176, '2026-02-28', 'cap(cad aktiva produktif)', 'DUK', 500000.00),
(177, '2026-02-28', 'penyish dana kesejahteraan', 'DUK', 2500000.00),
(178, '2026-02-28', 'penyish tunj pengsiun karyawan', 'DUK', 300000.00),
(179, '2026-02-28', 'pinjaman anggota', 'DUK', 215000000.00),
(180, '2026-02-28', 'simpanan di bank', 'DUK', 199340000.00),
(181, '2026-02-28', 'tarik dana karyawan', 'DUK', 6300000.00),
(182, '2026-02-28', 'tarik dana kesejahteraan', 'DUK', 22000000.00),
(183, '2026-02-28', 'tarik dana pengurus', 'DUK', 12500000.00),
(184, '2026-02-28', 'tarik dana sosial', 'DUK', 50000.00),
(185, '2026-02-28', 'tarik jasa simpanan non saham', 'DUK', 1600000.00),
(186, '2026-02-28', 'tarik shu', 'DUK', 2213800.00),
(187, '2026-02-28', 'tarik simp non saham', 'DUK', 9000000.00),
(188, '2026-02-28', 'tarik sp', 'DUK', 30000.00),
(189, '2026-02-28', 'tarik ss', 'DUK', 56823300.00),
(190, '2026-02-28', 'tarik sw', 'DUK', 491550.00),
(191, '2026-02-28', 'tarik swp', 'DUK', 940000.00),
(192, '2026-02-28', 'tarik titiapn dana rat', 'DUK', 11125000.00),
(193, '2026-03-31', 'akum penyusutan investasi komputer', 'DUM', 200000.00),
(194, '2026-03-31', 'akum.penyust barang invest mebeler', 'DUM', 150000.00),
(195, '2026-03-31', 'akum.penyusutan inventaris gedung', 'DUM', 500000.00),
(196, '2026-03-31', 'angsuran pinjaman', 'DUM', 150596000.00),
(197, '2026-03-31', 'cap(cad. aktiva prodoktif)', 'DUM', 500000.00),
(198, '2026-03-31', 'denda', 'DUM', 350000.00),
(199, '2026-03-31', 'fe (anggota keluar)', 'DUM', 30000.00),
(200, '2026-03-31', 'fe% (profisi) 1%', 'DUM', 2150000.00),
(201, '2026-03-31', 'jasa piutang', 'DUM', 31103700.00),
(202, '2026-03-31', 'penyisihan data rat', 'DUM', 1200000.00),
(203, '2026-03-31', 'penyisihan pemilihan pengurus', 'DUM', 250000.00),
(204, '2026-03-31', 'pinjaman dari bpd', 'DUM', 200000000.00),
(205, '2026-03-31', 're (resiko) 0,5%', 'DUM', 1075000.00),
(206, '2026-03-31', 's jasa non saham', 'DUM', 2222000.00),
(207, '2026-03-31', 's non saham', 'DUM', 4000000.00),
(208, '2026-03-31', 'SP', 'DUM', 40000.00),
(209, '2026-03-31', 'SS', 'DUM', 45816450.00),
(210, '2026-03-31', 'SW', 'DUM', 2000000.00),
(211, '2026-03-31', 'swp', 'DUM', 5375000.00),
(212, '2026-03-31', 'tarik dari bank', 'DUM', 100000000.00),
(213, '2026-03-31', 'titip dana kesejahteraan', 'DUM', 2500000.00),
(214, '2026-03-31', 'titipan tunj pesangon karyawan', 'DUM', 300000.00),
(215, '2026-03-31', 'uang pangkal', 'DUM', 40000.00),
(216, '2026-03-31', 'angsuran pinjaman ke bpd', 'DUK', 20233385.00),
(217, '2026-03-31', 'by administrasi/pajak bank', 'DUK', 660000.00),
(218, '2026-03-31', 'by bensin', 'DUK', 60000.00),
(219, '2026-03-31', 'by BPJS', 'DUK', 2022214.00),
(220, '2026-03-31', 'by bunga hutang bank', 'DUK', 135155.00),
(221, '2026-03-31', 'by gaji karyawan', 'DUK', 12044722.00),
(222, '2026-03-31', 'by insentip pengurus dan pengawas', 'DUK', 3200000.00),
(223, '2026-03-31', 'by IPTW', 'DUK', 390000.00),
(224, '2026-03-31', 'by koordinator', 'DUK', 445000.00),
(225, '2026-03-31', 'by lembur', 'DUK', 375000.00),
(226, '2026-03-31', 'by minum', 'DUK', 250000.00),
(227, '2026-03-31', 'by non saham', 'DUK', 2222000.00),
(228, '2026-03-31', 'by organisasi', 'DUK', 303000.00),
(229, '2026-03-31', 'by pajak listrik', 'DUK', 175000.00),
(230, '2026-03-31', 'by pajak wifi', 'DUK', 150000.00),
(231, '2026-03-31', 'by pemilihan pengawas/pengurus', 'DUK', 250000.00),
(232, '2026-03-31', 'by penjaga/kebersihan', 'DUK', 850000.00),
(233, '2026-03-31', 'by penyish dana rat', 'DUK', 1200000.00),
(234, '2026-03-31', 'by penyust komputer', 'DUK', 200000.00),
(235, '2026-03-31', 'by penyusutan bangunan', 'DUK', 500000.00),
(236, '2026-03-31', 'by penyusutan inventaris mebeler', 'DUK', 150000.00),
(237, '2026-03-31', 'by tunjangan anak', 'DUK', 233331.00),
(238, '2026-03-31', 'by tunjangan istri', 'DUK', 646094.00),
(239, '2026-03-31', 'by. administrasi', 'DUK', 152500.00),
(240, '2026-03-31', 'cap(cad aktiva produktif)', 'DUK', 500000.00),
(241, '2026-03-31', 'penyish dana kesejahteraan', 'DUK', 2500000.00),
(242, '2026-03-31', 'penyish tunj pengsiun karyawan', 'DUK', 300000.00),
(243, '2026-03-31', 'pinjaman anggota', 'DUK', 215000000.00),
(244, '2026-03-31', 'simpanan di bank', 'DUK', 199340000.00),
(245, '2026-03-31', 'tarik dana karyawan', 'DUK', 6300000.00),
(246, '2026-03-31', 'tarik dana kesejahteraan', 'DUK', 22000000.00),
(247, '2026-03-31', 'tarik dana pengurus', 'DUK', 12500000.00),
(248, '2026-03-31', 'tarik dana sosial', 'DUK', 50000.00),
(249, '2026-03-31', 'tarik jasa simpanan non saham', 'DUK', 1600000.00),
(250, '2026-03-31', 'tarik shu', 'DUK', 2213800.00),
(251, '2026-03-31', 'tarik simp non saham', 'DUK', 9000000.00),
(252, '2026-03-31', 'tarik sp', 'DUK', 30000.00),
(253, '2026-03-31', 'tarik ss', 'DUK', 56823300.00),
(254, '2026-03-31', 'tarik sw', 'DUK', 491550.00),
(255, '2026-03-31', 'tarik swp', 'DUK', 940000.00),
(256, '2026-03-31', 'tarik titiapn dana rat', 'DUK', 11125000.00);

-- --------------------------------------------------------

--
-- Struktur dari tabel `kategori_neraca`
--

CREATE TABLE `kategori_neraca` (
  `id_kategori` int(11) UNSIGNED NOT NULL,
  `nama_kategori` varchar(100) NOT NULL,
  `created_at` datetime DEFAULT NULL,
  `updated_at` datetime DEFAULT NULL
) ENGINE=InnoDB DEFAULT CHARSET=utf8mb4 COLLATE=utf8mb4_general_ci;

-- --------------------------------------------------------

--
-- Struktur dari tabel `keuangan_koperasi`
--

CREATE TABLE `keuangan_koperasi` (
  `id_keuangan` int(11) UNSIGNED NOT NULL,
  `id_anggota` int(11) UNSIGNED NOT NULL,
  `keterangan` varchar(255) NOT NULL,
  `jumlah` int(11) NOT NULL,
  `jenis` enum('penerimaan','pengeluaran') NOT NULL DEFAULT 'penerimaan',
  `tanggal` datetime DEFAULT NULL
) ENGINE=InnoDB DEFAULT CHARSET=utf8mb4 COLLATE=utf8mb4_general_ci;

-- --------------------------------------------------------

--
-- Struktur dari tabel `migrations`
--

CREATE TABLE `migrations` (
  `id` bigint(20) UNSIGNED NOT NULL,
  `version` varchar(255) NOT NULL,
  `class` varchar(255) NOT NULL,
  `group` varchar(255) NOT NULL,
  `namespace` varchar(255) NOT NULL,
  `time` int(11) NOT NULL,
  `batch` int(11) UNSIGNED NOT NULL
) ENGINE=InnoDB DEFAULT CHARSET=utf8mb4 COLLATE=utf8mb4_general_ci;

--
-- Dumping data untuk tabel `migrations`
--

INSERT INTO `migrations` (`id`, `version`, `class`, `group`, `namespace`, `time`, `batch`) VALUES
(1, '2025-03-19-023245', 'App\\Database\\Migrations\\Users', 'default', 'App', 1742355951, 1),
(2, '2025-03-19-023327', 'App\\Database\\Migrations\\Anggota', 'default', 'App', 1742355951, 1),
(3, '2025-03-19-023724', 'App\\Database\\Migrations\\JenisSimpanan', 'default', 'App', 1742355951, 1),
(4, '2025-03-19-030906', 'App\\Database\\Migrations\\TransaksiPinjaman', 'default', 'App', 1742355951, 1),
(5, '2025-03-19-030926', 'App\\Database\\Migrations\\TransaksiSimpanan', 'default', 'App', 1742355951, 1),
(6, '2025-03-19-030944', 'App\\Database\\Migrations\\KeuanganKoperasi', 'default', 'App', 1742355951, 1),
(7, '2025-03-19-031007', 'App\\Database\\Migrations\\Angsuran', 'default', 'App', 1742355951, 1),
(8, '2025-03-19-031023', 'App\\Database\\Migrations\\JurnalKas', 'default', 'App', 1742355951, 1),
(9, '2025-03-19-031035', 'App\\Database\\Migrations\\CreateNeracaTables', 'default', 'App', 1742355951, 1),
(10, '2025-03-23-143750', 'App\\Database\\Migrations\\BukuBesar', 'default', 'App', 1744251982, 2),
(11, '2025-03-24-080417', 'App\\Database\\Migrations\\AkunKeuangan', 'default', 'App', 1744251982, 2);

-- --------------------------------------------------------

--
-- Struktur dari tabel `neraca_awal`
--

CREATE TABLE `neraca_awal` (
  `id_neraca_awal` int(11) UNSIGNED NOT NULL,
  `bulan` tinyint(2) NOT NULL,
  `tahun` year(4) NOT NULL,
  `created_at` datetime DEFAULT NULL,
  `updated_at` datetime DEFAULT NULL
) ENGINE=InnoDB DEFAULT CHARSET=utf8mb4 COLLATE=utf8mb4_general_ci;

-- --------------------------------------------------------

--
-- Struktur dari tabel `pemetaan_akun`
--

CREATE TABLE `pemetaan_akun` (
  `id` int(11) NOT NULL,
  `kategori_jurnal` varchar(50) NOT NULL,
  `uraian_jurnal` varchar(255) NOT NULL,
  `id_akun_debit` int(11) DEFAULT NULL,
  `id_akun_kredit` int(11) DEFAULT NULL,
  `created_at` timestamp NULL DEFAULT current_timestamp(),
  `updated_at` timestamp NULL DEFAULT NULL ON UPDATE current_timestamp()
) ENGINE=InnoDB DEFAULT CHARSET=utf8mb4 COLLATE=utf8mb4_general_ci;

--
-- Dumping data untuk tabel `pemetaan_akun`
--

INSERT INTO `pemetaan_akun` (`id`, `kategori_jurnal`, `uraian_jurnal`, `id_akun_debit`, `id_akun_kredit`, `created_at`, `updated_at`) VALUES
(1, 'DUM', 'akum penyusutan investasi komputer', 1, 9, '2025-04-10 07:55:10', NULL),
(2, 'DUM', 'akum.penyust barang invest mebeler', 1, 9, '2025-04-10 07:55:10', NULL),
(3, 'DUM', 'akum.penyusutan inventaris gedung', 1, 11, '2025-04-10 07:55:10', NULL),
(4, 'DUM', 'angsuran pinjaman', 1, 3, '2025-04-10 07:55:10', NULL),
(5, 'DUM', 'cap(cad. aktiva prodoktif)', 1, 15, '2025-04-10 07:55:10', NULL),
(6, 'DUM', 'denda', 1, 29, '2025-04-10 07:55:10', NULL),
(7, 'DUM', 'fe (anggota keluar)', 1, 30, '2025-04-10 07:55:10', NULL),
(8, 'DUM', 'fe% (profisi) 1%', 1, 28, '2025-04-10 07:55:10', NULL),
(9, 'DUM', 'jasa piutang', 1, 27, '2025-04-10 07:55:10', NULL),
(10, 'DUM', 'penyisihan data rat', 1, 16, '2025-04-10 07:55:10', NULL),
(11, 'DUM', 'penyisihan pemilihan pengurus', 1, 16, '2025-04-10 07:55:10', NULL),
(12, 'DUM', 'pinjaman dari bpd', 1, 16, '2025-04-10 07:55:10', NULL),
(13, 'DUM', 're (resiko) 0,5%', 1, 15, '2025-04-10 07:55:10', NULL),
(14, 'DUM', 's jasa non saham', 1, 14, '2025-04-10 07:55:10', NULL),
(15, 'DUM', 's non saham', 1, 14, '2025-04-10 07:55:10', NULL),
(16, 'DUM', 'SP', 1, 13, '2025-04-10 07:55:10', NULL),
(17, 'DUM', 'SS', 1, 14, '2025-04-10 07:55:10', NULL),
(18, 'DUM', 'SW', 1, 14, '2025-04-10 07:55:10', NULL),
(19, 'DUM', 'swp', 1, 14, '2025-04-10 07:55:10', NULL),
(20, 'DUM', 'tarik dari bank', 1, 2, '2025-04-10 07:55:10', NULL),
(21, 'DUM', 'titip dana kesejahteraan', 1, 19, '2025-04-10 07:55:10', NULL),
(22, 'DUM', 'titipan tunj pesangon karyawan', 1, 21, '2025-04-10 07:55:10', NULL),
(23, 'DUM', 'uang pangkal', 1, 13, '2025-04-10 07:55:10', NULL),
(24, 'DUK', 'angsuran pinjaman ke bpd', 16, 1, '2025-04-10 07:55:10', NULL),
(25, 'DUK', 'by administrasi/pajak bank', 34, 1, '2025-04-10 07:55:10', NULL),
(26, 'DUK', 'by bensin', 39, 1, '2025-04-10 07:55:10', NULL),
(27, 'DUK', 'by BPJS', 31, 1, '2025-04-10 07:55:10', NULL),
(28, 'DUK', 'by bunga hutang bank', 38, 1, '2025-04-10 07:55:10', NULL),
(29, 'DUK', 'by gaji karyawan', 31, 1, '2025-04-10 07:55:10', NULL),
(30, 'DUK', 'by insentip pengurus dan pengawas', 32, 1, '2025-04-10 07:55:10', NULL),
(31, 'DUK', 'by IPTW', 39, 1, '2025-04-10 07:55:10', NULL),
(32, 'DUK', 'by koordinator', 39, 1, '2025-04-10 07:55:10', NULL),
(33, 'DUK', 'by lembur', 31, 1, '2025-04-10 07:55:10', NULL),
(34, 'DUK', 'by minum', 39, 1, '2025-04-10 07:55:10', NULL),
(35, 'DUK', 'by non saham', 39, 1, '2025-04-10 07:55:10', NULL),
(36, 'DUK', 'by organisasi', 39, 1, '2025-04-10 07:55:10', NULL),
(37, 'DUK', 'by pajak listrik', 33, 1, '2025-04-10 07:55:10', NULL),
(38, 'DUK', 'by pajak wifi', 33, 1, '2025-04-10 07:55:10', NULL),
(39, 'DUK', 'by pemilihan pengawas/pengurus', 39, 1, '2025-04-10 07:55:10', NULL),
(40, 'DUK', 'by penjaga/kebersihan', 31, 1, '2025-04-10 07:55:10', NULL),
(41, 'DUK', 'by penyish dana rat', 16, 1, '2025-04-10 07:55:10', NULL),
(42, 'DUK', 'by penyust komputer', 36, 1, '2025-04-10 07:55:10', NULL),
(43, 'DUK', 'by penyusutan bangunan', 37, 1, '2025-04-10 07:55:10', NULL),
(44, 'DUK', 'by penyusutan inventaris mebeler', 36, 1, '2025-04-10 07:55:10', NULL),
(45, 'DUK', 'by tunjangan anak', 31, 1, '2025-04-10 07:55:10', NULL),
(46, 'DUK', 'by tunjangan istri', 31, 1, '2025-04-10 07:55:10', NULL),
(47, 'DUK', 'by. administrasi', 34, 1, '2025-04-10 07:55:10', NULL),
(48, 'DUK', 'cap(cad aktiva produktif)', 15, 1, '2025-04-10 07:55:10', NULL),
(49, 'DUK', 'penyish dana kesejahteraan', 19, 1, '2025-04-10 07:55:10', NULL),
(50, 'DUK', 'penyish tunj pengsiun karyawan', 21, 1, '2025-04-10 07:55:10', NULL),
(51, 'DUK', 'pinjaman anggota', 3, 1, '2025-04-10 07:55:10', NULL),
(52, 'DUK', 'simpanan di bank', 2, 1, '2025-04-10 07:55:10', NULL),
(53, 'DUK', 'tarik dana karyawan', 21, 1, '2025-04-10 07:55:10', NULL),
(54, 'DUK', 'tarik dana kesejahteraan', 19, 1, '2025-04-10 07:55:10', NULL),
(55, 'DUK', 'tarik dana pengurus', 20, 1, '2025-04-10 07:55:10', NULL),
(56, 'DUK', 'tarik dana sosial', 18, 1, '2025-04-10 07:55:10', NULL),
(57, 'DUK', 'tarik jasa simpanan non saham', 14, 1, '2025-04-10 07:55:10', NULL),
(58, 'DUK', 'tarik shu', 23, 1, '2025-04-10 07:55:10', NULL),
(59, 'DUK', 'tarik simp non saham', 14, 1, '2025-04-10 07:55:10', NULL),
(60, 'DUK', 'tarik sp', 13, 1, '2025-04-10 07:55:10', NULL),
(61, 'DUK', 'tarik ss', 14, 1, '2025-04-10 07:55:10', NULL),
(62, 'DUK', 'tarik sw', 14, 1, '2025-04-10 07:55:10', NULL),
(63, 'DUK', 'tarik swp', 14, 1, '2025-04-10 07:55:10', NULL),
(64, 'DUK', 'tarik titiapn dana rat', 16, 1, '2025-04-10 07:55:10', NULL),
(65, 'DUM', 'default', 1, 30, '2025-04-10 01:30:26', '2025-04-10 01:30:26'),
(66, 'DUK', 'default', 40, 1, '2025-04-10 01:30:26', '2025-04-10 01:30:26');

-- --------------------------------------------------------

--
-- Struktur dari tabel `saldo_akun`
--

CREATE TABLE `saldo_akun` (
  `id` int(11) NOT NULL,
  `id_akun` int(11) NOT NULL,
  `bulan` int(2) NOT NULL,
  `tahun` int(4) NOT NULL,
  `saldo_awal` decimal(15,2) NOT NULL DEFAULT 0.00,
  `total_debit` decimal(15,2) NOT NULL DEFAULT 0.00,
  `total_kredit` decimal(15,2) NOT NULL DEFAULT 0.00,
  `saldo_akhir` decimal(15,2) NOT NULL DEFAULT 0.00,
  `created_at` timestamp NULL DEFAULT current_timestamp(),
  `updated_at` timestamp NULL DEFAULT NULL ON UPDATE current_timestamp()
) ENGINE=InnoDB DEFAULT CHARSET=utf8mb4 COLLATE=utf8mb4_general_ci;

--
-- Dumping data untuk tabel `saldo_akun`
--

INSERT INTO `saldo_akun` (`id`, `id_akun`, `bulan`, `tahun`, `saldo_awal`, `total_debit`, `total_kredit`, `saldo_akhir`, `created_at`, `updated_at`) VALUES
(131, 1, 1, 2025, 0.00, 1651194450.00, 1762683153.00, -111488703.00, '2025-04-10 08:43:49', NULL),
(132, 2, 1, 2025, 0.00, 598020000.00, 300000000.00, 298020000.00, '2025-04-10 08:43:49', NULL),
(133, 3, 1, 2025, 0.00, 645000000.00, 451788000.00, 193212000.00, '2025-04-10 08:43:49', NULL),
(134, 4, 1, 2025, 0.00, 0.00, 0.00, 0.00, '2025-04-10 08:43:49', NULL),
(135, 5, 1, 2025, 0.00, 0.00, 0.00, 0.00, '2025-04-10 08:43:49', NULL),
(136, 6, 1, 2025, 0.00, 0.00, 0.00, 0.00, '2025-04-10 08:43:49', NULL),
(137, 7, 1, 2025, 0.00, 0.00, 0.00, 0.00, '2025-04-10 08:43:49', NULL),
(138, 8, 1, 2025, 0.00, 0.00, 0.00, 0.00, '2025-04-10 08:43:49', NULL),
(139, 9, 1, 2025, 0.00, 0.00, 1050000.00, 1050000.00, '2025-04-10 08:43:49', NULL),
(140, 10, 1, 2025, 0.00, 0.00, 0.00, 0.00, '2025-04-10 08:43:49', NULL),
(141, 11, 1, 2025, 0.00, 0.00, 1500000.00, 1500000.00, '2025-04-10 08:43:49', NULL),
(142, 12, 1, 2025, 0.00, 0.00, 0.00, 0.00, '2025-04-10 08:43:49', NULL),
(143, 13, 1, 2025, 0.00, 90000.00, 240000.00, 150000.00, '2025-04-10 08:43:49', NULL),
(144, 14, 1, 2025, 0.00, 206564550.00, 178240350.00, -28324200.00, '2025-04-10 08:43:49', NULL),
(145, 15, 1, 2025, 0.00, 1500000.00, 4725000.00, 3225000.00, '2025-04-10 08:43:49', NULL),
(146, 16, 1, 2025, 0.00, 97675155.00, 604350000.00, 506674845.00, '2025-04-10 08:43:49', NULL),
(147, 17, 1, 2025, 0.00, 0.00, 0.00, 0.00, '2025-04-10 08:43:49', NULL),
(148, 18, 1, 2025, 0.00, 150000.00, 0.00, -150000.00, '2025-04-10 08:43:49', NULL),
(149, 19, 1, 2025, 0.00, 73500000.00, 7500000.00, -66000000.00, '2025-04-10 08:43:49', NULL),
(150, 20, 1, 2025, 0.00, 37500000.00, 0.00, -37500000.00, '2025-04-10 08:43:49', NULL),
(151, 21, 1, 2025, 0.00, 19800000.00, 900000.00, -18900000.00, '2025-04-10 08:43:49', NULL),
(152, 22, 1, 2025, 0.00, 0.00, 0.00, 0.00, '2025-04-10 08:43:49', NULL),
(153, 23, 1, 2025, 0.00, 6641400.00, 0.00, -6641400.00, '2025-04-10 08:43:49', NULL),
(154, 24, 1, 2025, 0.00, 0.00, 0.00, 0.00, '2025-04-10 08:43:49', NULL),
(155, 25, 1, 2025, 0.00, 0.00, 0.00, 0.00, '2025-04-10 08:43:49', NULL),
(156, 26, 1, 2025, 0.00, 0.00, 0.00, 0.00, '2025-04-10 08:43:49', NULL),
(157, 27, 1, 2025, 0.00, 0.00, 93311100.00, 93311100.00, '2025-04-10 08:43:49', NULL),
(158, 28, 1, 2025, 0.00, 0.00, 6450000.00, 6450000.00, '2025-04-10 08:43:49', NULL),
(159, 29, 1, 2025, 0.00, 0.00, 1050000.00, 1050000.00, '2025-04-10 08:43:49', NULL),
(160, 30, 1, 2025, 0.00, 0.00, 90000.00, 90000.00, '2025-04-10 08:43:49', NULL),
(161, 31, 1, 2025, 0.00, 48514083.00, 0.00, 48514083.00, '2025-04-10 08:43:49', NULL),
(162, 32, 1, 2025, 0.00, 9600000.00, 0.00, 9600000.00, '2025-04-10 08:43:49', NULL),
(163, 33, 1, 2025, 0.00, 975000.00, 0.00, 975000.00, '2025-04-10 08:43:49', NULL),
(164, 34, 1, 2025, 0.00, 2437500.00, 0.00, 2437500.00, '2025-04-10 08:43:49', NULL),
(165, 35, 1, 2025, 0.00, 0.00, 0.00, 0.00, '2025-04-10 08:43:49', NULL),
(166, 36, 1, 2025, 0.00, 1050000.00, 0.00, 1050000.00, '2025-04-10 08:43:49', NULL),
(167, 37, 1, 2025, 0.00, 1500000.00, 0.00, 1500000.00, '2025-04-10 08:43:49', NULL),
(168, 38, 1, 2025, 0.00, 405465.00, 0.00, 405465.00, '2025-04-10 08:43:49', NULL),
(169, 39, 1, 2025, 0.00, 11760000.00, 0.00, 11760000.00, '2025-04-10 08:43:49', NULL),
(170, 40, 1, 2025, 0.00, 0.00, 0.00, 0.00, '2025-04-10 08:43:49', NULL);

-- --------------------------------------------------------

--
-- Struktur dari tabel `transaksi_pinjaman`
--

CREATE TABLE `transaksi_pinjaman` (
  `id_pinjaman` int(11) UNSIGNED NOT NULL,
  `id_anggota` int(11) UNSIGNED NOT NULL,
  `tanggal_pinjaman` date NOT NULL,
  `jumlah_pinjaman` decimal(10,2) NOT NULL,
  `jangka_waktu` int(3) NOT NULL,
  `jaminan` varchar(255) DEFAULT NULL,
  `status` enum('aktif','lunas') NOT NULL DEFAULT 'aktif',
  `created_at` datetime DEFAULT NULL,
  `updated_at` datetime DEFAULT NULL
) ENGINE=InnoDB DEFAULT CHARSET=utf8mb4 COLLATE=utf8mb4_general_ci;

--
-- Dumping data untuk tabel `transaksi_pinjaman`
--

INSERT INTO `transaksi_pinjaman` (`id_pinjaman`, `id_anggota`, `tanggal_pinjaman`, `jumlah_pinjaman`, `jangka_waktu`, `jaminan`, `status`, `created_at`, `updated_at`) VALUES
(9, 3, '2025-03-20', 1000000.00, 10, 'ktp', 'aktif', '2025-03-20 15:25:10', '2025-03-20 15:25:10'),
(10, 4, '2025-03-21', 1000000.00, 10, 'ktp', 'aktif', '2025-03-21 07:08:05', '2025-03-21 07:08:05');

-- --------------------------------------------------------

--
-- Struktur dari tabel `transaksi_simpanan`
--

CREATE TABLE `transaksi_simpanan` (
  `id_simpanan` int(11) UNSIGNED NOT NULL,
  `id_anggota` int(11) UNSIGNED NOT NULL,
  `id_pinjaman` int(11) UNSIGNED DEFAULT NULL,
  `tanggal` date NOT NULL,
  `setor_sw` decimal(10,2) NOT NULL DEFAULT 0.00,
  `tarik_sw` decimal(10,2) NOT NULL DEFAULT 0.00,
  `setor_swp` decimal(10,2) NOT NULL DEFAULT 0.00,
  `tarik_swp` decimal(10,2) NOT NULL DEFAULT 0.00,
  `setor_ss` decimal(10,2) NOT NULL DEFAULT 0.00,
  `tarik_ss` decimal(10,2) NOT NULL DEFAULT 0.00,
  `setor_sp` decimal(10,2) NOT NULL DEFAULT 0.00,
  `tarik_sp` decimal(10,2) NOT NULL DEFAULT 0.00,
  `created_at` datetime DEFAULT NULL,
  `updated_at` datetime DEFAULT NULL
) ENGINE=InnoDB DEFAULT CHARSET=utf8mb4 COLLATE=utf8mb4_general_ci;

--
-- Dumping data untuk tabel `transaksi_simpanan`
--

INSERT INTO `transaksi_simpanan` (`id_simpanan`, `id_anggota`, `id_pinjaman`, `tanggal`, `setor_sw`, `tarik_sw`, `setor_swp`, `tarik_swp`, `setor_ss`, `tarik_ss`, `setor_sp`, `tarik_sp`, `created_at`, `updated_at`) VALUES
(6, 3, NULL, '2025-03-20', 75000.00, 0.00, 0.00, 0.00, 5000.00, 0.00, 10000.00, 0.00, '2025-03-20 00:13:49', '2025-03-20 00:13:49'),
(7, 4, NULL, '2025-03-20', 75000.00, 0.00, 0.00, 0.00, 5000.00, 0.00, 10000.00, 0.00, '2025-03-20 00:13:49', '2025-03-20 00:13:49'),
(15, 3, 9, '2025-03-20', 0.00, 0.00, 25000.00, 0.00, 0.00, 0.00, 0.00, 0.00, '2025-03-20 15:25:10', '2025-03-20 15:25:10'),
(21, 4, 10, '2025-03-21', 0.00, 0.00, 25000.00, 0.00, 0.00, 0.00, 0.00, 0.00, '2025-03-21 07:08:05', '2025-03-21 07:08:05'),
(22, 3, NULL, '2025-03-22', 5000.00, 0.00, 0.00, 0.00, 10000.00, 0.00, 0.00, 0.00, '2025-03-22 01:26:56', '2025-03-22 01:26:56');

-- --------------------------------------------------------

--
-- Struktur dari tabel `users`
--

CREATE TABLE `users` (
  `id_user` int(11) UNSIGNED NOT NULL,
  `nama` varchar(100) NOT NULL,
  `email` varchar(100) NOT NULL,
  `password` varchar(255) NOT NULL,
  `role` enum('admin','karyawan') NOT NULL DEFAULT 'karyawan',
  `status` enum('aktif','nonaktif') NOT NULL DEFAULT 'aktif',
  `deleted_at` datetime DEFAULT NULL,
  `created_at` datetime DEFAULT NULL,
  `updated_at` datetime DEFAULT NULL
) ENGINE=InnoDB DEFAULT CHARSET=utf8mb4 COLLATE=utf8mb4_general_ci;

--
-- Dumping data untuk tabel `users`
--

INSERT INTO `users` (`id_user`, `nama`, `email`, `password`, `role`, `status`, `deleted_at`, `created_at`, `updated_at`) VALUES
(1, 'Admin Koperasi', 'admin@koperasi.com', '$2y$10$pWJr.4.Y3Ry5YLDPpc7CKOiFtogzypyDg/7BcHI3TqGrRlilbnTlW', 'admin', 'aktif', NULL, '2025-03-19 03:46:22', '2025-03-19 03:46:22'),
(2, 'Karyawan Koperasi', 'karyawan@koperasi.com', '$2y$10$jsbfCGzzd8zZ0Cdu9FvI2O.0F.TtQunUp2zyAMmYSXp0ZwCei0kCK', 'karyawan', 'aktif', NULL, '2025-03-19 03:46:22', '2025-03-19 03:46:22');

--
-- Indexes for dumped tables
--

--
-- Indeks untuk tabel `akun`
--
ALTER TABLE `akun`
  ADD PRIMARY KEY (`id`),
  ADD UNIQUE KEY `kode_akun` (`kode_akun`);

--
-- Indeks untuk tabel `akun_keuangan`
--
ALTER TABLE `akun_keuangan`
  ADD PRIMARY KEY (`id_akun`),
  ADD UNIQUE KEY `kode_akun` (`kode_akun`);

--
-- Indeks untuk tabel `anggota`
--
ALTER TABLE `anggota`
  ADD PRIMARY KEY (`id_anggota`),
  ADD UNIQUE KEY `no_ba` (`no_ba`),
  ADD UNIQUE KEY `nik` (`nik`);

--
-- Indeks untuk tabel `angsuran`
--
ALTER TABLE `angsuran`
  ADD PRIMARY KEY (`id_angsuran`),
  ADD KEY `angsuran_id_pinjaman_foreign` (`id_pinjaman`);

--
-- Indeks untuk tabel `buku_besar`
--
ALTER TABLE `buku_besar`
  ADD PRIMARY KEY (`id`),
  ADD KEY `id_akun` (`id_akun`),
  ADD KEY `id_jurnal` (`id_jurnal`);

--
-- Indeks untuk tabel `detail_neraca`
--
ALTER TABLE `detail_neraca`
  ADD PRIMARY KEY (`id_detail`),
  ADD KEY `detail_neraca_id_neraca_awal_foreign` (`id_neraca_awal`),
  ADD KEY `detail_neraca_id_kategori_foreign` (`id_kategori`);

--
-- Indeks untuk tabel `jenis_simpanan`
--
ALTER TABLE `jenis_simpanan`
  ADD PRIMARY KEY (`id_jenis_simpanan`);

--
-- Indeks untuk tabel `jurnal_kas`
--
ALTER TABLE `jurnal_kas`
  ADD PRIMARY KEY (`id`);

--
-- Indeks untuk tabel `kategori_neraca`
--
ALTER TABLE `kategori_neraca`
  ADD PRIMARY KEY (`id_kategori`);

--
-- Indeks untuk tabel `keuangan_koperasi`
--
ALTER TABLE `keuangan_koperasi`
  ADD PRIMARY KEY (`id_keuangan`),
  ADD KEY `keuangan_koperasi_id_anggota_foreign` (`id_anggota`);

--
-- Indeks untuk tabel `migrations`
--
ALTER TABLE `migrations`
  ADD PRIMARY KEY (`id`);

--
-- Indeks untuk tabel `neraca_awal`
--
ALTER TABLE `neraca_awal`
  ADD PRIMARY KEY (`id_neraca_awal`);

--
-- Indeks untuk tabel `pemetaan_akun`
--
ALTER TABLE `pemetaan_akun`
  ADD PRIMARY KEY (`id`),
  ADD UNIQUE KEY `kategori_uraian` (`kategori_jurnal`,`uraian_jurnal`),
  ADD KEY `id_akun_debit` (`id_akun_debit`),
  ADD KEY `id_akun_kredit` (`id_akun_kredit`);

--
-- Indeks untuk tabel `saldo_akun`
--
ALTER TABLE `saldo_akun`
  ADD PRIMARY KEY (`id`),
  ADD UNIQUE KEY `id_akun_bulan_tahun` (`id_akun`,`bulan`,`tahun`);

--
-- Indeks untuk tabel `transaksi_pinjaman`
--
ALTER TABLE `transaksi_pinjaman`
  ADD PRIMARY KEY (`id_pinjaman`),
  ADD KEY `transaksi_pinjaman_id_anggota_foreign` (`id_anggota`);

--
-- Indeks untuk tabel `transaksi_simpanan`
--
ALTER TABLE `transaksi_simpanan`
  ADD PRIMARY KEY (`id_simpanan`),
  ADD KEY `transaksi_simpanan_id_anggota_foreign` (`id_anggota`),
  ADD KEY `transaksi_simpanan_id_pinjaman_foreign` (`id_pinjaman`);

--
-- Indeks untuk tabel `users`
--
ALTER TABLE `users`
  ADD PRIMARY KEY (`id_user`),
  ADD UNIQUE KEY `email` (`email`);

--
-- AUTO_INCREMENT untuk tabel yang dibuang
--

--
-- AUTO_INCREMENT untuk tabel `akun`
--
ALTER TABLE `akun`
  MODIFY `id` int(11) NOT NULL AUTO_INCREMENT, AUTO_INCREMENT=42;

--
-- AUTO_INCREMENT untuk tabel `akun_keuangan`
--
ALTER TABLE `akun_keuangan`
  MODIFY `id_akun` int(11) NOT NULL AUTO_INCREMENT;

--
-- AUTO_INCREMENT untuk tabel `anggota`
--
ALTER TABLE `anggota`
  MODIFY `id_anggota` int(11) UNSIGNED NOT NULL AUTO_INCREMENT, AUTO_INCREMENT=5;

--
-- AUTO_INCREMENT untuk tabel `angsuran`
--
ALTER TABLE `angsuran`
  MODIFY `id_angsuran` int(11) UNSIGNED NOT NULL AUTO_INCREMENT, AUTO_INCREMENT=23;

--
-- AUTO_INCREMENT untuk tabel `buku_besar`
--
ALTER TABLE `buku_besar`
  MODIFY `id` int(11) NOT NULL AUTO_INCREMENT, AUTO_INCREMENT=1537;

--
-- AUTO_INCREMENT untuk tabel `detail_neraca`
--
ALTER TABLE `detail_neraca`
  MODIFY `id_detail` int(11) UNSIGNED NOT NULL AUTO_INCREMENT;

--
-- AUTO_INCREMENT untuk tabel `jenis_simpanan`
--
ALTER TABLE `jenis_simpanan`
  MODIFY `id_jenis_simpanan` int(11) UNSIGNED NOT NULL AUTO_INCREMENT, AUTO_INCREMENT=5;

--
-- AUTO_INCREMENT untuk tabel `jurnal_kas`
--
ALTER TABLE `jurnal_kas`
  MODIFY `id` int(11) UNSIGNED NOT NULL AUTO_INCREMENT, AUTO_INCREMENT=257;

--
-- AUTO_INCREMENT untuk tabel `kategori_neraca`
--
ALTER TABLE `kategori_neraca`
  MODIFY `id_kategori` int(11) UNSIGNED NOT NULL AUTO_INCREMENT;

--
-- AUTO_INCREMENT untuk tabel `keuangan_koperasi`
--
ALTER TABLE `keuangan_koperasi`
  MODIFY `id_keuangan` int(11) UNSIGNED NOT NULL AUTO_INCREMENT;

--
-- AUTO_INCREMENT untuk tabel `migrations`
--
ALTER TABLE `migrations`
  MODIFY `id` bigint(20) UNSIGNED NOT NULL AUTO_INCREMENT, AUTO_INCREMENT=12;

--
-- AUTO_INCREMENT untuk tabel `neraca_awal`
--
ALTER TABLE `neraca_awal`
  MODIFY `id_neraca_awal` int(11) UNSIGNED NOT NULL AUTO_INCREMENT;

--
-- AUTO_INCREMENT untuk tabel `pemetaan_akun`
--
ALTER TABLE `pemetaan_akun`
  MODIFY `id` int(11) NOT NULL AUTO_INCREMENT, AUTO_INCREMENT=67;

--
-- AUTO_INCREMENT untuk tabel `saldo_akun`
--
ALTER TABLE `saldo_akun`
  MODIFY `id` int(11) NOT NULL AUTO_INCREMENT, AUTO_INCREMENT=171;

--
-- AUTO_INCREMENT untuk tabel `transaksi_pinjaman`
--
ALTER TABLE `transaksi_pinjaman`
  MODIFY `id_pinjaman` int(11) UNSIGNED NOT NULL AUTO_INCREMENT, AUTO_INCREMENT=11;

--
-- AUTO_INCREMENT untuk tabel `transaksi_simpanan`
--
ALTER TABLE `transaksi_simpanan`
  MODIFY `id_simpanan` int(11) UNSIGNED NOT NULL AUTO_INCREMENT, AUTO_INCREMENT=23;

--
-- AUTO_INCREMENT untuk tabel `users`
--
ALTER TABLE `users`
  MODIFY `id_user` int(11) UNSIGNED NOT NULL AUTO_INCREMENT, AUTO_INCREMENT=3;

--
-- Ketidakleluasaan untuk tabel pelimpahan (Dumped Tables)
--

--
-- Ketidakleluasaan untuk tabel `angsuran`
--
ALTER TABLE `angsuran`
  ADD CONSTRAINT `angsuran_id_pinjaman_foreign` FOREIGN KEY (`id_pinjaman`) REFERENCES `transaksi_pinjaman` (`id_pinjaman`) ON DELETE CASCADE ON UPDATE CASCADE;

--
-- Ketidakleluasaan untuk tabel `buku_besar`
--
ALTER TABLE `buku_besar`
  ADD CONSTRAINT `fk_buku_besar_akun` FOREIGN KEY (`id_akun`) REFERENCES `akun` (`id`) ON DELETE CASCADE ON UPDATE CASCADE;

--
-- Ketidakleluasaan untuk tabel `detail_neraca`
--
ALTER TABLE `detail_neraca`
  ADD CONSTRAINT `detail_neraca_id_kategori_foreign` FOREIGN KEY (`id_kategori`) REFERENCES `kategori_neraca` (`id_kategori`) ON DELETE CASCADE ON UPDATE CASCADE,
  ADD CONSTRAINT `detail_neraca_id_neraca_awal_foreign` FOREIGN KEY (`id_neraca_awal`) REFERENCES `neraca_awal` (`id_neraca_awal`) ON DELETE CASCADE ON UPDATE CASCADE;

--
-- Ketidakleluasaan untuk tabel `keuangan_koperasi`
--
ALTER TABLE `keuangan_koperasi`
  ADD CONSTRAINT `keuangan_koperasi_id_anggota_foreign` FOREIGN KEY (`id_anggota`) REFERENCES `anggota` (`id_anggota`) ON DELETE CASCADE ON UPDATE CASCADE;

--
-- Ketidakleluasaan untuk tabel `pemetaan_akun`
--
ALTER TABLE `pemetaan_akun`
  ADD CONSTRAINT `pemetaan_akun_ibfk_1` FOREIGN KEY (`id_akun_debit`) REFERENCES `akun` (`id`) ON DELETE SET NULL ON UPDATE CASCADE,
  ADD CONSTRAINT `pemetaan_akun_ibfk_2` FOREIGN KEY (`id_akun_kredit`) REFERENCES `akun` (`id`) ON DELETE SET NULL ON UPDATE CASCADE;

--
-- Ketidakleluasaan untuk tabel `saldo_akun`
--
ALTER TABLE `saldo_akun`
  ADD CONSTRAINT `saldo_akun_ibfk_1` FOREIGN KEY (`id_akun`) REFERENCES `akun` (`id`) ON DELETE CASCADE ON UPDATE CASCADE;

--
-- Ketidakleluasaan untuk tabel `transaksi_pinjaman`
--
ALTER TABLE `transaksi_pinjaman`
  ADD CONSTRAINT `transaksi_pinjaman_id_anggota_foreign` FOREIGN KEY (`id_anggota`) REFERENCES `anggota` (`id_anggota`) ON DELETE CASCADE ON UPDATE CASCADE;

--
-- Ketidakleluasaan untuk tabel `transaksi_simpanan`
--
ALTER TABLE `transaksi_simpanan`
  ADD CONSTRAINT `transaksi_simpanan_id_anggota_foreign` FOREIGN KEY (`id_anggota`) REFERENCES `anggota` (`id_anggota`) ON DELETE CASCADE ON UPDATE CASCADE,
  ADD CONSTRAINT `transaksi_simpanan_id_pinjaman_foreign` FOREIGN KEY (`id_pinjaman`) REFERENCES `transaksi_pinjaman` (`id_pinjaman`) ON DELETE CASCADE ON UPDATE CASCADE;
COMMIT;

/*!40101 SET CHARACTER_SET_CLIENT=@OLD_CHARACTER_SET_CLIENT */;
/*!40101 SET CHARACTER_SET_RESULTS=@OLD_CHARACTER_SET_RESULTS */;
/*!40101 SET COLLATION_CONNECTION=@OLD_COLLATION_CONNECTION */;
